{
  "type": "FeatureCollection",
  "features": [
    {
      "type": "Feature",
      "properties": {
        "name": "Appalachian Trail",
        "distance_miles": 1950.36,
        "segment_count": 20,
        "point_count": 10000
      },
      "geometry": {
        "type": "MultiLineString",
        "coordinates": [
          [
            [
              -84.193892,
              34.626688
            ],
            [
              -84.19435,
              34.629713
            ],
            [
              -84.197478,
              34.633202
            ],
            [
              -84.197,
              34.637454
            ],
            [
              -84.192239,
              34.638077
            ],
            [
              -84.191317,
              34.640149
            ],
            [
              -84.1917,
              34.642202
            ],
            [
              -84.190921,
              34.644916
            ],
            [
              -84.192335,
              34.647632
            ],
            [
              -84.193892,
              34.647893
            ],
            [
              -84.195976,
              34.645981
            ],
            [
              -84.198195,
              34.646658
            ],
            [
              -84.197648,
              34.647096
            ],
            [
              -84.198413,
              34.647402
            ],
            [
              -84.198748,
              34.649073
            ],
            [
              -84.199739,
              34.649786
            ],
            [
              -84.197983,
              34.65114
            ],
            [
              -84.197724,
              34.654077
            ],
            [
              -84.19618,
              34.654044
            ],
            [
              -84.195477,
              34.655727
            ],
            [
              -84.192894,
              34.658083
            ],
            [
              -84.184541,
              34.662307
            ],
            [
              -84.183606,
              34.664431
            ],
            [
              -84.180334,
              34.666605
            ],
            [
              -84.176161,
              34.667421
            ],
            [
              -84.173893,
              34.666811
            ],
            [
              -84.168688,
              34.667175
            ],
            [
              -84.166728,
              34.669106
            ],
            [
              -84.165198,
              34.667761
            ],
            [
              -84.162097,
              34.668662
            ],
            [
              -84.160527,
              34.664718
            ],
            [
              -84.159304,
              34.664194
            ],
            [
              -84.157896,
              34.664702
            ],
            [
              -84.153758,
              34.664522
            ],
            [
              -84.151934,
              34.663107
            ],
            [
              -84.149625,
              34.662987
            ],
            [
              -84.147569,
              34.664219
            ],
            [
              -84.144271,
              34.664101
            ],
            [
              -84.1419,
              34.665614
            ],
            [
              -84.138963,
              34.665282
            ],
            [
              -84.138056,
              34.663363
            ],
            [
              -84.136921,
              34.664675
            ],
            [
              -84.135385,
              34.663316
            ],
            [
              -84.130507,
              34.663219
            ],
            [
              -84.125973,
              34.665206
            ],
            [
              -84.125788,
              34.663879
            ],
            [
              -84.119162,
              34.660678
            ],
            [
              -84.117858,
              34.658427
            ],
            [
              -84.113979,
              34.657824
            ],
            [
              -84.109874,
              34.656041
            ],
            [
              -84.106643,
              34.656282
            ],
            [
              -84.104287,
              34.653848
            ],
            [
              -84.102709,
              34.653254
            ],
            [
              -84.103495,
              34.654208
            ],
            [
              -84.102279,
              34.653557
            ],
            [
              -84.102176,
              34.654017
            ],
            [
              -84.100489,
              34.653497
            ],
            [
              -84.095544,
              34.653812
            ],
            [
              -84.093242,
              34.652387
            ],
            [
              -84.091821,
              34.653056
            ],
            [
              -84.088127,
              34.652183
            ],
            [
              -84.08663,
              34.653144
            ],
            [
              -84.082328,
              34.653151
            ],
            [
              -84.082184,
              34.653853
            ],
            [
              -84.080264,
              34.652667
            ],
            [
              -84.080114,
              34.656131
            ],
            [
              -84.078018,
              34.65744
            ],
            [
              -84.075286,
              34.65661
            ],
            [
              -84.069897,
              34.657229
            ],
            [
              -84.068353,
              34.656135
            ],
            [
              -84.068121,
              34.658869
            ],
            [
              -84.065068,
              34.656675
            ],
            [
              -84.06446,
              34.656888
            ],
            [
              -84.063448,
              34.655884
            ],
            [
              -84.061734,
              34.655586
            ],
            [
              -84.056899,
              34.657089
            ],
            [
              -84.056175,
              34.657955
            ],
            [
              -84.053743,
              34.657644
            ],
            [
              -84.051988,
              34.661687
            ],
            [
              -84.047746,
              34.661744
            ],
            [
              -84.047193,
              34.660647
            ],
            [
              -84.048245,
              34.658876
            ],
            [
              -84.046702,
              34.655812
            ],
            [
              -84.044352,
              34.655463
            ],
            [
              -84.042965,
              34.654419
            ],
            [
              -84.041346,
              34.655203
            ],
            [
              -84.037487,
              34.653707
            ],
            [
              -84.036462,
              34.654261
            ],
            [
              -84.035978,
              34.656059
            ],
            [
              -84.034113,
              34.654729
            ],
            [
              -84.032652,
              34.652273
            ],
            [
              -84.031033,
              34.652721
            ],
            [
              -84.028383,
              34.656823
            ],
            [
              -84.028636,
              34.660146
            ],
            [
              -84.027146,
              34.662088
            ],
            [
              -84.028075,
              34.663028
            ],
            [
              -84.027255,
              34.664279
            ],
            [
              -84.029995,
              34.666392
            ],
            [
              -84.027276,
              34.667206
            ],
            [
              -84.024797,
              34.669302
            ],
            [
              -84.021265,
              34.670138
            ],
            [
              -84.018554,
              34.669952
            ],
            [
              -84.016601,
              34.672939
            ],
            [
              -84.010611,
              34.672612
            ],
            [
              -84.009102,
              34.671214
            ],
            [
              -84.007974,
              34.671392
            ],
            [
              -84.005385,
              34.66996
            ],
            [
              -84.003719,
              34.671001
            ],
            [
              -84.004122,
              34.67307
            ],
            [
              -84.001772,
              34.673909
            ],
            [
              -84.00128,
              34.676205
            ],
            [
              -83.999997,
              34.677579
            ],
            [
              -83.996936,
              34.679027
            ],
            [
              -83.998016,
              34.680693
            ],
            [
              -83.997634,
              34.682183
            ],
            [
              -83.99583,
              34.683498
            ],
            [
              -83.995475,
              34.685381
            ],
            [
              -83.994478,
              34.685715
            ],
            [
              -83.995045,
              34.685998
            ],
            [
              -83.992996,
              34.688807
            ],
            [
              -83.992122,
              34.693094
            ],
            [
              -83.991295,
              34.693477
            ],
            [
              -83.992067,
              34.696103
            ],
            [
              -83.989874,
              34.698399
            ],
            [
              -83.986288,
              34.700191
            ],
            [
              -83.987074,
              34.701499
            ],
            [
              -83.985694,
              34.701986
            ],
            [
              -83.983946,
              34.704832
            ],
            [
              -83.98413,
              34.707142
            ],
            [
              -83.985332,
              34.707148
            ],
            [
              -83.984649,
              34.709635
            ],
            [
              -83.983379,
              34.709945
            ],
            [
              -83.983024,
              34.713102
            ],
            [
              -83.981023,
              34.715546
            ],
            [
              -83.977129,
              34.715484
            ],
            [
              -83.975374,
              34.71865
            ],
            [
              -83.973503,
              34.718308
            ],
            [
              -83.972417,
              34.718808
            ],
            [
              -83.971351,
              34.72197
            ],
            [
              -83.970251,
              34.722247
            ],
            [
              -83.971959,
              34.722884
            ],
            [
              -83.967874,
              34.724259
            ],
            [
              -83.96295,
              34.728194
            ],
            [
              -83.963209,
              34.729233
            ],
            [
              -83.953975,
              34.731662
            ],
            [
              -83.952452,
              34.735198
            ],
            [
              -83.95045,
              34.73538
            ],
            [
              -83.945704,
              34.740988
            ],
            [
              -83.944256,
              34.740764
            ],
            [
              -83.943648,
              34.74143
            ],
            [
              -83.944508,
              34.743196
            ],
            [
              -83.944228,
              34.745988
            ],
            [
              -83.942917,
              34.742814
            ],
            [
              -83.942814,
              34.74365
            ],
            [
              -83.941469,
              34.741825
            ],
            [
              -83.941175,
              34.742353
            ],
            [
              -83.940075,
              34.740516
            ],
            [
              -83.939618,
              34.741422
            ],
            [
              -83.939187,
              34.740587
            ],
            [
              -83.939037,
              34.741041
            ],
            [
              -83.936571,
              34.73935
            ],
            [
              -83.935909,
              34.735876
            ],
            [
              -83.936728,
              34.735558
            ],
            [
              -83.936305,
              34.734764
            ],
            [
              -83.934973,
              34.735296
            ],
            [
              -83.934153,
              34.737338
            ],
            [
              -83.933075,
              34.737803
            ],
            [
              -83.933307,
              34.737238
            ],
            [
              -83.931948,
              34.738279
            ],
            [
              -83.931517,
              34.737581
            ],
            [
              -83.931012,
              34.738177
            ],
            [
              -83.930964,
              34.736013
            ],
            [
              -83.927241,
              34.735118
            ],
            [
              -83.925151,
              34.736842
            ],
            [
              -83.923567,
              34.736513
            ],
            [
              -83.922146,
              34.738846
            ],
            [
              -83.920172,
              34.738589
            ],
            [
              -83.918232,
              34.735
            ],
            [
              -83.91619,
              34.735103
            ],
            [
              -83.916197,
              34.734617
            ],
            [
              -83.912455,
              34.734217
            ],
            [
              -83.910098,
              34.73673
            ],
            [
              -83.908499,
              34.735506
            ],
            [
              -83.907584,
              34.732459
            ],
            [
              -83.904456,
              34.731123
            ],
            [
              -83.900747,
              34.732032
            ],
            [
              -83.896315,
              34.729419
            ],
            [
              -83.896574,
              34.728872
            ],
            [
              -83.895987,
              34.729013
            ],
            [
              -83.896376,
              34.728348
            ],
            [
              -83.894081,
              34.725838
            ],
            [
              -83.889252,
              34.725506
            ],
            [
              -83.884792,
              34.726779
            ],
            [
              -83.879321,
              34.723173
            ],
            [
              -83.8776,
              34.723324
            ],
            [
              -83.875141,
              34.725286
            ],
            [
              -83.870544,
              34.727062
            ],
            [
              -83.863892,
              34.726133
            ],
            [
              -83.86217,
              34.723922
            ],
            [
              -83.860271,
              34.723264
            ],
            [
              -83.859063,
              34.723594
            ],
            [
              -83.856392,
              34.721592
            ],
            [
              -83.856262,
              34.722884
            ],
            [
              -83.853564,
              34.723376
            ],
            [
              -83.85308,
              34.724093
            ],
            [
              -83.853694,
              34.724799
            ],
            [
              -83.850402,
              34.724786
            ],
            [
              -83.846809,
              34.72618
            ],
            [
              -83.845997,
              34.725757
            ],
            [
              -83.844405,
              34.726387
            ],
            [
              -83.843981,
              34.725791
            ],
            [
              -83.843695,
              34.726198
            ],
            [
              -83.840286,
              34.724728
            ],
            [
              -83.839084,
              34.725222
            ],
            [
              -83.839842,
              34.726113
            ],
            [
              -83.837527,
              34.728668
            ],
            [
              -83.832965,
              34.729392
            ],
            [
              -83.829966,
              34.730789
            ],
            [
              -83.829727,
              34.73664
            ],
            [
              -83.826742,
              34.743068
            ],
            [
              -83.826114,
              34.749848
            ],
            [
              -83.828374,
              34.753942
            ],
            [
              -83.828361,
              34.756378
            ],
            [
              -83.83002,
              34.759039
            ],
            [
              -83.828962,
              34.76136
            ],
            [
              -83.829208,
              34.763356
            ],
            [
              -83.830943,
              34.766222
            ],
            [
              -83.828805,
              34.768638
            ],
            [
              -83.828682,
              34.771232
            ],
            [
              -83.826257,
              34.773943
            ],
            [
              -83.82705,
              34.775011
            ],
            [
              -83.826298,
              34.776575
            ],
            [
              -83.823347,
              34.777328
            ],
            [
              -83.820602,
              34.780051
            ],
            [
              -83.81968,
              34.779993
            ],
            [
              -83.818703,
              34.781481
            ],
            [
              -83.817282,
              34.78162
            ],
            [
              -83.818054,
              34.78367
            ],
            [
              -83.814837,
              34.78715
            ],
            [
              -83.810206,
              34.794268
            ],
            [
              -83.809837,
              34.79367
            ],
            [
              -83.80772,
              34.793649
            ],
            [
              -83.808553,
              34.795426
            ],
            [
              -83.807795,
              34.795986
            ],
            [
              -83.80925,
              34.798096
            ],
            [
              -83.808676,
              34.79977
            ],
            [
              -83.80677,
              34.801166
            ],
            [
              -83.804824,
              34.80145
            ],
            [
              -83.8069,
              34.803063
            ],
            [
              -83.805931,
              34.80405
            ],
            [
              -83.808335,
              34.805614
            ],
            [
              -83.809715,
              34.804753
            ],
            [
              -83.811115,
              34.806956
            ],
            [
              -83.810507,
              34.807833
            ],
            [
              -83.81078,
              34.810299
            ],
            [
              -83.806094,
              34.81223
            ],
            [
              -83.805972,
              34.814868
            ],
            [
              -83.804585,
              34.81736
            ],
            [
              -83.797817,
              34.821131
            ],
            [
              -83.796054,
              34.823089
            ],
            [
              -83.79324,
              34.822458
            ],
            [
              -83.79143,
              34.823315
            ],
            [
              -83.78419,
              34.820851
            ],
            [
              -83.781349,
              34.821137
            ],
            [
              -83.778849,
              34.822215
            ],
            [
              -83.777374,
              34.821852
            ],
            [
              -83.777435,
              34.818162
            ],
            [
              -83.773364,
              34.816628
            ],
            [
              -83.770605,
              34.81727
            ],
            [
              -83.769491,
              34.816581
            ],
            [
              -83.767422,
              34.81674
            ],
            [
              -83.763317,
              34.814639
            ],
            [
              -83.761487,
              34.814712
            ],
            [
              -83.757976,
              34.812671
            ],
            [
              -83.754581,
              34.812557
            ],
            [
              -83.752784,
              34.808708
            ],
            [
              -83.751255,
              34.808321
            ],
            [
              -83.748202,
              34.805361
            ],
            [
              -83.746986,
              34.805781
            ],
            [
              -83.746009,
              34.805323
            ],
            [
              -83.743933,
              34.80064
            ],
            [
              -83.743264,
              34.802284
            ],
            [
              -83.742813,
              34.80135
            ],
            [
              -83.739971,
              34.802807
            ],
            [
              -83.738551,
              34.80239
            ],
            [
              -83.739159,
              34.802201
            ],
            [
              -83.735477,
              34.80184
            ],
            [
              -83.73433,
              34.803285
            ],
            [
              -83.732226,
              34.803936
            ],
            [
              -83.73213,
              34.799533
            ],
            [
              -83.727199,
              34.797591
            ],
            [
              -83.722384,
              34.798109
            ],
            [
              -83.720594,
              34.794484
            ],
            [
              -83.719337,
              34.794828
            ],
            [
              -83.71569,
              34.79296
            ],
            [
              -83.708484,
              34.791931
            ],
            [
              -83.706264,
              34.793013
            ],
            [
              -83.702207,
              34.79338
            ],
            [
              -83.700595,
              34.792656
            ],
            [
              -83.698225,
              34.793513
            ],
            [
              -83.695883,
              34.792761
            ],
            [
              -83.695247,
              34.794434
            ],
            [
              -83.690746,
              34.799322
            ],
            [
              -83.689551,
              34.798857
            ],
            [
              -83.689182,
              34.800247
            ],
            [
              -83.688588,
              34.799322
            ],
            [
              -83.685822,
              34.801962
            ],
            [
              -83.684538,
              34.802157
            ],
            [
              -83.685118,
              34.801339
            ],
            [
              -83.681942,
              34.800758
            ],
            [
              -83.67852,
              34.802778
            ],
            [
              -83.669361,
              34.805822
            ],
            [
              -83.665153,
              34.808551
            ],
            [
              -83.663685,
              34.810737
            ],
            [
              -83.658767,
              34.813283
            ],
            [
              -83.658692,
              34.814551
            ],
            [
              -83.653262,
              34.821836
            ],
            [
              -83.653884,
              34.823925
            ],
            [
              -83.656267,
              34.825433
            ],
            [
              -83.658678,
              34.830009
            ],
            [
              -83.657736,
              34.831488
            ],
            [
              -83.659218,
              34.833628
            ],
            [
              -83.658938,
              34.837812
            ],
            [
              -83.661178,
              34.843672
            ],
            [
              -83.66096,
              34.847082
            ],
            [
              -83.660229,
              34.848015
            ],
            [
              -83.660953,
              34.850063
            ],
            [
              -83.659676,
              34.851272
            ],
            [
              -83.660584,
              34.852717
            ],
            [
              -83.659751,
              34.856616
            ],
            [
              -83.658378,
              34.857631
            ],
            [
              -83.658214,
              34.859829
            ],
            [
              -83.656848,
              34.860217
            ],
            [
              -83.655632,
              34.864756
            ],
            [
              -83.6568,
              34.867851
            ],
            [
              -83.656295,
              34.871159
            ],
            [
              -83.657265,
              34.872263
            ],
            [
              -83.654532,
              34.876016
            ],
            [
              -83.654464,
              34.878323
            ],
            [
              -83.650673,
              34.881655
            ],
            [
              -83.650161,
              34.883893
            ],
            [
              -83.648174,
              34.884908
            ],
            [
              -83.644164,
              34.891213
            ],
            [
              -83.63898,
              34.892815
            ],
            [
              -83.637061,
              34.892541
            ],
            [
              -83.631979,
              34.893988
            ],
            [
              -83.630251,
              34.892213
            ],
            [
              -83.627662,
              34.900132
            ],
            [
              -83.628407,
              34.901134
            ],
            [
              -83.627396,
              34.900845
            ],
            [
              -83.626549,
              34.905952
            ],
            [
              -83.623687,
              34.90841
            ],
            [
              -83.619767,
              34.909028
            ],
            [
              -83.619084,
              34.912191
            ],
            [
              -83.617321,
              34.913415
            ],
            [
              -83.614453,
              34.912798
            ],
            [
              -83.611509,
              34.913574
            ],
            [
              -83.609487,
              34.912515
            ],
            [
              -83.606919,
              34.912428
            ],
            [
              -83.604378,
              34.91052
            ],
            [
              -83.601974,
              34.912552
            ],
            [
              -83.600635,
              34.91248
            ],
            [
              -83.598232,
              34.915826
            ],
            [
              -83.596005,
              34.916878
            ],
            [
              -83.594932,
              34.919207
            ],
            [
              -83.599994,
              34.925388
            ],
            [
              -83.599775,
              34.928679
            ],
            [
              -83.602001,
              34.932404
            ],
            [
              -83.602336,
              34.937431
            ],
            [
              -83.601585,
              34.938639
            ],
            [
              -83.599474,
              34.939475
            ],
            [
              -83.598416,
              34.941296
            ],
            [
              -83.594686,
              34.94161
            ],
            [
              -83.590486,
              34.946611
            ],
            [
              -83.590445,
              34.94882
            ],
            [
              -83.587958,
              34.950831
            ],
            [
              -83.590424,
              34.951547
            ],
            [
              -83.594386,
              34.954253
            ],
            [
              -83.593894,
              34.956249
            ],
            [
              -83.597111,
              34.959553
            ],
            [
              -83.596134,
              34.961837
            ],
            [
              -83.597268,
              34.961961
            ],
            [
              -83.594126,
              34.963782
            ],
            [
              -83.592952,
              34.965966
            ],
            [
              -83.594802,
              34.967429
            ],
            [
              -83.593901,
              34.970773
            ],
            [
              -83.595779,
              34.976407
            ],
            [
              -83.597064,
              34.977198
            ],
            [
              -83.597186,
              34.980134
            ],
            [
              -83.598511,
              34.982483
            ],
            [
              -83.597295,
              34.984339
            ],
            [
              -83.59942,
              34.986786
            ],
            [
              -83.598744,
              34.99215
            ],
            [
              -83.600164,
              34.993114
            ],
            [
              -83.600014,
              34.994133
            ],
            [
              -83.597753,
              34.99406
            ],
            [
              -83.593164,
              34.996317
            ],
            [
              -83.588813,
              35.000358
            ],
            [
              -83.587685,
              35.000326
            ],
            [
              -83.586825,
              35.001681
            ],
            [
              -83.584441,
              35.002676
            ],
            [
              -83.584332,
              35.006827
            ],
            [
              -83.582706,
              35.007905
            ],
            [
              -83.582897,
              35.012838
            ],
            [
              -83.580425,
              35.013614
            ],
            [
              -83.581627,
              35.016421
            ],
            [
              -83.580746,
              35.017155
            ],
            [
              -83.581634,
              35.017834
            ],
            [
              -83.581334,
              35.021721
            ],
            [
              -83.579052,
              35.023235
            ],
            [
              -83.578294,
              35.024603
            ],
            [
              -83.574968,
              35.026165
            ],
            [
              -83.573806,
              35.026044
            ],
            [
              -83.57132,
              35.027264
            ],
            [
              -83.571887,
              35.029695
            ],
            [
              -83.567768,
              35.030974
            ],
            [
              -83.564169,
              35.033752
            ],
            [
              -83.561669,
              35.036926
            ],
            [
              -83.561369,
              35.040137
            ],
            [
              -83.562844,
              35.042064
            ],
            [
              -83.562721,
              35.043973
            ],
            [
              -83.565166,
              35.046009
            ],
            [
              -83.563848,
              35.048984
            ],
            [
              -83.561512,
              35.048522
            ],
            [
              -83.561082,
              35.046929
            ],
            [
              -83.559647,
              35.046943
            ],
            [
              -83.558384,
              35.045113
            ],
            [
              -83.55891,
              35.043962
            ],
            [
              -83.556847,
              35.041163
            ],
            [
              -83.552708,
              35.039484
            ],
            [
              -83.551636,
              35.042328
            ],
            [
              -83.549621,
              35.042269
            ],
            [
              -83.548439,
              35.043945
            ],
            [
              -83.547476,
              35.04217
            ],
            [
              -83.548207,
              35.040363
            ],
            [
              -83.547538,
              35.039148
            ],
            [
              -83.546178,
              35.039459
            ],
            [
              -83.545823,
              35.040361
            ],
            [
              -83.542982,
              35.040808
            ],
            [
              -83.544799,
              35.038913
            ],
            [
              -83.54404,
              35.037196
            ],
            [
              -83.544,
              35.038452
            ],
            [
              -83.542866,
              35.039233
            ],
            [
              -83.543289,
              35.038498
            ],
            [
              -83.542763,
              35.038775
            ],
            [
              -83.542845,
              35.03782
            ],
            [
              -83.540741,
              35.036636
            ],
            [
              -83.537108,
              35.036293
            ],
            [
              -83.536343,
              35.031858
            ],
            [
              -83.530448,
              35.025539
            ],
            [
              -83.523113,
              35.019686
            ],
            [
              -83.519445,
              35.018103
            ],
            [
              -83.520367,
              35.016468
            ],
            [
              -83.521877,
              35.016054
            ],
            [
              -83.521644,
              35.015304
            ],
            [
              -83.522164,
              35.01568
            ],
            [
              -83.522751,
              35.013063
            ],
            [
              -83.521706,
              35.012596
            ],
            [
              -83.521385,
              35.013107
            ],
            [
              -83.520996,
              35.011538
            ],
            [
              -83.522238,
              35.011706
            ],
            [
              -83.522922,
              35.010488
            ],
            [
              -83.524438,
              35.010777
            ],
            [
              -83.525749,
              35.010105
            ],
            [
              -83.52549,
              35.007789
            ],
            [
              -83.523236,
              35.006538
            ],
            [
              -83.519876,
              35.007202
            ],
            [
              -83.519684,
              35.005868
            ],
            [
              -83.518851,
              35.005479
            ],
            [
              -83.517902,
              35.007196
            ],
            [
              -83.516986,
              35.007474
            ],
            [
              -83.515914,
              35.005092
            ],
            [
              -83.513435,
              35.007564
            ],
            [
              -83.512451,
              35.006928
            ],
            [
              -83.512076,
              35.007414
            ],
            [
              -83.510381,
              35.005315
            ],
            [
              -83.50879,
              35.005262
            ],
            [
              -83.509179,
              35.004553
            ],
            [
              -83.507506,
              35.002339
            ],
            [
              -83.504357,
              35.000707
            ],
            [
              -83.501775,
              35.003714
            ],
            [
              -83.499426,
              35.003215
            ],
            [
              -83.496298,
              35.00028
            ],
            [
              -83.493682,
              34.999207
            ],
            [
              -83.48931,
              35.001954
            ],
            [
              -83.488464,
              35.001234
            ],
            [
              -83.487384,
              35.002253
            ],
            [
              -83.487938,
              35.002814
            ],
            [
              -83.486885,
              35.007255
            ],
            [
              -83.486107,
              35.007557
            ],
            [
              -83.484078,
              35.004432
            ],
            [
              -83.482323,
              35.003346
            ],
            [
              -83.479796,
              35.012155
            ],
            [
              -83.480192,
              35.013672
            ],
            [
              -83.477931,
              35.017649
            ],
            [
              -83.477316,
              35.020388
            ],
            [
              -83.478949,
              35.02264
            ],
            [
              -83.478621,
              35.023742
            ],
            [
              -83.480595,
              35.02466
            ],
            [
              -83.482296,
              35.024237
            ]
          ],
          [
            [
              -83.481476,
              35.025541
            ],
            [
              -83.479277,
              35.025838
            ],
            [
              -83.478498,
              35.02738
            ],
            [
              -83.479427,
              35.028032
            ],
            [
              -83.477119,
              35.028404
            ],
            [
              -83.474209,
              35.032793
            ],
            [
              -83.472535,
              35.032529
            ],
            [
              -83.470042,
              35.035372
            ],
            [
              -83.471334,
              35.036689
            ],
            [
              -83.471866,
              35.040449
            ],
            [
              -83.470275,
              35.043433
            ],
            [
              -83.472016,
              35.047662
            ],
            [
              -83.472822,
              35.047364
            ],
            [
              -83.47343,
              35.050243
            ],
            [
              -83.475821,
              35.050674
            ],
            [
              -83.477631,
              35.052697
            ],
            [
              -83.477207,
              35.055374
            ],
            [
              -83.479065,
              35.056122
            ],
            [
              -83.479618,
              35.057691
            ],
            [
              -83.478013,
              35.058693
            ],
            [
              -83.481674,
              35.062045
            ],
            [
              -83.484222,
              35.061119
            ],
            [
              -83.486032,
              35.061749
            ],
            [
              -83.485902,
              35.062588
            ],
            [
              -83.487419,
              35.063422
            ],
            [
              -83.488641,
              35.066482
            ],
            [
              -83.490075,
              35.066243
            ],
            [
              -83.491708,
              35.067061
            ],
            [
              -83.495048,
              35.066389
            ],
            [
              -83.497404,
              35.068041
            ],
            [
              -83.49612,
              35.067928
            ],
            [
              -83.497001,
              35.069188
            ],
            [
              -83.496598,
              35.071788
            ],
            [
              -83.49808,
              35.072695
            ],
            [
              -83.497623,
              35.073322
            ],
            [
              -83.498709,
              35.074408
            ],
            [
              -83.499993,
              35.074409
            ],
            [
              -83.504009,
              35.078441
            ],
            [
              -83.505805,
              35.077775
            ],
            [
              -83.507048,
              35.079324
            ],
            [
              -83.508141,
              35.079453
            ],
            [
              -83.507554,
              35.079726
            ],
            [
              -83.510156,
              35.07935
            ],
            [
              -83.511987,
              35.080642
            ],
            [
              -83.510921,
              35.081462
            ],
            [
              -83.511379,
              35.082466
            ],
            [
              -83.512683,
              35.082171
            ],
            [
              -83.51588,
              35.08297
            ],
            [
              -83.516365,
              35.08397
            ],
            [
              -83.515771,
              35.084766
            ],
            [
              -83.51642,
              35.085001
            ],
            [
              -83.51603,
              35.085406
            ],
            [
              -83.517424,
              35.087243
            ],
            [
              -83.520094,
              35.087304
            ],
            [
              -83.521132,
              35.08818
            ],
            [
              -83.520736,
              35.087701
            ],
            [
              -83.521412,
              35.08713
            ],
            [
              -83.523399,
              35.090427
            ],
            [
              -83.522567,
              35.091426
            ],
            [
              -83.522942,
              35.093064
            ],
            [
              -83.521392,
              35.095983
            ],
            [
              -83.522826,
              35.097539
            ],
            [
              -83.525415,
              35.09706
            ],
            [
              -83.530107,
              35.101284
            ],
            [
              -83.528618,
              35.101074
            ],
            [
              -83.531268,
              35.103741
            ],
            [
              -83.534082,
              35.103874
            ],
            [
              -83.53441,
              35.107062
            ],
            [
              -83.536069,
              35.10822
            ],
            [
              -83.53566,
              35.109407
            ],
            [
              -83.536629,
              35.110827
            ],
            [
              -83.539471,
              35.112264
            ],
            [
              -83.543672,
              35.112527
            ],
            [
              -83.544198,
              35.113812
            ],
            [
              -83.547039,
              35.115384
            ],
            [
              -83.544608,
              35.116634
            ],
            [
              -83.546329,
              35.117276
            ],
            [
              -83.545707,
              35.119326
            ],
            [
              -83.546868,
              35.118197
            ],
            [
              -83.547626,
              35.118387
            ],
            [
              -83.547537,
              35.119351
            ],
            [
              -83.54833,
              35.119641
            ],
            [
              -83.547155,
              35.120429
            ],
            [
              -83.547722,
              35.121582
            ],
            [
              -83.547025,
              35.121575
            ],
            [
              -83.54846,
              35.123074
            ],
            [
              -83.549061,
              35.121667
            ],
            [
              -83.552449,
              35.120874
            ],
            [
              -83.555215,
              35.121181
            ],
            [
              -83.554928,
              35.122023
            ],
            [
              -83.556888,
              35.122577
            ],
            [
              -83.558036,
              35.120835
            ],
            [
              -83.558104,
              35.122995
            ],
            [
              -83.559538,
              35.124353
            ],
            [
              -83.558227,
              35.124122
            ],
            [
              -83.557414,
              35.124736
            ],
            [
              -83.557578,
              35.126815
            ],
            [
              -83.555884,
              35.12768
            ],
            [
              -83.553978,
              35.131997
            ],
            [
              -83.555044,
              35.134893
            ],
            [
              -83.558418,
              35.135054
            ],
            [
              -83.559408,
              35.136216
            ],
            [
              -83.558978,
              35.137589
            ],
            [
              -83.56031,
              35.139161
            ],
            [
              -83.562667,
              35.138437
            ],
            [
              -83.565296,
              35.138627
            ],
            [
              -83.56615,
              35.139896
            ],
            [
              -83.568561,
              35.140879
            ],
            [
              -83.57227,
              35.139775
            ],
            [
              -83.571908,
              35.14067
            ],
            [
              -83.570487,
              35.141232
            ],
            [
              -83.570972,
              35.141853
            ],
            [
              -83.5763,
              35.142116
            ],
            [
              -83.577993,
              35.143912
            ],
            [
              -83.581928,
              35.146156
            ],
            [
              -83.5872,
              35.147098
            ],
            [
              -83.582542,
              35.147996
            ],
            [
              -83.581046,
              35.150865
            ],
            [
              -83.580097,
              35.150756
            ],
            [
              -83.579967,
              35.153621
            ],
            [
              -83.580883,
              35.154424
            ],
            [
              -83.578014,
              35.15645
            ],
            [
              -83.577037,
              35.160575
            ],
            [
              -83.578861,
              35.164982
            ],
            [
              -83.58175,
              35.165279
            ],
            [
              -83.584503,
              35.164736
            ],
            [
              -83.584619,
              35.166946
            ],
            [
              -83.582494,
              35.168724
            ],
            [
              -83.582556,
              35.170391
            ],
            [
              -83.585691,
              35.170739
            ],
            [
              -83.584639,
              35.171568
            ],
            [
              -83.58453,
              35.173517
            ],
            [
              -83.583396,
              35.173924
            ],
            [
              -83.582249,
              35.176718
            ],
            [
              -83.580643,
              35.176687
            ],
            [
              -83.580452,
              35.174688
            ],
            [
              -83.579332,
              35.174221
            ],
            [
              -83.576484,
              35.17468
            ],
            [
              -83.576019,
              35.174181
            ],
            [
              -83.573711,
              35.174786
            ],
            [
              -83.571914,
              35.176731
            ],
            [
              -83.570685,
              35.176111
            ],
            [
              -83.56212,
              35.178972
            ],
            [
              -83.560604,
              35.180516
            ],
            [
              -83.56128,
              35.181461
            ],
            [
              -83.562755,
              35.181311
            ],
            [
              -83.563452,
              35.182982
            ],
            [
              -83.561034,
              35.184385
            ],
            [
              -83.562127,
              35.185275
            ],
            [
              -83.561615,
              35.187417
            ],
            [
              -83.564217,
              35.188131
            ],
            [
              -83.563595,
              35.193604
            ],
            [
              -83.562134,
              35.194482
            ],
            [
              -83.562134,
              35.197049
            ],
            [
              -83.562953,
              35.198397
            ],
            [
              -83.565262,
              35.199588
            ],
            [
              -83.567864,
              35.202728
            ],
            [
              -83.567099,
              35.203993
            ],
            [
              -83.56839,
              35.204013
            ],
            [
              -83.56755,
              35.205083
            ],
            [
              -83.568302,
              35.206832
            ],
            [
              -83.567803,
              35.206482
            ],
            [
              -83.568165,
              35.210199
            ],
            [
              -83.566341,
              35.210409
            ],
            [
              -83.566205,
              35.211672
            ],
            [
              -83.563793,
              35.213397
            ],
            [
              -83.563131,
              35.215755
            ],
            [
              -83.567236,
              35.219217
            ],
            [
              -83.562728,
              35.218136
            ],
            [
              -83.562817,
              35.219899
            ],
            [
              -83.562127,
              35.220348
            ],
            [
              -83.562543,
              35.2229
            ],
            [
              -83.565146,
              35.224363
            ],
            [
              -83.565453,
              35.226396
            ],
            [
              -83.56729,
              35.228561
            ],
            [
              -83.568452,
              35.228942
            ],
            [
              -83.566997,
              35.229949
            ],
            [
              -83.559668,
              35.230969
            ],
            [
              -83.557783,
              35.233188
            ],
            [
              -83.561628,
              35.236246
            ],
            [
              -83.55947,
              35.237919
            ],
            [
              -83.559204,
              35.242105
            ],
            [
              -83.560638,
              35.242573
            ],
            [
              -83.560214,
              35.243244
            ],
            [
              -83.561819,
              35.245941
            ],
            [
              -83.563821,
              35.246255
            ],
            [
              -83.564183,
              35.248593
            ],
            [
              -83.565365,
              35.250121
            ],
            [
              -83.568424,
              35.250766
            ],
            [
              -83.568978,
              35.252102
            ],
            [
              -83.568151,
              35.252608
            ],
            [
              -83.56878,
              35.257688
            ],
            [
              -83.567905,
              35.258828
            ],
            [
              -83.57048,
              35.260885
            ],
            [
              -83.569401,
              35.262616
            ],
            [
              -83.571423,
              35.264915
            ],
            [
              -83.571225,
              35.266981
            ],
            [
              -83.572078,
              35.266472
            ],
            [
              -83.572386,
              35.268187
            ],
            [
              -83.573643,
              35.268538
            ],
            [
              -83.573602,
              35.269589
            ],
            [
              -83.574579,
              35.269463
            ],
            [
              -83.574449,
              35.270615
            ],
            [
              -83.575528,
              35.271827
            ],
            [
              -83.578048,
              35.270567
            ],
            [
              -83.577133,
              35.271491
            ],
            [
              -83.577235,
              35.274082
            ],
            [
              -83.578451,
              35.274049
            ],
            [
              -83.57714,
              35.275939
            ],
            [
              -83.577857,
              35.276431
            ],
            [
              -83.577071,
              35.276619
            ],
            [
              -83.579517,
              35.278847
            ],
            [
              -83.579079,
              35.279379
            ],
            [
              -83.580125,
              35.279332
            ],
            [
              -83.580083,
              35.279959
            ],
            [
              -83.581142,
              35.280106
            ],
            [
              -83.581839,
              35.281407
            ],
            [
              -83.580992,
              35.281114
            ],
            [
              -83.582925,
              35.283369
            ],
            [
              -83.59136,
              35.28272
            ],
            [
              -83.592726,
              35.283982
            ],
            [
              -83.595192,
              35.283843
            ],
            [
              -83.597138,
              35.287905
            ],
            [
              -83.594481,
              35.290484
            ],
            [
              -83.593396,
              35.294653
            ],
            [
              -83.594878,
              35.298493
            ],
            [
              -83.592514,
              35.300935
            ],
            [
              -83.591162,
              35.301257
            ],
            [
              -83.590561,
              35.302588
            ],
            [
              -83.591066,
              35.303611
            ],
            [
              -83.589468,
              35.304026
            ],
            [
              -83.585671,
              35.309106
            ],
            [
              -83.588437,
              35.313053
            ],
            [
              -83.587719,
              35.317366
            ],
            [
              -83.587269,
              35.317103
            ],
            [
              -83.586388,
              35.321724
            ],
            [
              -83.587337,
              35.321401
            ],
            [
              -83.586859,
              35.322324
            ],
            [
              -83.587973,
              35.323673
            ],
            [
              -83.588935,
              35.323382
            ],
            [
              -83.592576,
              35.325726
            ],
            [
              -83.591121,
              35.328416
            ],
            [
              -83.592262,
              35.328732
            ],
            [
              -83.592392,
              35.329879
            ],
            [
              -83.590813,
              35.331504
            ],
            [
              -83.592016,
              35.331248
            ],
            [
              -83.593491,
              35.333012
            ],
            [
              -83.594973,
              35.332933
            ],
            [
              -83.596428,
              35.334774
            ],
            [
              -83.600137,
              35.333286
            ],
            [
              -83.600792,
              35.334877
            ],
            [
              -83.601319,
              35.334699
            ],
            [
              -83.601373,
              35.336674
            ],
            [
              -83.601906,
              35.336509
            ],
            [
              -83.601387,
              35.338296
            ],
            [
              -83.602008,
              35.340198
            ],
            [
              -83.603675,
              35.340103
            ],
            [
              -83.604488,
              35.340733
            ],
            [
              -83.607165,
              35.34086
            ],
            [
              -83.607179,
              35.341621
            ],
            [
              -83.610088,
              35.340639
            ],
            [
              -83.613702,
              35.345081
            ],
            [
              -83.616878,
              35.345966
            ],
            [
              -83.626973,
              35.344333
            ],
            [
              -83.629726,
              35.342345
            ],
            [
              -83.632027,
              35.342087
            ],
            [
              -83.63411,
              35.340726
            ],
            [
              -83.634937,
              35.341686
            ],
            [
              -83.63926,
              35.341111
            ],
            [
              -83.641214,
              35.342056
            ],
            [
              -83.640025,
              35.340741
            ],
            [
              -83.63717,
              35.339776
            ],
            [
              -83.639363,
              35.338689
            ],
            [
              -83.64331,
              35.339454
            ],
            [
              -83.651507,
              35.336544
            ],
            [
              -83.655045,
              35.336606
            ],
            [
              -83.657722,
              35.334906
            ],
            [
              -83.660331,
              35.335018
            ],
            [
              -83.66766,
              35.331154
            ],
            [
              -83.667961,
              35.327805
            ],
            [
              -83.668883,
              35.327364
            ],
            [
              -83.677899,
              35.328
            ],
            [
              -83.682495,
              35.324417
            ],
            [
              -83.68505,
              35.324132
            ],
            [
              -83.686457,
              35.325086
            ],
            [
              -83.686211,
              35.324463
            ],
            [
              -83.687079,
              35.324666
            ],
            [
              -83.689879,
              35.328723
            ],
            [
              -83.692474,
              35.328496
            ],
            [
              -83.693533,
              35.32918
            ],
            [
              -83.693553,
              35.328641
            ],
            [
              -83.701046,
              35.329734
            ],
            [
              -83.703075,
              35.331013
            ],
            [
              -83.706695,
              35.33082
            ],
            [
              -83.707275,
              35.331431
            ],
            [
              -83.704844,
              35.332042
            ],
            [
              -83.703758,
              35.333973
            ],
            [
              -83.70468,
              35.335761
            ],
            [
              -83.703553,
              35.335431
            ],
            [
              -83.704946,
              35.337439
            ],
            [
              -83.70718,
              35.338883
            ],
            [
              -83.709229,
              35.338742
            ],
            [
              -83.710014,
              35.340248
            ],
            [
              -83.709119,
              35.341888
            ],
            [
              -83.709393,
              35.343685
            ],
            [
              -83.712487,
              35.347615
            ],
            [
              -83.713368,
              35.352643
            ],
            [
              -83.717391,
              35.353023
            ],
            [
              -83.719379,
              35.352361
            ],
            [
              -83.717971,
              35.354881
            ],
            [
              -83.72041,
              35.353465
            ],
            [
              -83.717459,
              35.356533
            ],
            [
              -83.717589,
              35.357812
            ],
            [
              -83.717083,
              35.357438
            ],
            [
              -83.718299,
              35.358817
            ],
            [
              -83.716284,
              35.361665
            ],
            [
              -83.714727,
              35.367327
            ],
            [
              -83.716141,
              35.371495
            ],
            [
              -83.719597,
              35.372544
            ],
            [
              -83.72196,
              35.37421
            ],
            [
              -83.734275,
              35.372943
            ],
            [
              -83.735156,
              35.371735
            ],
            [
              -83.736905,
              35.371155
            ],
            [
              -83.737287,
              35.370317
            ],
            [
              -83.744438,
              35.371329
            ],
            [
              -83.745756,
              35.373464
            ],
            [
              -83.748742,
              35.375433
            ],
            [
              -83.754233,
              35.376399
            ],
            [
              -83.753372,
              35.382476
            ],
            [
              -83.758762,
              35.386521
            ],
            [
              -83.760899,
              35.387092
            ],
            [
              -83.759704,
              35.389186
            ],
            [
              -83.766028,
              35.395983
            ],
            [
              -83.765141,
              35.397615
            ],
            [
              -83.763741,
              35.397365
            ],
            [
              -83.761651,
              35.40167
            ],
            [
              -83.762757,
              35.402341
            ],
            [
              -83.762149,
              35.403402
            ],
            [
              -83.763126,
              35.404052
            ],
            [
              -83.763351,
              35.405342
            ],
            [
              -83.765025,
              35.405601
            ],
            [
              -83.767272,
              35.404678
            ],
            [
              -83.768932,
              35.406257
            ],
            [
              -83.765919,
              35.407415
            ],
            [
              -83.76566,
              35.409021
            ],
            [
              -83.764717,
              35.409685
            ],
            [
              -83.766131,
              35.411601
            ],
            [
              -83.770912,
              35.413103
            ],
            [
              -83.77081,
              35.414662
            ],
            [
              -83.773747,
              35.414142
            ],
            [
              -83.77333,
              35.415476
            ],
            [
              -83.770824,
              35.416372
            ],
            [
              -83.775086,
              35.418223
            ],
            [
              -83.779388,
              35.417694
            ],
            [
              -83.77792,
              35.420033
            ],
            [
              -83.778801,
              35.420876
            ],
            [
              -83.783077,
              35.4205
            ],
            [
              -83.790447,
              35.42352
            ],
            [
              -83.795965,
              35.423731
            ],
            [
              -83.80257,
              35.421993
            ],
            [
              -83.803998,
              35.423186
            ],
            [
              -83.802679,
              35.425118
            ],
            [
              -83.801539,
              35.424886
            ],
            [
              -83.79768,
              35.431219
            ],
            [
              -83.796607,
              35.431857
            ],
            [
              -83.798984,
              35.431669
            ],
            [
              -83.798103,
              35.433017
            ],
            [
              -83.795262,
              35.433885
            ],
            [
              -83.799797,
              35.435321
            ],
            [
              -83.799578,
              35.436009
            ],
            [
              -83.797447,
              35.436108
            ],
            [
              -83.795753,
              35.437395
            ],
            [
              -83.79628,
              35.438721
            ],
            [
              -83.794811,
              35.438366
            ],
            [
              -83.793322,
              35.439428
            ],
            [
              -83.793944,
              35.44068
            ],
            [
              -83.795904,
              35.441777
            ],
            [
              -83.794155,
              35.443106
            ],
            [
              -83.792441,
              35.443006
            ],
            [
              -83.790242,
              35.445152
            ],
            [
              -83.791922,
              35.446666
            ],
            [
              -83.793022,
              35.446429
            ],
            [
              -83.796471,
              35.448348
            ],
            [
              -83.796703,
              35.449277
            ],
            [
              -83.802796,
              35.45273
            ],
            [
              -83.808178,
              35.452436
            ],
            [
              -83.810466,
              35.45451
            ],
            [
              -83.808683,
              35.456859
            ],
            [
              -83.809489,
              35.458647
            ],
            [
              -83.812324,
              35.461204
            ],
            [
              -83.811511,
              35.462838
            ],
            [
              -83.813696,
              35.464387
            ],
            [
              -83.81203,
              35.464334
            ],
            [
              -83.812877,
              35.464895
            ],
            [
              -83.812159,
              35.46527
            ],
            [
              -83.813662,
              35.465891
            ],
            [
              -83.81121,
              35.46908
            ],
            [
              -83.81007,
              35.46935
            ],
            [
              -83.810725,
              35.471766
            ],
            [
              -83.809783,
              35.472511
            ],
            [
              -83.810582,
              35.47293
            ],
            [
              -83.809981,
              35.473938
            ],
            [
              -83.810493,
              35.474201
            ],
            [
              -83.808806,
              35.478638
            ],
            [
              -83.809448,
              35.478973
            ],
            [
              -83.807467,
              35.480659
            ],
            [
              -83.808226,
              35.480801
            ],
            [
              -83.809817,
              35.484361
            ],
            [
              -83.812754,
              35.484445
            ],
            [
              -83.814502,
              35.483465
            ],
            [
              -83.815875,
              35.483956
            ],
            [
              -83.816729,
              35.483575
            ],
            [
              -83.818621,
              35.484178
            ],
            [
              -83.816388,
              35.484991
            ],
            [
              -83.815165,
              35.487656
            ],
            [
              -83.815964,
              35.490402
            ],
            [
              -83.813109,
              35.496208
            ],
            [
              -83.814011,
              35.50066
            ],
            [
              -83.81246,
              35.501832
            ],
            [
              -83.812808,
              35.502705
            ],
            [
              -83.810753,
              35.506554
            ],
            [
              -83.810438,
              35.513808
            ],
            [
              -83.813007,
              35.51597
            ],
            [
              -83.814209,
              35.520146
            ],
            [
              -83.816237,
              35.521219
            ],
            [
              -83.818635,
              35.524085
            ],
            [
              -83.820431,
              35.524163
            ],
            [
              -83.821093,
              35.525709
            ],
            [
              -83.815746,
              35.529639
            ],
            [
              -83.812487,
              35.53052
            ],
            [
              -83.808601,
              35.534711
            ],
            [
              -83.808157,
              35.53787
            ],
            [
              -83.803328,
              35.539562
            ],
            [
              -83.803007,
              35.539175
            ],
            [
              -83.802659,
              35.539958
            ],
            [
              -83.800972,
              35.539812
            ],
            [
              -83.799572,
              35.537993
            ],
            [
              -83.800329,
              35.536538
            ],
            [
              -83.798561,
              35.53826
            ],
            [
              -83.79951,
              35.541304
            ],
            [
              -83.800323,
              35.541657
            ],
            [
              -83.79882,
              35.541771
            ],
            [
              -83.794722,
              35.545622
            ],
            [
              -83.78615,
              35.548034
            ],
            [
              -83.78503,
              35.549432
            ],
            [
              -83.780591,
              35.550643
            ],
            [
              -83.781506,
              35.551525
            ],
            [
              -83.779225,
              35.551598
            ],
            [
              -83.778507,
              35.553244
            ],
            [
              -83.779272,
              35.552927
            ],
            [
              -83.77887,
              35.553986
            ],
            [
              -83.776212,
              35.554131
            ],
            [
              -83.775522,
              35.553493
            ],
            [
              -83.776062,
              35.554943
            ],
            [
              -83.774826,
              35.556535
            ],
            [
              -83.772688,
              35.557562
            ],
            [
              -83.772408,
              35.559876
            ],
            [
              -83.771172,
              35.561036
            ],
            [
              -83.766541,
              35.561827
            ],
            [
              -83.765106,
              35.56122
            ],
            [
              -83.755633,
              35.564238
            ],
            [
              -83.751091,
              35.562911
            ],
            [
              -83.750838,
              35.561765
            ],
            [
              -83.748612,
              35.561293
            ],
            [
              -83.748748,
              35.560594
            ],
            [
              -83.747157,
              35.559378
            ],
            [
              -83.742423,
              35.563424
            ],
            [
              -83.735702,
              35.565118
            ],
            [
              -83.732383,
              35.56365
            ],
            [
              -83.728476,
              35.56398
            ],
            [
              -83.726878,
              35.562601
            ],
            [
              -83.72263,
              35.562174
            ],
            [
              -83.721892,
              35.562982
            ],
            [
              -83.717773,
              35.564143
            ],
            [
              -83.713969,
              35.564107
            ],
            [
              -83.712036,
              35.566636
            ],
            [
              -83.709522,
              35.566749
            ],
            [
              -83.705513,
              35.56927
            ],
            [
              -83.700035,
              35.567904
            ],
            [
              -83.699783,
              35.569025
            ],
            [
              -83.699291,
              35.568644
            ],
            [
              -83.694271,
              35.570374
            ],
            [
              -83.694018,
              35.569397
            ],
            [
              -83.689428,
              35.56897
            ],
            [
              -83.688499,
              35.568225
            ],
            [
              -83.686997,
              35.568826
            ],
            [
              -83.686102,
              35.568445
            ],
            [
              -83.676116,
              35.570283
            ],
            [
              -83.673145,
              35.569247
            ],
            [
              -83.66656,
              35.569735
            ],
            [
              -83.660372,
              35.56848
            ],
            [
              -83.657859,
              35.569727
            ],
            [
              -83.654307,
              35.569763
            ],
            [
              -83.652299,
              35.568333
            ],
            [
              -83.646323,
              35.566729
            ],
            [
              -83.644868,
              35.565716
            ],
            [
              -83.641938,
              35.566506
            ],
            [
              -83.640039,
              35.566225
            ],
            [
              -83.636378,
              35.567211
            ],
            [
              -83.632409,
              35.569792
            ]
          ],
          [
            [
              -83.629971,
              35.56869
            ],
            [
              -83.627307,
              35.568655
            ],
            [
              -83.621659,
              35.572323
            ],
            [
              -83.615723,
              35.573594
            ],
            [
              -83.608456,
              35.579938
            ],
            [
              -83.602139,
              35.579085
            ],
            [
              -83.599918,
              35.577382
            ],
            [
              -83.598559,
              35.575086
            ],
            [
              -83.595793,
              35.574895
            ],
            [
              -83.594967,
              35.573624
            ],
            [
              -83.59166,
              35.571629
            ],
            [
              -83.591046,
              35.569098
            ],
            [
              -83.587993,
              35.567496
            ],
            [
              -83.58608,
              35.563587
            ],
            [
              -83.584489,
              35.562864
            ],
            [
              -83.581402,
              35.562858
            ],
            [
              -83.579482,
              35.563794
            ],
            [
              -83.574817,
              35.56395
            ],
            [
              -83.572987,
              35.565438
            ],
            [
              -83.566894,
              35.5642
            ],
            [
              -83.564736,
              35.56618
            ],
            [
              -83.559217,
              35.564571
            ],
            [
              -83.556321,
              35.565079
            ],
            [
              -83.550625,
              35.563451
            ],
            [
              -83.5493,
              35.564161
            ],
            [
              -83.53984,
              35.565607
            ],
            [
              -83.53846,
              35.564886
            ],
            [
              -83.532655,
              35.564321
            ],
            [
              -83.529007,
              35.565024
            ],
            [
              -83.525743,
              35.564775
            ],
            [
              -83.521262,
              35.565689
            ],
            [
              -83.516624,
              35.562376
            ],
            [
              -83.512895,
              35.563072
            ],
            [
              -83.507178,
              35.561812
            ],
            [
              -83.500047,
              35.562667
            ],
            [
              -83.498572,
              35.56341
            ],
            [
              -83.497718,
              35.562891
            ],
            [
              -83.497465,
              35.564041
            ],
            [
              -83.493463,
              35.56681
            ],
            [
              -83.485923,
              35.567933
            ],
            [
              -83.485096,
              35.568576
            ],
            [
              -83.485786,
              35.569209
            ],
            [
              -83.482651,
              35.572415
            ],
            [
              -83.483498,
              35.572177
            ],
            [
              -83.482535,
              35.574479
            ],
            [
              -83.481831,
              35.574144
            ],
            [
              -83.480295,
              35.578318
            ],
            [
              -83.478375,
              35.579527
            ],
            [
              -83.479318,
              35.582545
            ],
            [
              -83.478867,
              35.58326
            ],
            [
              -83.474304,
              35.585021
            ],
            [
              -83.472344,
              35.586675
            ],
            [
              -83.474175,
              35.590786
            ],
            [
              -83.47261,
              35.590304
            ],
            [
              -83.468772,
              35.590708
            ],
            [
              -83.467543,
              35.591551
            ],
            [
              -83.46298,
              35.592473
            ],
            [
              -83.46341,
              35.593932
            ],
            [
              -83.461908,
              35.596211
            ],
            [
              -83.460323,
              35.596237
            ],
            [
              -83.459893,
              35.597816
            ],
            [
              -83.455972,
              35.598261
            ],
            [
              -83.456505,
              35.600146
            ],
            [
              -83.455255,
              35.602084
            ],
            [
              -83.451041,
              35.604318
            ],
            [
              -83.449531,
              35.60735
            ],
            [
              -83.447523,
              35.608727
            ],
            [
              -83.448083,
              35.608527
            ],
            [
              -83.446717,
              35.60965
            ],
            [
              -83.447318,
              35.610505
            ],
            [
              -83.445154,
              35.610754
            ],
            [
              -83.443781,
              35.612019
            ],
            [
              -83.438043,
              35.6112
            ],
            [
              -83.434717,
              35.612097
            ],
            [
              -83.433685,
              35.611065
            ],
            [
              -83.431049,
              35.610587
            ],
            [
              -83.429239,
              35.6117
            ],
            [
              -83.427306,
              35.61169
            ],
            [
              -83.426985,
              35.612282
            ],
            [
              -83.425114,
              35.610965
            ],
            [
              -83.42077,
              35.610807
            ],
            [
              -83.419916,
              35.613456
            ],
            [
              -83.416241,
              35.614767
            ],
            [
              -83.413898,
              35.616448
            ],
            [
              -83.412437,
              35.6165
            ],
            [
              -83.412334,
              35.617998
            ],
            [
              -83.409773,
              35.618343
            ],
            [
              -83.407936,
              35.62
            ],
            [
              -83.404725,
              35.621064
            ],
            [
              -83.397834,
              35.621968
            ],
            [
              -83.392991,
              35.624897
            ],
            [
              -83.390662,
              35.628359
            ],
            [
              -83.388859,
              35.629686
            ],
            [
              -83.386339,
              35.629766
            ],
            [
              -83.38711,
              35.631154
            ],
            [
              -83.386127,
              35.633504
            ],
            [
              -83.378408,
              35.635115
            ],
            [
              -83.376749,
              35.636781
            ],
            [
              -83.372521,
              35.638413
            ],
            [
              -83.368977,
              35.638172
            ],
            [
              -83.367316,
              35.638977
            ],
            [
              -83.36371,
              35.643017
            ],
            [
              -83.361756,
              35.643154
            ],
            [
              -83.362166,
              35.643585
            ],
            [
              -83.360841,
              35.645687
            ],
            [
              -83.358341,
              35.647638
            ],
            [
              -83.358772,
              35.64902
            ],
            [
              -83.356682,
              35.649822
            ],
            [
              -83.355862,
              35.651675
            ],
            [
              -83.35785,
              35.656213
            ],
            [
              -83.355671,
              35.655749
            ],
            [
              -83.353957,
              35.656916
            ],
            [
              -83.352994,
              35.659648
            ],
            [
              -83.351334,
              35.661327
            ],
            [
              -83.350077,
              35.660721
            ],
            [
              -83.344989,
              35.661366
            ],
            [
              -83.34311,
              35.662777
            ],
            [
              -83.343377,
              35.664058
            ],
            [
              -83.341341,
              35.666329
            ],
            [
              -83.338937,
              35.663579
            ],
            [
              -83.334771,
              35.665073
            ],
            [
              -83.321008,
              35.662096
            ],
            [
              -83.31346,
              35.655788
            ],
            [
              -83.312811,
              35.654128
            ],
            [
              -83.310926,
              35.654042
            ],
            [
              -83.309663,
              35.653062
            ],
            [
              -83.308754,
              35.65508
            ],
            [
              -83.299486,
              35.65734
            ],
            [
              -83.297423,
              35.657023
            ],
            [
              -83.297546,
              35.657627
            ],
            [
              -83.294684,
              35.660181
            ],
            [
              -83.294391,
              35.661374
            ],
            [
              -83.293305,
              35.661875
            ],
            [
              -83.293872,
              35.665021
            ],
            [
              -83.292355,
              35.666028
            ],
            [
              -83.291071,
              35.669244
            ],
            [
              -83.293318,
              35.673329
            ],
            [
              -83.288619,
              35.675109
            ],
            [
              -83.283858,
              35.674489
            ],
            [
              -83.281372,
              35.677689
            ],
            [
              -83.275293,
              35.67883
            ],
            [
              -83.269324,
              35.682235
            ],
            [
              -83.269891,
              35.683315
            ],
            [
              -83.269228,
              35.686946
            ],
            [
              -83.268101,
              35.688532
            ],
            [
              -83.265922,
              35.688796
            ],
            [
              -83.264099,
              35.687755
            ],
            [
              -83.262493,
              35.688081
            ],
            [
              -83.261674,
              35.689885
            ],
            [
              -83.259133,
              35.690156
            ],
            [
              -83.258348,
              35.692717
            ],
            [
              -83.254844,
              35.697993
            ],
            [
              -83.255629,
              35.698477
            ],
            [
              -83.255547,
              35.70155
            ],
            [
              -83.256783,
              35.702451
            ],
            [
              -83.261858,
              35.702799
            ],
            [
              -83.263703,
              35.705203
            ],
            [
              -83.262015,
              35.706521
            ],
            [
              -83.254851,
              35.709141
            ],
            [
              -83.253061,
              35.711025
            ],
            [
              -83.254782,
              35.713316
            ],
            [
              -83.257241,
              35.714947
            ],
            [
              -83.25619,
              35.716497
            ],
            [
              -83.251702,
              35.71949
            ],
            [
              -83.243226,
              35.723306
            ],
            [
              -83.240507,
              35.72632
            ],
            [
              -83.238137,
              35.726747
            ],
            [
              -83.233889,
              35.725627
            ],
            [
              -83.22796,
              35.725338
            ],
            [
              -83.225003,
              35.725975
            ],
            [
              -83.22229,
              35.725468
            ],
            [
              -83.221116,
              35.726134
            ],
            [
              -83.218726,
              35.725996
            ],
            [
              -83.216806,
              35.72732
            ],
            [
              -83.214136,
              35.72327
            ],
            [
              -83.213159,
              35.724298
            ],
            [
              -83.210789,
              35.724495
            ],
            [
              -83.209204,
              35.72543
            ],
            [
              -83.204123,
              35.726192
            ],
            [
              -83.200865,
              35.725161
            ],
            [
              -83.198446,
              35.726145
            ],
            [
              -83.197613,
              35.725849
            ],
            [
              -83.194273,
              35.728063
            ],
            [
              -83.188987,
              35.729716
            ],
            [
              -83.187744,
              35.7295
            ],
            [
              -83.184854,
              35.727168
            ],
            [
              -83.183585,
              35.727274
            ],
            [
              -83.182293,
              35.728549
            ],
            [
              -83.181938,
              35.732555
            ],
            [
              -83.182621,
              35.732937
            ],
            [
              -83.181146,
              35.734776
            ],
            [
              -83.181706,
              35.735232
            ],
            [
              -83.181173,
              35.737558
            ],
            [
              -83.181774,
              35.738895
            ],
            [
              -83.180859,
              35.740969
            ],
            [
              -83.178728,
              35.742513
            ],
            [
              -83.179056,
              35.745608
            ],
            [
              -83.175934,
              35.745061
            ],
            [
              -83.169807,
              35.74779
            ],
            [
              -83.168681,
              35.75015
            ],
            [
              -83.165067,
              35.754122
            ],
            [
              -83.165355,
              35.757047
            ],
            [
              -83.164378,
              35.758937
            ],
            [
              -83.162001,
              35.759649
            ],
            [
              -83.16058,
              35.761933
            ],
            [
              -83.157636,
              35.762067
            ],
            [
              -83.158736,
              35.764431
            ],
            [
              -83.157206,
              35.76488
            ],
            [
              -83.158012,
              35.763942
            ],
            [
              -83.157384,
              35.763318
            ],
            [
              -83.157336,
              35.763945
            ],
            [
              -83.151141,
              35.764538
            ],
            [
              -83.144632,
              35.762545
            ],
            [
              -83.144153,
              35.765409
            ],
            [
              -83.141326,
              35.765651
            ],
            [
              -83.139796,
              35.764682
            ],
            [
              -83.137289,
              35.765081
            ],
            [
              -83.135042,
              35.763376
            ],
            [
              -83.134721,
              35.766348
            ],
            [
              -83.133212,
              35.76774
            ],
            [
              -83.130555,
              35.768055
            ],
            [
              -83.127105,
              35.770221
            ],
            [
              -83.127836,
              35.770977
            ],
            [
              -83.126982,
              35.771249
            ],
            [
              -83.125343,
              35.769378
            ],
            [
              -83.120077,
              35.769002
            ],
            [
              -83.119865,
              35.768467
            ],
            [
              -83.118527,
              35.769451
            ],
            [
              -83.116751,
              35.769304
            ],
            [
              -83.116662,
              35.770022
            ],
            [
              -83.114695,
              35.769464
            ],
            [
              -83.114121,
              35.77018
            ],
            [
              -83.111191,
              35.770358
            ],
            [
              -83.109511,
              35.771304
            ],
            [
              -83.109476,
              35.775524
            ],
            [
              -83.110324,
              35.776005
            ],
            [
              -83.111335,
              35.779254
            ],
            [
              -83.112707,
              35.780551
            ],
            [
              -83.114306,
              35.78046
            ],
            [
              -83.115016,
              35.782818
            ],
            [
              -83.11223,
              35.785326
            ],
            [
              -83.110911,
              35.783765
            ],
            [
              -83.108534,
              35.783714
            ],
            [
              -83.108486,
              35.782478
            ],
            [
              -83.105174,
              35.781053
            ],
            [
              -83.102209,
              35.782096
            ],
            [
              -83.102237,
              35.782959
            ],
            [
              -83.101731,
              35.781532
            ],
            [
              -83.099402,
              35.780518
            ],
            [
              -83.099758,
              35.781814
            ],
            [
              -83.098999,
              35.781481
            ],
            [
              -83.098979,
              35.781975
            ],
            [
              -83.098132,
              35.781433
            ],
            [
              -83.098459,
              35.780613
            ],
            [
              -83.095721,
              35.778581
            ],
            [
              -83.095065,
              35.778989
            ],
            [
              -83.093637,
              35.778183
            ],
            [
              -83.094089,
              35.778988
            ],
            [
              -83.093344,
              35.778742
            ],
            [
              -83.092422,
              35.77945
            ],
            [
              -83.090311,
              35.779588
            ],
            [
              -83.088508,
              35.780924
            ],
            [
              -83.088426,
              35.782445
            ],
            [
              -83.087402,
              35.783278
            ],
            [
              -83.084533,
              35.783765
            ],
            [
              -83.083235,
              35.783328
            ],
            [
              -83.080107,
              35.783806
            ],
            [
              -83.078413,
              35.785636
            ],
            [
              -83.074991,
              35.784331
            ],
            [
              -83.073578,
              35.787047
            ],
            [
              -83.075442,
              35.789435
            ],
            [
              -83.069152,
              35.788087
            ],
            [
              -83.067902,
              35.786126
            ],
            [
              -83.061645,
              35.787058
            ],
            [
              -83.057485,
              35.788786
            ],
            [
              -83.051871,
              35.789332
            ],
            [
              -83.049037,
              35.788315
            ],
            [
              -83.043818,
              35.784676
            ],
            [
              -83.043586,
              35.783254
            ],
            [
              -83.042268,
              35.784148
            ],
            [
              -83.040116,
              35.784173
            ],
            [
              -83.038607,
              35.786942
            ],
            [
              -83.033675,
              35.787084
            ],
            [
              -83.031251,
              35.784587
            ],
            [
              -83.030089,
              35.785571
            ],
            [
              -83.030383,
              35.782639
            ],
            [
              -83.026818,
              35.784065
            ],
            [
              -83.025144,
              35.783787
            ],
            [
              -83.024058,
              35.781082
            ],
            [
              -83.023246,
              35.781234
            ],
            [
              -83.022884,
              35.782479
            ],
            [
              -83.02134,
              35.781227
            ],
            [
              -83.02108,
              35.779913
            ],
            [
              -83.015753,
              35.781819
            ],
            [
              -83.010698,
              35.778679
            ],
            [
              -83.00673,
              35.778714
            ],
            [
              -83.0049,
              35.777471
            ],
            [
              -83.005562,
              35.77561
            ],
            [
              -83.004845,
              35.774418
            ],
            [
              -82.99962,
              35.77398
            ],
            [
              -82.998384,
              35.773138
            ],
            [
              -82.999354,
              35.772292
            ],
            [
              -82.997933,
              35.772072
            ],
            [
              -82.995289,
              35.773322
            ],
            [
              -82.992899,
              35.772859
            ],
            [
              -82.990939,
              35.775062
            ],
            [
              -82.987244,
              35.776011
            ],
            [
              -82.986636,
              35.776828
            ],
            [
              -82.981103,
              35.779112
            ],
            [
              -82.980455,
              35.781367
            ],
            [
              -82.978378,
              35.782346
            ],
            [
              -82.974382,
              35.786677
            ],
            [
              -82.969847,
              35.78935
            ],
            [
              -82.965312,
              35.790067
            ],
            [
              -82.963584,
              35.789369
            ],
            [
              -82.961562,
              35.79235
            ],
            [
              -82.961951,
              35.792803
            ],
            [
              -82.957976,
              35.792334
            ],
            [
              -82.958011,
              35.793406
            ],
            [
              -82.95687,
              35.793909
            ],
            [
              -82.95842,
              35.795705
            ],
            [
              -82.957683,
              35.797013
            ],
            [
              -82.956419,
              35.797336
            ],
            [
              -82.955661,
              35.798871
            ],
            [
              -82.95256,
              35.800242
            ],
            [
              -82.950218,
              35.800021
            ],
            [
              -82.951556,
              35.799008
            ],
            [
              -82.950723,
              35.797196
            ],
            [
              -82.947287,
              35.798694
            ],
            [
              -82.945313,
              35.801295
            ],
            [
              -82.9481,
              35.802016
            ],
            [
              -82.949507,
              35.804495
            ],
            [
              -82.952792,
              35.805149
            ],
            [
              -82.951686,
              35.806585
            ],
            [
              -82.949883,
              35.805938
            ],
            [
              -82.947615,
              35.808037
            ],
            [
              -82.947608,
              35.809407
            ],
            [
              -82.948373,
              35.809893
            ],
            [
              -82.947301,
              35.809487
            ],
            [
              -82.948913,
              35.810493
            ],
            [
              -82.947314,
              35.811515
            ],
            [
              -82.947151,
              35.81252
            ],
            [
              -82.945648,
              35.813221
            ],
            [
              -82.943285,
              35.813065
            ],
            [
              -82.944138,
              35.81363
            ],
            [
              -82.942465,
              35.817435
            ],
            [
              -82.940505,
              35.817651
            ],
            [
              -82.940949,
              35.818349
            ],
            [
              -82.940368,
              35.818805
            ],
            [
              -82.937206,
              35.818313
            ],
            [
              -82.936577,
              35.819319
            ],
            [
              -82.937854,
              35.819979
            ],
            [
              -82.936598,
              35.820238
            ],
            [
              -82.938585,
              35.821869
            ],
            [
              -82.940142,
              35.822009
            ],
            [
              -82.940238,
              35.822812
            ],
            [
              -82.939036,
              35.8227
            ],
            [
              -82.939323,
              35.82348
            ],
            [
              -82.937991,
              35.823145
            ],
            [
              -82.937629,
              35.825265
            ],
            [
              -82.935321,
              35.827128
            ],
            [
              -82.937178,
              35.830397
            ],
            [
              -82.936625,
              35.830787
            ],
            [
              -82.936946,
              35.833473
            ],
            [
              -82.938346,
              35.833464
            ],
            [
              -82.940074,
              35.835284
            ],
            [
              -82.938592,
              35.837018
            ],
            [
              -82.932902,
              35.834807
            ],
            [
              -82.93069,
              35.836868
            ],
            [
              -82.929379,
              35.836662
            ],
            [
              -82.927848,
              35.838349
            ],
            [
              -82.926353,
              35.838229
            ],
            [
              -82.925342,
              35.839758
            ],
            [
              -82.924358,
              35.839848
            ],
            [
              -82.921619,
              35.837266
            ],
            [
              -82.920034,
              35.836985
            ],
            [
              -82.919079,
              35.83924
            ],
            [
              -82.917343,
              35.838952
            ],
            [
              -82.917002,
              35.839492
            ],
            [
              -82.915622,
              35.839313
            ],
            [
              -82.915438,
              35.840125
            ],
            [
              -82.912037,
              35.840081
            ],
            [
              -82.910056,
              35.841013
            ],
            [
              -82.906968,
              35.841065
            ],
            [
              -82.905391,
              35.842652
            ],
            [
              -82.904899,
              35.844733
            ],
            [
              -82.903403,
              35.844103
            ],
            [
              -82.904045,
              35.846191
            ],
            [
              -82.903103,
              35.845453
            ],
            [
              -82.902133,
              35.845689
            ],
            [
              -82.901907,
              35.846513
            ],
            [
              -82.900322,
              35.846527
            ],
            [
              -82.901279,
              35.847605
            ],
            [
              -82.900794,
              35.848268
            ],
            [
              -82.899851,
              35.848096
            ],
            [
              -82.898848,
              35.849449
            ],
            [
              -82.90089,
              35.849461
            ],
            [
              -82.899189,
              35.851287
            ],
            [
              -82.898369,
              35.850824
            ],
            [
              -82.897242,
              35.851272
            ],
            [
              -82.9002,
              35.852179
            ],
            [
              -82.897754,
              35.852378
            ],
            [
              -82.895931,
              35.853759
            ],
            [
              -82.892031,
              35.852288
            ],
            [
              -82.89087,
              35.849378
            ],
            [
              -82.888472,
              35.850016
            ],
            [
              -82.888124,
              35.849507
            ],
            [
              -82.885843,
              35.850744
            ],
            [
              -82.884101,
              35.850578
            ],
            [
              -82.882892,
              35.851451
            ],
            [
              -82.877284,
              35.85187
            ],
            [
              -82.876895,
              35.854193
            ],
            [
              -82.875393,
              35.85336
            ],
            [
              -82.875154,
              35.854429
            ],
            [
              -82.873589,
              35.854851
            ],
            [
              -82.873767,
              35.855368
            ],
            [
              -82.87236,
              35.85539
            ],
            [
              -82.870338,
              35.856981
            ],
            [
              -82.869682,
              35.856491
            ],
            [
              -82.869034,
              35.85832
            ],
            [
              -82.870113,
              35.858301
            ],
            [
              -82.8707,
              35.859263
            ],
            [
              -82.869607,
              35.859956
            ],
            [
              -82.869737,
              35.861122
            ],
            [
              -82.87223,
              35.861615
            ],
            [
              -82.872216,
              35.863632
            ],
            [
              -82.871369,
              35.864175
            ],
            [
              -82.871779,
              35.867276
            ],
            [
              -82.87639,
              35.867387
            ],
            [
              -82.876308,
              35.868817
            ],
            [
              -82.874614,
              35.871385
            ],
            [
              -82.869628,
              35.87293
            ],
            [
              -82.867675,
              35.872104
            ],
            [
              -82.864601,
              35.872776
            ],
            [
              -82.860783,
              35.874672
            ],
            [
              -82.86178,
              35.87499
            ],
            [
              -82.862647,
              35.876922
            ],
            [
              -82.859246,
              35.882036
            ],
            [
              -82.857047,
              35.882823
            ],
            [
              -82.857401,
              35.883527
            ],
            [
              -82.853488,
              35.884872
            ],
            [
              -82.851746,
              35.884595
            ],
            [
              -82.849868,
              35.885406
            ],
            [
              -82.850298,
              35.886339
            ],
            [
              -82.847853,
              35.888247
            ],
            [
              -82.84592,
              35.887941
            ],
            [
              -82.841973,
              35.89042
            ],
            [
              -82.841453,
              35.892012
            ],
            [
              -82.840572,
              35.890408
            ],
            [
              -82.838844,
              35.890786
            ],
            [
              -82.837649,
              35.889373
            ],
            [
              -82.833107,
              35.886898
            ],
            [
              -82.832328,
              35.887124
            ],
            [
              -82.833141,
              35.88953
            ],
            [
              -82.831344,
              35.889181
            ],
            [
              -82.83086,
              35.891122
            ],
            [
              -82.82474,
              35.893685
            ],
            [
              -82.821953,
              35.893482
            ],
            [
              -82.819727,
              35.886732
            ],
            [
              -82.819317,
              35.89098
            ],
            [
              -82.817971,
              35.888654
            ],
            [
              -82.817165,
              35.888526
            ],
            [
              -82.816653,
              35.887371
            ],
            [
              -82.815758,
              35.887191
            ],
            [
              -82.815287,
              35.885868
            ],
            [
              -82.812999,
              35.8846
            ],
            [
              -82.810157,
              35.884251
            ],
            [
              -82.798662,
              35.885003
            ],
            [
              -82.798928,
              35.887009
            ],
            [
              -82.79787,
              35.886852
            ],
            [
              -82.797603,
              35.88755
            ],
            [
              -82.794298,
              35.888652
            ],
            [
              -82.79358,
              35.890055
            ],
            [
              -82.792911,
              35.889939
            ],
            [
              -82.78936,
              35.892728
            ],
            [
              -82.789858,
              35.894217
            ],
            [
              -82.788246,
              35.89555
            ],
            [
              -82.789988,
              35.896933
            ],
            [
              -82.791887,
              35.900738
            ],
            [
              -82.790308,
              35.901778
            ],
            [
              -82.791231,
              35.903053
            ],
            [
              -82.7902,
              35.903474
            ],
            [
              -82.790111,
              35.904862
            ],
            [
              -82.791436,
              35.905419
            ],
            [
              -82.791606,
              35.907075
            ],
            [
              -82.789988,
              35.907041
            ],
            [
              -82.791381,
              35.91072
            ],
            [
              -82.792392,
              35.910559
            ],
            [
              -82.792747,
              35.911155
            ],
            [
              -82.791285,
              35.912212
            ],
            [
              -82.792071,
              35.914537
            ],
            [
              -82.793396,
              35.914355
            ],
            [
              -82.794516,
              35.91517
            ],
            [
              -82.794694,
              35.914703
            ],
            [
              -82.797111,
              35.914759
            ],
            [
              -82.797952,
              35.913611
            ],
            [
              -82.798259,
              35.915062
            ],
            [
              -82.797563,
              35.91605
            ],
            [
              -82.797836,
              35.918663
            ],
            [
              -82.800363,
              35.919729
            ]
          ],
          [
            [
              -82.80024,
              35.921241
            ],
            [
              -82.803375,
              35.922812
            ],
            [
              -82.803641,
              35.925479
            ],
            [
              -82.802562,
              35.926421
            ],
            [
              -82.803047,
              35.927935
            ],
            [
              -82.802494,
              35.929751
            ],
            [
              -82.800629,
              35.930879
            ],
            [
              -82.801538,
              35.931967
            ],
            [
              -82.803689,
              35.931718
            ],
            [
              -82.804591,
              35.932304
            ],
            [
              -82.804338,
              35.934095
            ],
            [
              -82.806182,
              35.934523
            ],
            [
              -82.805848,
              35.937989
            ],
            [
              -82.804161,
              35.93872
            ],
            [
              -82.800056,
              35.944414
            ],
            [
              -82.793663,
              35.947363
            ],
            [
              -82.794475,
              35.947697
            ],
            [
              -82.792283,
              35.949251
            ],
            [
              -82.79162,
              35.951096
            ],
            [
              -82.789742,
              35.951933
            ],
            [
              -82.788745,
              35.951589
            ],
            [
              -82.785951,
              35.956377
            ],
            [
              -82.785295,
              35.959882
            ],
            [
              -82.785897,
              35.961287
            ],
            [
              -82.783267,
              35.965648
            ],
            [
              -82.78087,
              35.966574
            ],
            [
              -82.780938,
              35.967749
            ],
            [
              -82.77824,
              35.967181
            ],
            [
              -82.777229,
              35.96762
            ],
            [
              -82.777741,
              35.968504
            ],
            [
              -82.776806,
              35.96976
            ],
            [
              -82.777072,
              35.971361
            ],
            [
              -82.776027,
              35.971967
            ],
            [
              -82.778192,
              35.9747
            ],
            [
              -82.780391,
              35.974417
            ],
            [
              -82.785029,
              35.977382
            ],
            [
              -82.784701,
              35.978928
            ],
            [
              -82.786983,
              35.980458
            ],
            [
              -82.785685,
              35.981255
            ],
            [
              -82.786135,
              35.982269
            ],
            [
              -82.785316,
              35.984244
            ],
            [
              -82.786498,
              35.986027
            ],
            [
              -82.785623,
              35.985774
            ],
            [
              -82.787105,
              35.987645
            ],
            [
              -82.788546,
              35.987572
            ],
            [
              -82.785494,
              35.988976
            ],
            [
              -82.784763,
              35.990056
            ],
            [
              -82.782351,
              35.990076
            ],
            [
              -82.782106,
              35.990888
            ],
            [
              -82.780808,
              35.991216
            ],
            [
              -82.780262,
              35.993088
            ],
            [
              -82.779503,
              35.992816
            ],
            [
              -82.777475,
              35.994649
            ],
            [
              -82.778062,
              35.997155
            ],
            [
              -82.775576,
              35.998965
            ],
            [
              -82.773035,
              35.998701
            ],
            [
              -82.770904,
              36.001518
            ],
            [
              -82.764252,
              36.001179
            ],
            [
              -82.76307,
              36.002442
            ],
            [
              -82.763842,
              36.003254
            ],
            [
              -82.762523,
              36.004564
            ],
            [
              -82.759635,
              36.004753
            ],
            [
              -82.758876,
              36.00396
            ],
            [
              -82.754642,
              36.004083
            ],
            [
              -82.752627,
              36.005972
            ],
            [
              -82.750366,
              36.005806
            ],
            [
              -82.75053,
              36.007846
            ],
            [
              -82.749396,
              36.009753
            ],
            [
              -82.747886,
              36.010093
            ],
            [
              -82.74607,
              36.009547
            ],
            [
              -82.742477,
              36.012173
            ],
            [
              -82.740169,
              36.011965
            ],
            [
              -82.739137,
              36.014745
            ],
            [
              -82.734451,
              36.015302
            ],
            [
              -82.727765,
              36.018615
            ],
            [
              -82.724903,
              36.018388
            ],
            [
              -82.719445,
              36.021977
            ],
            [
              -82.715778,
              36.021557
            ],
            [
              -82.71532,
              36.022363
            ],
            [
              -82.71338,
              36.022961
            ],
            [
              -82.712151,
              36.024333
            ],
            [
              -82.71351,
              36.025089
            ],
            [
              -82.713005,
              36.026924
            ],
            [
              -82.712773,
              36.026073
            ],
            [
              -82.710949,
              36.028337
            ],
            [
              -82.70795,
              36.029042
            ],
            [
              -82.704535,
              36.028228
            ],
            [
              -82.703135,
              36.029208
            ],
            [
              -82.703777,
              36.030256
            ],
            [
              -82.700779,
              36.031941
            ],
            [
              -82.701264,
              36.033093
            ],
            [
              -82.700526,
              36.0343
            ],
            [
              -82.698334,
              36.034775
            ],
            [
              -82.698463,
              36.03581
            ],
            [
              -82.689905,
              36.038574
            ],
            [
              -82.687091,
              36.041127
            ],
            [
              -82.684407,
              36.046501
            ],
            [
              -82.683013,
              36.046832
            ],
            [
              -82.68216,
              36.046337
            ],
            [
              -82.678341,
              36.049018
            ],
            [
              -82.674954,
              36.04889
            ],
            [
              -82.672673,
              36.051437
            ],
            [
              -82.670063,
              36.052994
            ],
            [
              -82.669025,
              36.052686
            ],
            [
              -82.65852,
              36.056501
            ],
            [
              -82.654846,
              36.056022
            ],
            [
              -82.647947,
              36.059076
            ],
            [
              -82.646745,
              36.06095
            ],
            [
              -82.643856,
              36.062885
            ],
            [
              -82.641527,
              36.063365
            ],
            [
              -82.637203,
              36.066064
            ],
            [
              -82.634034,
              36.065656
            ],
            [
              -82.632279,
              36.066374
            ],
            [
              -82.632504,
              36.065132
            ],
            [
              -82.628659,
              36.061837
            ],
            [
              -82.628693,
              36.060568
            ],
            [
              -82.625565,
              36.060065
            ],
            [
              -82.623017,
              36.058168
            ],
            [
              -82.618919,
              36.056459
            ],
            [
              -82.617915,
              36.049678
            ],
            [
              -82.615237,
              36.046849
            ],
            [
              -82.611938,
              36.04558
            ],
            [
              -82.611781,
              36.044185
            ],
            [
              -82.607861,
              36.043383
            ],
            [
              -82.606392,
              36.041196
            ],
            [
              -82.606884,
              36.041487
            ],
            [
              -82.607116,
              36.040333
            ],
            [
              -82.602547,
              36.040112
            ],
            [
              -82.601604,
              36.039221
            ],
            [
              -82.600498,
              36.039484
            ],
            [
              -82.601311,
              36.036559
            ],
            [
              -82.598032,
              36.036156
            ],
            [
              -82.595826,
              36.034572
            ],
            [
              -82.598756,
              36.03088
            ],
            [
              -82.598162,
              36.030009
            ],
            [
              -82.599876,
              36.027502
            ],
            [
              -82.599186,
              36.026326
            ],
            [
              -82.600054,
              36.025311
            ],
            [
              -82.600908,
              36.025584
            ],
            [
              -82.600846,
              36.024852
            ],
            [
              -82.602205,
              36.024575
            ],
            [
              -82.60366,
              36.02145
            ],
            [
              -82.603141,
              36.02125
            ],
            [
              -82.604896,
              36.019642
            ],
            [
              -82.604111,
              36.018541
            ],
            [
              -82.609589,
              36.016989
            ],
            [
              -82.611706,
              36.015079
            ],
            [
              -82.608804,
              36.013009
            ],
            [
              -82.609555,
              36.010677
            ],
            [
              -82.608646,
              36.010579
            ],
            [
              -82.609193,
              36.009488
            ],
            [
              -82.608319,
              36.009125
            ],
            [
              -82.608195,
              36.007211
            ],
            [
              -82.606919,
              36.00788
            ],
            [
              -82.607403,
              36.006631
            ],
            [
              -82.605225,
              35.999029
            ],
            [
              -82.606098,
              35.99811
            ],
            [
              -82.606112,
              35.999049
            ],
            [
              -82.60685,
              35.996635
            ],
            [
              -82.605538,
              35.997121
            ],
            [
              -82.606303,
              35.995371
            ],
            [
              -82.60868,
              35.994041
            ],
            [
              -82.609363,
              35.994345
            ],
            [
              -82.609814,
              35.993356
            ],
            [
              -82.607943,
              35.991542
            ],
            [
              -82.606918,
              35.99168
            ],
            [
              -82.605969,
              35.99016
            ],
            [
              -82.601932,
              35.989941
            ],
            [
              -82.601038,
              35.988579
            ],
            [
              -82.605839,
              35.985905
            ],
            [
              -82.607157,
              35.983933
            ],
            [
              -82.608086,
              35.979571
            ],
            [
              -82.609357,
              35.978531
            ],
            [
              -82.60937,
              35.977248
            ],
            [
              -82.610989,
              35.975126
            ],
            [
              -82.611221,
              35.973056
            ],
            [
              -82.613209,
              35.970686
            ],
            [
              -82.61187,
              35.970442
            ],
            [
              -82.611091,
              35.967469
            ],
            [
              -82.613031,
              35.965849
            ],
            [
              -82.612443,
              35.964976
            ],
            [
              -82.608906,
              35.96661
            ],
            [
              -82.607751,
              35.966089
            ],
            [
              -82.605163,
              35.966701
            ],
            [
              -82.600272,
              35.96325
            ],
            [
              -82.599712,
              35.964682
            ],
            [
              -82.59196,
              35.966297
            ],
            [
              -82.587391,
              35.965375
            ],
            [
              -82.581127,
              35.965359
            ],
            [
              -82.578156,
              35.964481
            ],
            [
              -82.576497,
              35.959026
            ],
            [
              -82.57274,
              35.957725
            ],
            [
              -82.570629,
              35.957843
            ],
            [
              -82.568812,
              35.956632
            ],
            [
              -82.568444,
              35.955539
            ],
            [
              -82.566415,
              35.954853
            ],
            [
              -82.565807,
              35.953798
            ],
            [
              -82.564018,
              35.954389
            ],
            [
              -82.563847,
              35.953747
            ],
            [
              -82.560227,
              35.954551
            ],
            [
              -82.557864,
              35.953867
            ],
            [
              -82.552762,
              35.960769
            ],
            [
              -82.550699,
              35.962042
            ],
            [
              -82.549914,
              35.964002
            ],
            [
              -82.545303,
              35.96519
            ],
            [
              -82.543001,
              35.967485
            ],
            [
              -82.54126,
              35.968161
            ],
            [
              -82.541834,
              35.968773
            ],
            [
              -82.534532,
              35.969858
            ],
            [
              -82.531185,
              35.972135
            ],
            [
              -82.525263,
              35.97024
            ],
            [
              -82.525461,
              35.970905
            ],
            [
              -82.52331,
              35.972064
            ],
            [
              -82.52316,
              35.974182
            ],
            [
              -82.522183,
              35.974109
            ],
            [
              -82.518672,
              35.976281
            ],
            [
              -82.516473,
              35.976822
            ],
            [
              -82.513939,
              35.97646
            ],
            [
              -82.511698,
              35.978246
            ],
            [
              -82.507921,
              35.977708
            ],
            [
              -82.505442,
              35.97841
            ],
            [
              -82.50381,
              35.982537
            ],
            [
              -82.500961,
              35.982325
            ],
            [
              -82.498905,
              35.984097
            ],
            [
              -82.495907,
              35.98537
            ],
            [
              -82.492355,
              35.990422
            ],
            [
              -82.490443,
              35.989449
            ],
            [
              -82.483947,
              35.993898
            ],
            [
              -82.482117,
              35.997053
            ],
            [
              -82.482431,
              35.998253
            ],
            [
              -82.480143,
              35.99969
            ],
            [
              -82.476878,
              35.999169
            ],
            [
              -82.476605,
              35.999729
            ],
            [
              -82.474399,
              35.9999
            ],
            [
              -82.471223,
              36.0024
            ],
            [
              -82.468614,
              36.003144
            ],
            [
              -82.467384,
              36.004503
            ],
            [
              -82.457918,
              36.009112
            ],
            [
              -82.458532,
              36.009425
            ],
            [
              -82.456961,
              36.009829
            ],
            [
              -82.456019,
              36.01174
            ],
            [
              -82.450548,
              36.012199
            ],
            [
              -82.449701,
              36.010165
            ],
            [
              -82.448895,
              36.013607
            ],
            [
              -82.444626,
              36.016165
            ],
            [
              -82.437564,
              36.018033
            ],
            [
              -82.435883,
              36.020219
            ],
            [
              -82.429463,
              36.021837
            ],
            [
              -82.428643,
              36.023435
            ],
            [
              -82.429497,
              36.024489
            ],
            [
              -82.429272,
              36.02714
            ],
            [
              -82.428227,
              36.028376
            ],
            [
              -82.427687,
              36.027021
            ],
            [
              -82.427011,
              36.027426
            ],
            [
              -82.425515,
              36.025589
            ],
            [
              -82.424449,
              36.026819
            ],
            [
              -82.425112,
              36.027426
            ],
            [
              -82.424614,
              36.028011
            ],
            [
              -82.423425,
              36.026811
            ],
            [
              -82.422134,
              36.031036
            ],
            [
              -82.419395,
              36.032069
            ],
            [
              -82.420755,
              36.033926
            ],
            [
              -82.418972,
              36.034468
            ],
            [
              -82.419751,
              36.039099
            ],
            [
              -82.418323,
              36.041018
            ],
            [
              -82.421383,
              36.042005
            ],
            [
              -82.421813,
              36.043613
            ],
            [
              -82.427646,
              36.044493
            ],
            [
              -82.4288,
              36.04552
            ],
            [
              -82.428732,
              36.044976
            ],
            [
              -82.430692,
              36.045417
            ],
            [
              -82.432373,
              36.044788
            ],
            [
              -82.433165,
              36.045173
            ],
            [
              -82.432618,
              36.045509
            ],
            [
              -82.435617,
              36.048047
            ],
            [
              -82.43451,
              36.051247
            ],
            [
              -82.435842,
              36.051334
            ],
            [
              -82.436088,
              36.052127
            ],
            [
              -82.434886,
              36.053476
            ],
            [
              -82.433131,
              36.053659
            ],
            [
              -82.433199,
              36.054785
            ],
            [
              -82.435187,
              36.055081
            ],
            [
              -82.433459,
              36.056231
            ],
            [
              -82.434381,
              36.057072
            ],
            [
              -82.43322,
              36.057818
            ],
            [
              -82.435863,
              36.058264
            ],
            [
              -82.435412,
              36.059029
            ],
            [
              -82.433459,
              36.059501
            ],
            [
              -82.435563,
              36.06045
            ],
            [
              -82.432332,
              36.060946
            ],
            [
              -82.432516,
              36.061586
            ],
            [
              -82.43395,
              36.061812
            ],
            [
              -82.432632,
              36.062601
            ],
            [
              -82.433903,
              36.06463
            ],
            [
              -82.433773,
              36.067638
            ],
            [
              -82.437017,
              36.06846
            ],
            [
              -82.438602,
              36.070413
            ],
            [
              -82.441983,
              36.070717
            ],
            [
              -82.44259,
              36.071406
            ],
            [
              -82.445309,
              36.070544
            ],
            [
              -82.445439,
              36.072071
            ],
            [
              -82.448143,
              36.071486
            ],
            [
              -82.448779,
              36.070644
            ],
            [
              -82.449079,
              36.073573
            ],
            [
              -82.450589,
              36.074262
            ],
            [
              -82.44925,
              36.076201
            ],
            [
              -82.449844,
              36.077487
            ],
            [
              -82.452242,
              36.076658
            ],
            [
              -82.455261,
              36.077032
            ],
            [
              -82.456005,
              36.078639
            ],
            [
              -82.454926,
              36.079846
            ],
            [
              -82.457276,
              36.080325
            ],
            [
              -82.456627,
              36.081854
            ],
            [
              -82.458621,
              36.081967
            ],
            [
              -82.459796,
              36.08301
            ],
            [
              -82.458812,
              36.084471
            ],
            [
              -82.457836,
              36.089576
            ],
            [
              -82.455957,
              36.091102
            ],
            [
              -82.452494,
              36.092154
            ],
            [
              -82.451327,
              36.093412
            ],
            [
              -82.449578,
              36.093688
            ],
            [
              -82.449257,
              36.097054
            ],
            [
              -82.449783,
              36.096383
            ],
            [
              -82.44996,
              36.098207
            ],
            [
              -82.450302,
              36.097055
            ],
            [
              -82.450561,
              36.099991
            ],
            [
              -82.450848,
              36.099289
            ],
            [
              -82.450534,
              36.100974
            ],
            [
              -82.450828,
              36.100538
            ],
            [
              -82.450275,
              36.103551
            ],
            [
              -82.451244,
              36.102004
            ],
            [
              -82.450241,
              36.104613
            ],
            [
              -82.450869,
              36.10573
            ],
            [
              -82.450254,
              36.10571
            ],
            [
              -82.450753,
              36.105943
            ],
            [
              -82.448294,
              36.104895
            ],
            [
              -82.44828,
              36.105448
            ],
            [
              -82.446033,
              36.105092
            ],
            [
              -82.446272,
              36.103748
            ],
            [
              -82.444667,
              36.100592
            ],
            [
              -82.438008,
              36.09973
            ],
            [
              -82.433404,
              36.10077
            ],
            [
              -82.431505,
              36.099571
            ],
            [
              -82.430139,
              36.099524
            ],
            [
              -82.428295,
              36.102925
            ],
            [
              -82.427168,
              36.103256
            ],
            [
              -82.424129,
              36.107054
            ],
            [
              -82.420304,
              36.108086
            ],
            [
              -82.418501,
              36.107659
            ],
            [
              -82.415495,
              36.105461
            ],
            [
              -82.414327,
              36.105518
            ],
            [
              -82.410632,
              36.103175
            ],
            [
              -82.410216,
              36.103524
            ],
            [
              -82.411718,
              36.105114
            ],
            [
              -82.409478,
              36.10429
            ],
            [
              -82.404232,
              36.103939
            ],
            [
              -82.402197,
              36.104448
            ],
            [
              -82.3976,
              36.103875
            ],
            [
              -82.39594,
              36.105544
            ],
            [
              -82.394698,
              36.105162
            ],
            [
              -82.392594,
              36.102421
            ],
            [
              -82.391214,
              36.103314
            ],
            [
              -82.390804,
              36.105079
            ],
            [
              -82.388605,
              36.106046
            ],
            [
              -82.387956,
              36.104643
            ],
            [
              -82.386125,
              36.10427
            ],
            [
              -82.38605,
              36.105093
            ],
            [
              -82.383332,
              36.105821
            ],
            [
              -82.383523,
              36.107216
            ],
            [
              -82.379227,
              36.107723
            ],
            [
              -82.379548,
              36.109211
            ],
            [
              -82.377301,
              36.109382
            ],
            [
              -82.377847,
              36.111818
            ],
            [
              -82.375696,
              36.113105
            ],
            [
              -82.374699,
              36.112634
            ],
            [
              -82.372923,
              36.113622
            ],
            [
              -82.373394,
              36.112586
            ],
            [
              -82.372247,
              36.110862
            ],
            [
              -82.373155,
              36.109605
            ],
            [
              -82.372049,
              36.106913
            ],
            [
              -82.36933,
              36.107866
            ],
            [
              -82.368401,
              36.109125
            ],
            [
              -82.367773,
              36.107661
            ],
            [
              -82.364378,
              36.108898
            ],
            [
              -82.364508,
              36.109893
            ],
            [
              -82.363443,
              36.110442
            ],
            [
              -82.36181,
              36.109624
            ],
            [
              -82.360171,
              36.11234
            ],
            [
              -82.358552,
              36.112654
            ],
            [
              -82.355772,
              36.115162
            ],
            [
              -82.349946,
              36.117306
            ],
            [
              -82.348566,
              36.116535
            ],
            [
              -82.349789,
              36.114121
            ],
            [
              -82.3433,
              36.1156
            ],
            [
              -82.336388,
              36.114673
            ],
            [
              -82.331423,
              36.117448
            ],
            [
              -82.327195,
              36.117252
            ],
            [
              -82.324278,
              36.119004
            ],
            [
              -82.319388,
              36.118825
            ],
            [
              -82.319278,
              36.119841
            ],
            [
              -82.315802,
              36.12172
            ],
            [
              -82.313869,
              36.124451
            ],
            [
              -82.310679,
              36.125781
            ],
            [
              -82.310276,
              36.126649
            ],
            [
              -82.309368,
              36.126339
            ],
            [
              -82.309525,
              36.126876
            ],
            [
              -82.308869,
              36.126649
            ],
            [
              -82.309088,
              36.127379
            ],
            [
              -82.306431,
              36.127383
            ],
            [
              -82.305461,
              36.128419
            ],
            [
              -82.307135,
              36.128682
            ],
            [
              -82.302989,
              36.131527
            ],
            [
              -82.298603,
              36.132886
            ],
            [
              -82.297265,
              36.133971
            ],
            [
              -82.293002,
              36.134294
            ],
            [
              -82.29107,
              36.135571
            ],
            [
              -82.289799,
              36.135541
            ],
            [
              -82.290421,
              36.134861
            ],
            [
              -82.285291,
              36.131822
            ],
            [
              -82.282436,
              36.131045
            ],
            [
              -82.280988,
              36.129416
            ],
            [
              -82.280476,
              36.131452
            ],
            [
              -82.27689,
              36.128912
            ],
            [
              -82.274623,
              36.129727
            ],
            [
              -82.270422,
              36.127576
            ],
            [
              -82.265436,
              36.126982
            ],
            [
              -82.264015,
              36.127356
            ],
            [
              -82.263968,
              36.12963
            ],
            [
              -82.259234,
              36.13449
            ],
            [
              -82.256092,
              36.13535
            ],
            [
              -82.253797,
              36.135004
            ],
            [
              -82.251352,
              36.132183
            ],
            [
              -82.250055,
              36.132672
            ],
            [
              -82.245062,
              36.131431
            ],
            [
              -82.243737,
              36.132786
            ],
            [
              -82.242685,
              36.136763
            ],
            [
              -82.241606,
              36.137653
            ],
            [
              -82.240362,
              36.137294
            ],
            [
              -82.236107,
              36.139479
            ],
            [
              -82.234563,
              36.1414
            ],
            [
              -82.232911,
              36.141759
            ],
            [
              -82.233191,
              36.143395
            ],
            [
              -82.231954,
              36.144422
            ],
            [
              -82.229325,
              36.144697
            ],
            [
              -82.22789,
              36.147382
            ],
            [
              -82.22634,
              36.147779
            ],
            [
              -82.222761,
              36.152839
            ],
            [
              -82.221552,
              36.156841
            ],
            [
              -82.218383,
              36.156416
            ],
            [
              -82.214387,
              36.159057
            ],
            [
              -82.21128,
              36.158989
            ],
            [
              -82.208213,
              36.15726
            ],
            [
              -82.204675,
              36.157476
            ],
            [
              -82.201594,
              36.156626
            ],
            [
              -82.198801,
              36.152401
            ],
            [
              -82.196588,
              36.151871
            ],
            [
              -82.195796,
              36.150308
            ],
            [
              -82.192326,
              36.14908
            ],
            [
              -82.188098,
              36.150993
            ],
            [
              -82.187025,
              36.150877
            ],
            [
              -82.186097,
              36.147556
            ],
            [
              -82.184594,
              36.146851
            ],
            [
              -82.183638,
              36.144564
            ],
            [
              -82.180011,
              36.144467
            ],
            [
              -82.179656,
              36.143569
            ],
            [
              -82.176575,
              36.142657
            ],
            [
              -82.17495,
              36.14366
            ],
            [
              -82.172969,
              36.146448
            ],
            [
              -82.169909,
              36.145979
            ],
            [
              -82.167983,
              36.146413
            ],
            [
              -82.165299,
              36.145215
            ],
            [
              -82.164008,
              36.146343
            ],
            [
              -82.16047,
              36.14704
            ],
            [
              -82.159514,
              36.146414
            ],
            [
              -82.156215,
              36.14817
            ],
            [
              -82.152663,
              36.14827
            ],
            [
              -82.150272,
              36.149753
            ],
            [
              -82.14879,
              36.149716
            ],
            [
              -82.147622,
              36.150996
            ],
            [
              -82.14864,
              36.151322
            ],
            [
              -82.14657,
              36.151698
            ],
            [
              -82.146099,
              36.150796
            ],
            [
              -82.14586,
              36.152081
            ],
            [
              -82.14338,
              36.152733
            ],
            [
              -82.144596,
              36.151381
            ],
            [
              -82.143695,
              36.150474
            ],
            [
              -82.143859,
              36.148681
            ],
            [
              -82.145511,
              36.147658
            ],
            [
              -82.144098,
              36.144543
            ],
            [
              -82.144542,
              36.142253
            ],
            [
              -82.145846,
              36.140787
            ],
            [
              -82.1453,
              36.13981
            ],
            [
              -82.142909,
              36.139551
            ],
            [
              -82.140799,
              36.138388
            ],
            [
              -82.141188,
              36.137264
            ],
            [
              -82.139733,
              36.136031
            ],
            [
              -82.139945,
              36.1349
            ],
            [
              -82.138026,
              36.133199
            ],
            [
              -82.138804,
              36.132862
            ],
            [
              -82.136557,
              36.128451
            ]
          ],
          [
            [
              -82.136878,
              36.122319
            ],
            [
              -82.138142,
              36.119943
            ],
            [
              -82.135847,
              36.116792
            ],
            [
              -82.135157,
              36.114355
            ],
            [
              -82.133039,
              36.112374
            ],
            [
              -82.13108,
              36.108338
            ],
            [
              -82.130424,
              36.104864
            ],
            [
              -82.128272,
              36.10412
            ],
            [
              -82.121818,
              36.106024
            ],
            [
              -82.119311,
              36.104441
            ],
            [
              -82.117713,
              36.104512
            ],
            [
              -82.118621,
              36.105283
            ],
            [
              -82.116647,
              36.105151
            ],
            [
              -82.1155,
              36.1041
            ],
            [
              -82.11563,
              36.105347
            ],
            [
              -82.114209,
              36.104351
            ],
            [
              -82.115363,
              36.106668
            ],
            [
              -82.113089,
              36.1054
            ],
            [
              -82.108683,
              36.107294
            ],
            [
              -82.105521,
              36.10767
            ],
            [
              -82.10005,
              36.104908
            ],
            [
              -82.098718,
              36.105628
            ],
            [
              -82.087721,
              36.106163
            ],
            [
              -82.083247,
              36.105435
            ],
            [
              -82.080447,
              36.107277
            ],
            [
              -82.078944,
              36.106747
            ],
            [
              -82.072531,
              36.108788
            ],
            [
              -82.06805,
              36.111724
            ],
            [
              -82.064915,
              36.112782
            ],
            [
              -82.06038,
              36.112318
            ],
            [
              -82.060694,
              36.115475
            ],
            [
              -82.061794,
              36.11709
            ],
            [
              -82.059376,
              36.117555
            ],
            [
              -82.056678,
              36.120629
            ],
            [
              -82.056747,
              36.12324
            ],
            [
              -82.054335,
              36.126813
            ],
            [
              -82.052163,
              36.125911
            ],
            [
              -82.044562,
              36.125506
            ],
            [
              -82.039207,
              36.121647
            ],
            [
              -82.037,
              36.120812
            ],
            [
              -82.032602,
              36.1211
            ],
            [
              -82.027513,
              36.127531
            ],
            [
              -82.024241,
              36.129644
            ],
            [
              -82.024344,
              36.132611
            ],
            [
              -82.018702,
              36.134756
            ],
            [
              -82.01623,
              36.138178
            ],
            [
              -82.012494,
              36.140657
            ],
            [
              -82.009113,
              36.138157
            ],
            [
              -82.00231,
              36.137314
            ],
            [
              -82.00093,
              36.138322
            ],
            [
              -82.000432,
              36.140573
            ],
            [
              -82.005042,
              36.139331
            ],
            [
              -82.008218,
              36.141117
            ],
            [
              -82.008436,
              36.143317
            ],
            [
              -82.010882,
              36.143954
            ],
            [
              -82.011995,
              36.145955
            ],
            [
              -82.011169,
              36.147526
            ],
            [
              -82.011005,
              36.152108
            ],
            [
              -82.013716,
              36.153455
            ],
            [
              -82.014645,
              36.155194
            ],
            [
              -82.01584,
              36.155734
            ],
            [
              -82.01595,
              36.154405
            ],
            [
              -82.017043,
              36.156062
            ],
            [
              -82.01567,
              36.156321
            ],
            [
              -82.012186,
              36.163772
            ],
            [
              -82.010855,
              36.164687
            ],
            [
              -82.01095,
              36.166318
            ],
            [
              -82.011408,
              36.165674
            ],
            [
              -82.011305,
              36.167697
            ],
            [
              -82.010192,
              36.168243
            ],
            [
              -82.010848,
              36.16917
            ],
            [
              -82.010977,
              36.168534
            ],
            [
              -82.011701,
              36.169905
            ],
            [
              -82.011039,
              36.173237
            ],
            [
              -82.012739,
              36.175438
            ],
            [
              -82.011066,
              36.17652
            ],
            [
              -82.011804,
              36.177488
            ],
            [
              -82.011018,
              36.177513
            ],
            [
              -82.012418,
              36.179468
            ],
            [
              -82.009352,
              36.183666
            ],
            [
              -82.010581,
              36.183955
            ],
            [
              -82.013361,
              36.190233
            ],
            [
              -82.011066,
              36.189626
            ],
            [
              -82.007549,
              36.192642
            ],
            [
              -82.006627,
              36.192154
            ],
            [
              -82.005233,
              36.193266
            ],
            [
              -82.00526,
              36.192722
            ],
            [
              -82.003976,
              36.192515
            ],
            [
              -82.002891,
              36.194516
            ],
            [
              -82.004133,
              36.194614
            ],
            [
              -82.003935,
              36.19672
            ],
            [
              -82.002262,
              36.198314
            ],
            [
              -82.002044,
              36.199781
            ],
            [
              -82.001067,
              36.199683
            ],
            [
              -82.001353,
              36.200287
            ],
            [
              -81.998922,
              36.201592
            ],
            [
              -81.999298,
              36.20188
            ],
            [
              -81.997413,
              36.202543
            ],
            [
              -81.997543,
              36.203937
            ],
            [
              -81.996211,
              36.204795
            ],
            [
              -81.995685,
              36.207044
            ],
            [
              -81.994018,
              36.20661
            ],
            [
              -81.993929,
              36.207079
            ],
            [
              -81.991245,
              36.206651
            ],
            [
              -81.99074,
              36.207202
            ],
            [
              -81.987611,
              36.205986
            ],
            [
              -81.988506,
              36.207059
            ],
            [
              -81.987277,
              36.208897
            ],
            [
              -81.987994,
              36.208952
            ],
            [
              -81.987215,
              36.210308
            ],
            [
              -81.985665,
              36.210672
            ],
            [
              -81.98365,
              36.209531
            ],
            [
              -81.982762,
              36.211165
            ],
            [
              -81.980897,
              36.211967
            ],
            [
              -81.985193,
              36.213604
            ],
            [
              -81.986553,
              36.21527
            ],
            [
              -81.994933,
              36.21587
            ],
            [
              -81.996853,
              36.218418
            ],
            [
              -81.99858,
              36.217685
            ],
            [
              -82.001784,
              36.218316
            ],
            [
              -82.001893,
              36.219185
            ],
            [
              -82.003225,
              36.219332
            ],
            [
              -82.003198,
              36.221476
            ],
            [
              -82.005807,
              36.222896
            ],
            [
              -82.014106,
              36.223448
            ],
            [
              -82.015383,
              36.222398
            ],
            [
              -82.016913,
              36.222516
            ],
            [
              -82.018675,
              36.221088
            ],
            [
              -82.018211,
              36.220258
            ],
            [
              -82.020143,
              36.219775
            ],
            [
              -82.032588,
              36.22077
            ],
            [
              -82.032342,
              36.219033
            ],
            [
              -82.033947,
              36.219165
            ],
            [
              -82.03756,
              36.217324
            ],
            [
              -82.038728,
              36.217596
            ],
            [
              -82.039083,
              36.220263
            ],
            [
              -82.042109,
              36.222599
            ],
            [
              -82.042471,
              36.221568
            ],
            [
              -82.043489,
              36.222044
            ],
            [
              -82.044001,
              36.221627
            ],
            [
              -82.046323,
              36.222972
            ],
            [
              -82.049247,
              36.223127
            ],
            [
              -82.050135,
              36.220706
            ],
            [
              -82.052744,
              36.220144
            ],
            [
              -82.052812,
              36.219217
            ],
            [
              -82.053529,
              36.219754
            ],
            [
              -82.055613,
              36.219303
            ],
            [
              -82.060865,
              36.215585
            ],
            [
              -82.061855,
              36.21627
            ],
            [
              -82.062354,
              36.218382
            ],
            [
              -82.066698,
              36.217273
            ],
            [
              -82.068938,
              36.21808
            ],
            [
              -82.069491,
              36.217257
            ],
            [
              -82.071964,
              36.217839
            ],
            [
              -82.072879,
              36.216704
            ],
            [
              -82.076383,
              36.217069
            ],
            [
              -82.080679,
              36.220141
            ],
            [
              -82.085795,
              36.220976
            ],
            [
              -82.089504,
              36.219734
            ],
            [
              -82.092612,
              36.220519
            ],
            [
              -82.095931,
              36.222916
            ],
            [
              -82.100145,
              36.223035
            ],
            [
              -82.107973,
              36.226824
            ],
            [
              -82.113341,
              36.227885
            ],
            [
              -82.113806,
              36.230689
            ],
            [
              -82.11606,
              36.232313
            ],
            [
              -82.116415,
              36.234976
            ],
            [
              -82.119707,
              36.236985
            ],
            [
              -82.120096,
              36.238315
            ],
            [
              -82.121558,
              36.239199
            ],
            [
              -82.123027,
              36.241847
            ],
            [
              -82.123552,
              36.245824
            ],
            [
              -82.123061,
              36.245621
            ],
            [
              -82.123061,
              36.251794
            ],
            [
              -82.121824,
              36.25204
            ],
            [
              -82.121128,
              36.255148
            ],
            [
              -82.121982,
              36.256616
            ],
            [
              -82.123976,
              36.254114
            ],
            [
              -82.126196,
              36.260852
            ],
            [
              -82.12427,
              36.263424
            ],
            [
              -82.123191,
              36.263508
            ],
            [
              -82.123915,
              36.266246
            ],
            [
              -82.129802,
              36.270538
            ],
            [
              -82.131038,
              36.26995
            ],
            [
              -82.132452,
              36.271341
            ],
            [
              -82.132247,
              36.272965
            ],
            [
              -82.133982,
              36.271894
            ],
            [
              -82.134877,
              36.272393
            ],
            [
              -82.133593,
              36.273058
            ],
            [
              -82.137117,
              36.278172
            ],
            [
              -82.13847,
              36.279014
            ],
            [
              -82.136981,
              36.279848
            ],
            [
              -82.137404,
              36.281296
            ],
            [
              -82.139337,
              36.282433
            ],
            [
              -82.138968,
              36.283158
            ],
            [
              -82.137773,
              36.282737
            ],
            [
              -82.139685,
              36.28399
            ],
            [
              -82.137424,
              36.283856
            ],
            [
              -82.137773,
              36.285015
            ],
            [
              -82.134631,
              36.285433
            ],
            [
              -82.135423,
              36.284605
            ],
            [
              -82.130389,
              36.283382
            ],
            [
              -82.128928,
              36.283993
            ],
            [
              -82.124625,
              36.282773
            ],
            [
              -82.122774,
              36.281256
            ],
            [
              -82.123013,
              36.279967
            ],
            [
              -82.121046,
              36.279341
            ],
            [
              -82.118327,
              36.280281
            ],
            [
              -82.11873,
              36.282619
            ],
            [
              -82.117385,
              36.283828
            ],
            [
              -82.120076,
              36.284092
            ],
            [
              -82.119086,
              36.284243
            ],
            [
              -82.118792,
              36.288223
            ],
            [
              -82.119482,
              36.286712
            ],
            [
              -82.120294,
              36.286668
            ],
            [
              -82.120158,
              36.290408
            ],
            [
              -82.120711,
              36.290653
            ],
            [
              -82.119775,
              36.29205
            ],
            [
              -82.120731,
              36.294428
            ],
            [
              -82.119557,
              36.294353
            ],
            [
              -82.120971,
              36.294647
            ],
            [
              -82.121298,
              36.295721
            ],
            [
              -82.122145,
              36.294527
            ],
            [
              -82.121653,
              36.293955
            ],
            [
              -82.122241,
              36.293388
            ],
            [
              -82.124686,
              36.29639
            ],
            [
              -82.126974,
              36.29704
            ],
            [
              -82.128566,
              36.300757
            ],
            [
              -82.127944,
              36.30209
            ],
            [
              -82.131339,
              36.301288
            ],
            [
              -82.13082,
              36.302455
            ],
            [
              -82.131469,
              36.302535
            ],
            [
              -82.129222,
              36.304751
            ],
            [
              -82.12834,
              36.307809
            ],
            [
              -82.129741,
              36.309391
            ],
            [
              -82.132493,
              36.310305
            ],
            [
              -82.132316,
              36.311623
            ],
            [
              -82.129932,
              36.312793
            ],
            [
              -82.130273,
              36.313709
            ],
            [
              -82.128115,
              36.314142
            ],
            [
              -82.126189,
              36.316441
            ],
            [
              -82.12388,
              36.316526
            ],
            [
              -82.125369,
              36.317566
            ],
            [
              -82.123552,
              36.320633
            ],
            [
              -82.123908,
              36.322484
            ],
            [
              -82.121408,
              36.323578
            ],
            [
              -82.121524,
              36.324548
            ],
            [
              -82.11619,
              36.325728
            ],
            [
              -82.115971,
              36.326811
            ],
            [
              -82.116968,
              36.32748
            ],
            [
              -82.114386,
              36.329344
            ],
            [
              -82.112207,
              36.329375
            ],
            [
              -82.11136,
              36.32847
            ],
            [
              -82.110445,
              36.329811
            ],
            [
              -82.106272,
              36.330228
            ],
            [
              -82.105398,
              36.331192
            ],
            [
              -82.098561,
              36.334027
            ],
            [
              -82.086287,
              36.342841
            ],
            [
              -82.085529,
              36.344446
            ],
            [
              -82.081663,
              36.346072
            ],
            [
              -82.077052,
              36.349453
            ],
            [
              -82.076417,
              36.351012
            ],
            [
              -82.076916,
              36.351632
            ],
            [
              -82.072872,
              36.354235
            ],
            [
              -82.061446,
              36.365045
            ],
            [
              -82.055612,
              36.36918
            ],
            [
              -82.053454,
              36.37191
            ],
            [
              -82.047833,
              36.376253
            ],
            [
              -82.044391,
              36.380004
            ],
            [
              -82.039206,
              36.382905
            ],
            [
              -82.033469,
              36.389727
            ],
            [
              -82.03282,
              36.389377
            ],
            [
              -82.021742,
              36.403889
            ],
            [
              -82.01375,
              36.409423
            ],
            [
              -82.01334,
              36.410731
            ],
            [
              -82.012172,
              36.411137
            ],
            [
              -82.010615,
              36.413402
            ],
            [
              -82.006257,
              36.416499
            ],
            [
              -82.005342,
              36.418982
            ],
            [
              -82.006442,
              36.422218
            ],
            [
              -82.002009,
              36.425771
            ],
            [
              -81.997358,
              36.425905
            ],
            [
              -81.994721,
              36.430977
            ],
            [
              -81.993328,
              36.432005
            ],
            [
              -81.992843,
              36.433627
            ],
            [
              -81.990931,
              36.435419
            ],
            [
              -81.99022,
              36.437722
            ],
            [
              -81.982413,
              36.442052
            ],
            [
              -81.98018,
              36.447487
            ],
            [
              -81.972763,
              36.454975
            ],
            [
              -81.969655,
              36.459296
            ],
            [
              -81.965461,
              36.46325
            ],
            [
              -81.962531,
              36.464195
            ],
            [
              -81.959587,
              36.466504
            ],
            [
              -81.955625,
              36.467717
            ],
            [
              -81.954416,
              36.469991
            ],
            [
              -81.954601,
              36.471315
            ],
            [
              -81.955366,
              36.471543
            ],
            [
              -81.954246,
              36.473853
            ],
            [
              -81.956787,
              36.475082
            ],
            [
              -81.95792,
              36.476966
            ],
            [
              -81.963801,
              36.481847
            ],
            [
              -81.964648,
              36.480055
            ],
            [
              -81.96891,
              36.481939
            ],
            [
              -81.968316,
              36.483151
            ],
            [
              -81.969013,
              36.484401
            ],
            [
              -81.971137,
              36.48398
            ],
            [
              -81.97113,
              36.485765
            ],
            [
              -81.972393,
              36.486098
            ],
            [
              -81.972701,
              36.48923
            ],
            [
              -81.977612,
              36.495007
            ],
            [
              -81.978902,
              36.495231
            ],
            [
              -81.979155,
              36.497223
            ],
            [
              -81.985405,
              36.500225
            ],
            [
              -81.987365,
              36.499707
            ],
            [
              -81.985016,
              36.504173
            ],
            [
              -81.986061,
              36.50912
            ],
            [
              -81.983882,
              36.510339
            ],
            [
              -81.981211,
              36.509829
            ],
            [
              -81.980535,
              36.511126
            ],
            [
              -81.973917,
              36.516377
            ],
            [
              -81.97266,
              36.5233
            ],
            [
              -81.968002,
              36.527018
            ],
            [
              -81.96363,
              36.532787
            ],
            [
              -81.959355,
              36.534647
            ],
            [
              -81.955871,
              36.535222
            ],
            [
              -81.953822,
              36.536667
            ],
            [
              -81.948474,
              36.537938
            ],
            [
              -81.948898,
              36.538728
            ],
            [
              -81.943468,
              36.544757
            ],
            [
              -81.939376,
              36.546759
            ],
            [
              -81.937649,
              36.54925
            ],
            [
              -81.931856,
              36.552175
            ],
            [
              -81.930094,
              36.554283
            ],
            [
              -81.930292,
              36.555295
            ],
            [
              -81.931358,
              36.555582
            ],
            [
              -81.931009,
              36.557237
            ],
            [
              -81.931979,
              36.558343
            ],
            [
              -81.931686,
              36.560804
            ],
            [
              -81.932642,
              36.561042
            ],
            [
              -81.931645,
              36.564462
            ],
            [
              -81.929998,
              36.566541
            ],
            [
              -81.925067,
              36.570116
            ],
            [
              -81.920231,
              36.572371
            ],
            [
              -81.918121,
              36.57266
            ],
            [
              -81.912104,
              36.575708
            ],
            [
              -81.90847,
              36.578492
            ],
            [
              -81.906346,
              36.578713
            ],
            [
              -81.904098,
              36.581394
            ],
            [
              -81.902712,
              36.581824
            ],
            [
              -81.901366,
              36.580209
            ],
            [
              -81.897883,
              36.579953
            ],
            [
              -81.890185,
              36.581654
            ],
            [
              -81.887583,
              36.581108
            ],
            [
              -81.883628,
              36.582138
            ],
            [
              -81.882078,
              36.583438
            ],
            [
              -81.879332,
              36.583774
            ],
            [
              -81.875186,
              36.587503
            ],
            [
              -81.874503,
              36.591578
            ],
            [
              -81.876006,
              36.593413
            ],
            [
              -81.875022,
              36.593887
            ],
            [
              -81.872816,
              36.601036
            ],
            [
              -81.861656,
              36.605962
            ],
            [
              -81.859053,
              36.606026
            ],
            [
              -81.854511,
              36.603992
            ],
            [
              -81.850386,
              36.603087
            ],
            [
              -81.845905,
              36.604054
            ],
            [
              -81.844976,
              36.605219
            ],
            [
              -81.843037,
              36.604448
            ],
            [
              -81.841739,
              36.605073
            ],
            [
              -81.840885,
              36.604725
            ],
            [
              -81.839621,
              36.607089
            ],
            [
              -81.835025,
              36.608331
            ],
            [
              -81.831084,
              36.607699
            ],
            [
              -81.828597,
              36.609553
            ],
            [
              -81.827368,
              36.613415
            ],
            [
              -81.821556,
              36.615824
            ],
            [
              -81.818626,
              36.615355
            ],
            [
              -81.811686,
              36.617377
            ],
            [
              -81.808735,
              36.620689
            ],
            [
              -81.804692,
              36.620575
            ],
            [
              -81.804255,
              36.622444
            ],
            [
              -81.800949,
              36.62476
            ],
            [
              -81.800669,
              36.626799
            ],
            [
              -81.7989,
              36.627943
            ],
            [
              -81.796298,
              36.628384
            ],
            [
              -81.795451,
              36.627423
            ],
            [
              -81.794788,
              36.629485
            ],
            [
              -81.79668,
              36.630878
            ],
            [
              -81.79515,
              36.631425
            ],
            [
              -81.794624,
              36.630926
            ],
            [
              -81.793716,
              36.632147
            ],
            [
              -81.792719,
              36.631297
            ],
            [
              -81.791428,
              36.631524
            ],
            [
              -81.791947,
              36.635456
            ],
            [
              -81.786305,
              36.634202
            ],
            [
              -81.786735,
              36.632675
            ],
            [
              -81.784912,
              36.631103
            ],
            [
              -81.777966,
              36.629384
            ],
            [
              -81.776756,
              36.628495
            ],
            [
              -81.772645,
              36.627721
            ],
            [
              -81.771941,
              36.62858
            ],
            [
              -81.771217,
              36.628195
            ],
            [
              -81.770527,
              36.629189
            ],
            [
              -81.773068,
              36.630847
            ],
            [
              -81.772453,
              36.633319
            ],
            [
              -81.774448,
              36.632688
            ],
            [
              -81.775527,
              36.63395
            ],
            [
              -81.768396,
              36.635096
            ],
            [
              -81.765282,
              36.637257
            ],
            [
              -81.762912,
              36.637962
            ],
            [
              -81.756819,
              36.643549
            ],
            [
              -81.753998,
              36.642749
            ],
            [
              -81.753055,
              36.643204
            ],
            [
              -81.750891,
              36.642681
            ],
            [
              -81.750214,
              36.643526
            ],
            [
              -81.748015,
              36.64358
            ],
            [
              -81.747421,
              36.645596
            ],
            [
              -81.745085,
              36.6442
            ],
            [
              -81.741629,
              36.645556
            ],
            [
              -81.741793,
              36.646562
            ],
            [
              -81.740126,
              36.647736
            ],
            [
              -81.738234,
              36.646057
            ],
            [
              -81.738746,
              36.645445
            ],
            [
              -81.73695,
              36.645375
            ],
            [
              -81.736274,
              36.646222
            ],
            [
              -81.736205,
              36.644503
            ],
            [
              -81.737708,
              36.643367
            ],
            [
              -81.737422,
              36.64123
            ],
            [
              -81.734833,
              36.641487
            ],
            [
              -81.731547,
              36.637649
            ],
            [
              -81.730919,
              36.633851
            ],
            [
              -81.728624,
              36.633049
            ],
            [
              -81.726452,
              36.63318
            ],
            [
              -81.724868,
              36.63115
            ],
            [
              -81.722046,
              36.631332
            ],
            [
              -81.72092,
              36.632017
            ],
            [
              -81.71857,
              36.63053
            ],
            [
              -81.718345,
              36.631122
            ],
            [
              -81.717764,
              36.630289
            ],
            [
              -81.717559,
              36.630755
            ],
            [
              -81.7173,
              36.630202
            ],
            [
              -81.717538,
              36.631661
            ],
            [
              -81.716248,
              36.630447
            ],
            [
              -81.714984,
              36.631523
            ],
            [
              -81.715933,
              36.631774
            ],
            [
              -81.71525,
              36.631812
            ],
            [
              -81.715859,
              36.632255
            ],
            [
              -81.713953,
              36.632924
            ],
            [
              -81.715565,
              36.633147
            ],
            [
              -81.714417,
              36.633399
            ],
            [
              -81.71674,
              36.634787
            ],
            [
              -81.715107,
              36.634763
            ],
            [
              -81.712184,
              36.636477
            ],
            [
              -81.710148,
              36.638964
            ],
            [
              -81.703707,
              36.642723
            ],
            [
              -81.701645,
              36.64468
            ],
            [
              -81.70032,
              36.644195
            ],
            [
              -81.698851,
              36.644924
            ],
            [
              -81.698291,
              36.647098
            ],
            [
              -81.695532,
              36.650208
            ],
            [
              -81.690491,
              36.652651
            ],
            [
              -81.691536,
              36.65203
            ],
            [
              -81.690956,
              36.651211
            ],
            [
              -81.691536,
              36.650861
            ],
            [
              -81.690641,
              36.651479
            ],
            [
              -81.690013,
              36.65107
            ],
            [
              -81.687984,
              36.652033
            ],
            [
              -81.686783,
              36.651039
            ],
            [
              -81.687014,
              36.653102
            ],
            [
              -81.685061,
              36.65255
            ],
            [
              -81.685362,
              36.654439
            ],
            [
              -81.682015,
              36.653415
            ],
            [
              -81.678169,
              36.65421
            ],
            [
              -81.679542,
              36.65205
            ],
            [
              -81.678907,
              36.651817
            ],
            [
              -81.679051,
              36.648131
            ],
            [
              -81.676714,
              36.647355
            ],
            [
              -81.673928,
              36.650292
            ],
            [
              -81.672671,
              36.64999
            ],
            [
              -81.672118,
              36.646935
            ],
            [
              -81.669707,
              36.647643
            ],
            [
              -81.669475,
              36.648848
            ],
            [
              -81.66565,
              36.649775
            ],
            [
              -81.662624,
              36.649634
            ],
            [
              -81.662761,
              36.648471
            ],
            [
              -81.664291,
              36.64805
            ],
            [
              -81.66442,
              36.647368
            ],
            [
              -81.662583,
              36.645806
            ],
            [
              -81.661586,
              36.646009
            ],
            [
              -81.661948,
              36.643211
            ],
            [
              -81.659748,
              36.644268
            ],
            [
              -81.650999,
              36.644761
            ],
            [
              -81.64925,
              36.643618
            ],
            [
              -81.650063,
              36.640709
            ],
            [
              -81.648369,
              36.640966
            ],
            [
              -81.648185,
              36.638364
            ],
            [
              -81.646716,
              36.638807
            ],
            [
              -81.647331,
              36.637023
            ],
            [
              -81.6441,
              36.635348
            ]
          ],
          [
            [
              -81.64352,
              36.638563
            ],
            [
              -81.64311,
              36.637355
            ],
            [
              -81.641164,
              36.636802
            ],
            [
              -81.6399,
              36.637611
            ],
            [
              -81.640125,
              36.638568
            ],
            [
              -81.638589,
              36.638655
            ],
            [
              -81.638916,
              36.639715
            ],
            [
              -81.63589,
              36.639379
            ],
            [
              -81.634764,
              36.640704
            ],
            [
              -81.63281,
              36.635749
            ],
            [
              -81.63029,
              36.63309
            ],
            [
              -81.628097,
              36.632301
            ],
            [
              -81.626267,
              36.632847
            ],
            [
              -81.617244,
              36.632031
            ],
            [
              -81.619307,
              36.632836
            ],
            [
              -81.620734,
              36.634345
            ],
            [
              -81.614478,
              36.635827
            ],
            [
              -81.611281,
              36.634766
            ],
            [
              -81.607566,
              36.632356
            ],
            [
              -81.601883,
              36.631774
            ],
            [
              -81.602409,
              36.634534
            ],
            [
              -81.598823,
              36.636952
            ],
            [
              -81.59993,
              36.639478
            ],
            [
              -81.599124,
              36.641109
            ],
            [
              -81.593762,
              36.642517
            ],
            [
              -81.58853,
              36.64001
            ],
            [
              -81.588578,
              36.639113
            ],
            [
              -81.587492,
              36.638767
            ],
            [
              -81.58601,
              36.640823
            ],
            [
              -81.586037,
              36.643175
            ],
            [
              -81.584405,
              36.646375
            ],
            [
              -81.582786,
              36.646148
            ],
            [
              -81.579535,
              36.647735
            ],
            [
              -81.574699,
              36.654598
            ],
            [
              -81.569638,
              36.657232
            ],
            [
              -81.566345,
              36.657178
            ],
            [
              -81.56041,
              36.659408
            ],
            [
              -81.558067,
              36.659442
            ],
            [
              -81.557808,
              36.658922
            ],
            [
              -81.555035,
              36.659494
            ],
            [
              -81.554932,
              36.658061
            ],
            [
              -81.552241,
              36.65342
            ],
            [
              -81.552139,
              36.654166
            ],
            [
              -81.549523,
              36.651974
            ],
            [
              -81.547364,
              36.651703
            ],
            [
              -81.54746,
              36.65122
            ],
            [
              -81.544305,
              36.650786
            ],
            [
              -81.542741,
              36.651302
            ],
            [
              -81.540848,
              36.655598
            ],
            [
              -81.537734,
              36.657309
            ],
            [
              -81.537659,
              36.658156
            ],
            [
              -81.534927,
              36.656571
            ],
            [
              -81.534128,
              36.655306
            ],
            [
              -81.529551,
              36.6541
            ],
            [
              -81.526942,
              36.654612
            ],
            [
              -81.525986,
              36.65591
            ],
            [
              -81.523418,
              36.656766
            ],
            [
              -81.522653,
              36.658027
            ],
            [
              -81.518746,
              36.653433
            ],
            [
              -81.516902,
              36.653051
            ],
            [
              -81.515071,
              36.646454
            ],
            [
              -81.516397,
              36.645355
            ],
            [
              -81.515741,
              36.64067
            ],
            [
              -81.514764,
              36.639135
            ],
            [
              -81.511581,
              36.638288
            ],
            [
              -81.510181,
              36.63856
            ],
            [
              -81.506506,
              36.641302
            ],
            [
              -81.501295,
              36.643445
            ],
            [
              -81.500079,
              36.642979
            ],
            [
              -81.500113,
              36.644045
            ],
            [
              -81.506588,
              36.644151
            ],
            [
              -81.505011,
              36.647229
            ],
            [
              -81.501834,
              36.649915
            ],
            [
              -81.499655,
              36.653533
            ],
            [
              -81.497832,
              36.654809
            ],
            [
              -81.498508,
              36.655304
            ],
            [
              -81.495421,
              36.655617
            ],
            [
              -81.49286,
              36.653823
            ],
            [
              -81.491685,
              36.651682
            ],
            [
              -81.488133,
              36.650078
            ],
            [
              -81.486057,
              36.650979
            ],
            [
              -81.482485,
              36.65103
            ],
            [
              -81.479752,
              36.651886
            ],
            [
              -81.479295,
              36.656379
            ],
            [
              -81.480818,
              36.657962
            ],
            [
              -81.479759,
              36.661016
            ],
            [
              -81.48271,
              36.665009
            ],
            [
              -81.482908,
              36.666489
            ],
            [
              -81.485251,
              36.669422
            ],
            [
              -81.48691,
              36.669826
            ],
            [
              -81.489212,
              36.673679
            ],
            [
              -81.490462,
              36.673949
            ],
            [
              -81.492682,
              36.676843
            ],
            [
              -81.492661,
              36.678344
            ],
            [
              -81.495783,
              36.678448
            ],
            [
              -81.500687,
              36.676976
            ],
            [
              -81.501124,
              36.676165
            ],
            [
              -81.500953,
              36.677858
            ],
            [
              -81.505359,
              36.678705
            ],
            [
              -81.508555,
              36.678187
            ],
            [
              -81.511807,
              36.676719
            ],
            [
              -81.514634,
              36.67691
            ],
            [
              -81.515358,
              36.677603
            ],
            [
              -81.511916,
              36.679376
            ],
            [
              -81.510816,
              36.681569
            ],
            [
              -81.511048,
              36.684284
            ],
            [
              -81.511943,
              36.684631
            ],
            [
              -81.509511,
              36.686235
            ],
            [
              -81.509949,
              36.688703
            ],
            [
              -81.506035,
              36.690041
            ],
            [
              -81.507435,
              36.691403
            ],
            [
              -81.50706,
              36.692326
            ],
            [
              -81.507832,
              36.693427
            ],
            [
              -81.50887,
              36.692985
            ],
            [
              -81.510263,
              36.693649
            ],
            [
              -81.505844,
              36.695653
            ],
            [
              -81.50721,
              36.69697
            ],
            [
              -81.505584,
              36.698393
            ],
            [
              -81.505796,
              36.699138
            ],
            [
              -81.511185,
              36.698833
            ],
            [
              -81.518876,
              36.700742
            ],
            [
              -81.51863,
              36.702174
            ],
            [
              -81.521328,
              36.702972
            ],
            [
              -81.522783,
              36.704611
            ],
            [
              -81.522175,
              36.705256
            ],
            [
              -81.515823,
              36.70659
            ],
            [
              -81.51542,
              36.707203
            ],
            [
              -81.518507,
              36.708089
            ],
            [
              -81.518814,
              36.708955
            ],
            [
              -81.517025,
              36.711149
            ],
            [
              -81.515508,
              36.711379
            ],
            [
              -81.514894,
              36.712677
            ],
            [
              -81.512175,
              36.714348
            ],
            [
              -81.512435,
              36.71283
            ],
            [
              -81.507804,
              36.71564
            ],
            [
              -81.51165,
              36.717462
            ],
            [
              -81.514764,
              36.717361
            ],
            [
              -81.511936,
              36.718791
            ],
            [
              -81.511157,
              36.71851
            ],
            [
              -81.509614,
              36.719393
            ],
            [
              -81.506738,
              36.718698
            ],
            [
              -81.501582,
              36.719569
            ],
            [
              -81.499512,
              36.716331
            ],
            [
              -81.495161,
              36.716074
            ],
            [
              -81.492347,
              36.716791
            ],
            [
              -81.487969,
              36.716295
            ],
            [
              -81.486596,
              36.71857
            ],
            [
              -81.485777,
              36.718486
            ],
            [
              -81.484384,
              36.719701
            ],
            [
              -81.483659,
              36.719328
            ],
            [
              -81.483249,
              36.720157
            ],
            [
              -81.481009,
              36.718618
            ],
            [
              -81.48036,
              36.719249
            ],
            [
              -81.479035,
              36.71879
            ],
            [
              -81.478666,
              36.717699
            ],
            [
              -81.477205,
              36.718067
            ],
            [
              -81.475771,
              36.715096
            ],
            [
              -81.47392,
              36.714328
            ],
            [
              -81.475053,
              36.715946
            ],
            [
              -81.473031,
              36.717606
            ],
            [
              -81.469944,
              36.716244
            ],
            [
              -81.466229,
              36.71867
            ],
            [
              -81.464118,
              36.718653
            ],
            [
              -81.461434,
              36.720505
            ],
            [
              -81.461318,
              36.721943
            ],
            [
              -81.460314,
              36.722118
            ],
            [
              -81.458736,
              36.724045
            ],
            [
              -81.458408,
              36.72581
            ],
            [
              -81.460423,
              36.725735
            ],
            [
              -81.462971,
              36.727145
            ],
            [
              -81.463128,
              36.728039
            ],
            [
              -81.467704,
              36.729207
            ],
            [
              -81.47435,
              36.729433
            ],
            [
              -81.475449,
              36.731121
            ],
            [
              -81.477314,
              36.730291
            ],
            [
              -81.470832,
              36.735633
            ],
            [
              -81.473626,
              36.735498
            ],
            [
              -81.4734,
              36.737171
            ],
            [
              -81.474056,
              36.737752
            ],
            [
              -81.472274,
              36.740252
            ],
            [
              -81.473619,
              36.740844
            ],
            [
              -81.47521,
              36.740495
            ],
            [
              -81.477546,
              36.74198
            ],
            [
              -81.476078,
              36.74407
            ],
            [
              -81.476993,
              36.744384
            ],
            [
              -81.476638,
              36.745163
            ],
            [
              -81.47782,
              36.746436
            ],
            [
              -81.481576,
              36.747321
            ],
            [
              -81.482116,
              36.749426
            ],
            [
              -81.483919,
              36.749844
            ],
            [
              -81.486808,
              36.748951
            ],
            [
              -81.487074,
              36.751603
            ],
            [
              -81.488959,
              36.751732
            ],
            [
              -81.492942,
              36.753726
            ],
            [
              -81.492081,
              36.754135
            ],
            [
              -81.492074,
              36.755715
            ],
            [
              -81.491009,
              36.756563
            ],
            [
              -81.495544,
              36.756584
            ],
            [
              -81.495161,
              36.759221
            ],
            [
              -81.492778,
              36.76228
            ],
            [
              -81.491965,
              36.762155
            ],
            [
              -81.49245,
              36.763133
            ],
            [
              -81.494096,
              36.763372
            ],
            [
              -81.490879,
              36.767584
            ],
            [
              -81.487751,
              36.769636
            ],
            [
              -81.484459,
              36.77067
            ],
            [
              -81.484062,
              36.77197
            ],
            [
              -81.486207,
              36.773365
            ],
            [
              -81.492074,
              36.771158
            ],
            [
              -81.494458,
              36.769135
            ],
            [
              -81.495899,
              36.769305
            ],
            [
              -81.495578,
              36.771504
            ],
            [
              -81.493939,
              36.771986
            ],
            [
              -81.49092,
              36.774387
            ],
            [
              -81.490162,
              36.776594
            ],
            [
              -81.487655,
              36.778568
            ],
            [
              -81.485182,
              36.779369
            ],
            [
              -81.484629,
              36.780464
            ],
            [
              -81.480551,
              36.781459
            ],
            [
              -81.473619,
              36.786492
            ],
            [
              -81.470662,
              36.786689
            ],
            [
              -81.469275,
              36.788952
            ],
            [
              -81.466126,
              36.790677
            ],
            [
              -81.461891,
              36.79128
            ],
            [
              -81.456516,
              36.793453
            ],
            [
              -81.454884,
              36.795758
            ],
            [
              -81.451599,
              36.796818
            ],
            [
              -81.451783,
              36.798289
            ],
            [
              -81.448969,
              36.799355
            ],
            [
              -81.446578,
              36.798633
            ],
            [
              -81.445622,
              36.800773
            ],
            [
              -81.444365,
              36.800474
            ],
            [
              -81.443313,
              36.801134
            ],
            [
              -81.442856,
              36.7999
            ],
            [
              -81.441278,
              36.801008
            ],
            [
              -81.440807,
              36.800544
            ],
            [
              -81.439912,
              36.802219
            ],
            [
              -81.439564,
              36.801839
            ],
            [
              -81.432672,
              36.804844
            ],
            [
              -81.427693,
              36.806153
            ],
            [
              -81.426224,
              36.807428
            ],
            [
              -81.425507,
              36.807225
            ],
            [
              -81.422392,
              36.809499
            ],
            [
              -81.421962,
              36.810783
            ],
            [
              -81.416532,
              36.812515
            ],
            [
              -81.412373,
              36.814717
            ],
            [
              -81.405249,
              36.815785
            ],
            [
              -81.401486,
              36.817511
            ],
            [
              -81.396568,
              36.818524
            ],
            [
              -81.394751,
              36.818022
            ],
            [
              -81.387497,
              36.820205
            ],
            [
              -81.381466,
              36.8202
            ],
            [
              -81.373953,
              36.823442
            ],
            [
              -81.374533,
              36.823425
            ],
            [
              -81.372792,
              36.824712
            ],
            [
              -81.374315,
              36.82734
            ],
            [
              -81.373748,
              36.828313
            ],
            [
              -81.374472,
              36.828788
            ],
            [
              -81.372771,
              36.829873
            ],
            [
              -81.370626,
              36.835009
            ],
            [
              -81.371849,
              36.83609
            ],
            [
              -81.370408,
              36.836684
            ],
            [
              -81.373427,
              36.838156
            ],
            [
              -81.372505,
              36.839294
            ],
            [
              -81.369964,
              36.840109
            ],
            [
              -81.364274,
              36.840064
            ],
            [
              -81.360245,
              36.841194
            ],
            [
              -81.35782,
              36.840946
            ],
            [
              -81.355798,
              36.84258
            ],
            [
              -81.356071,
              36.843976
            ],
            [
              -81.353845,
              36.846426
            ],
            [
              -81.357561,
              36.846967
            ],
            [
              -81.358667,
              36.846477
            ],
            [
              -81.358414,
              36.84586
            ],
            [
              -81.361385,
              36.847564
            ],
            [
              -81.362909,
              36.85007
            ],
            [
              -81.364336,
              36.850694
            ],
            [
              -81.36506,
              36.852344
            ],
            [
              -81.364404,
              36.855546
            ],
            [
              -81.361296,
              36.858316
            ],
            [
              -81.361938,
              36.860268
            ],
            [
              -81.360969,
              36.861945
            ],
            [
              -81.359582,
              36.86236
            ],
            [
              -81.356167,
              36.866427
            ],
            [
              -81.356126,
              36.867691
            ],
            [
              -81.35795,
              36.87055
            ],
            [
              -81.356556,
              36.87263
            ],
            [
              -81.358735,
              36.874313
            ],
            [
              -81.358469,
              36.875236
            ],
            [
              -81.355764,
              36.877148
            ],
            [
              -81.356741,
              36.877673
            ],
            [
              -81.358278,
              36.877251
            ],
            [
              -81.357588,
              36.878394
            ],
            [
              -81.358674,
              36.880288
            ],
            [
              -81.361344,
              36.88181
            ],
            [
              -81.361747,
              36.883382
            ],
            [
              -81.362594,
              36.883476
            ],
            [
              -81.362731,
              36.882509
            ],
            [
              -81.365135,
              36.88238
            ],
            [
              -81.365524,
              36.884777
            ],
            [
              -81.370681,
              36.883381
            ],
            [
              -81.371583,
              36.883996
            ],
            [
              -81.370565,
              36.884545
            ],
            [
              -81.37312,
              36.88558
            ],
            [
              -81.371166,
              36.886483
            ],
            [
              -81.371494,
              36.889763
            ],
            [
              -81.370285,
              36.890213
            ],
            [
              -81.368079,
              36.893855
            ],
            [
              -81.368543,
              36.894264
            ],
            [
              -81.366761,
              36.896219
            ],
            [
              -81.372034,
              36.898684
            ],
            [
              -81.37355,
              36.901994
            ],
            [
              -81.371801,
              36.903798
            ],
            [
              -81.373338,
              36.905078
            ],
            [
              -81.373154,
              36.905962
            ],
            [
              -81.374205,
              36.906182
            ],
            [
              -81.374397,
              36.907324
            ],
            [
              -81.375305,
              36.907614
            ],
            [
              -81.374192,
              36.910455
            ],
            [
              -81.374814,
              36.912132
            ],
            [
              -81.375831,
              36.912685
            ],
            [
              -81.375756,
              36.914022
            ],
            [
              -81.376535,
              36.913936
            ],
            [
              -81.376972,
              36.916008
            ],
            [
              -81.375039,
              36.918313
            ],
            [
              -81.371105,
              36.920265
            ],
            [
              -81.369602,
              36.919596
            ],
            [
              -81.364616,
              36.920761
            ],
            [
              -81.362628,
              36.922773
            ],
            [
              -81.36049,
              36.923196
            ],
            [
              -81.359801,
              36.924095
            ],
            [
              -81.361775,
              36.926701
            ],
            [
              -81.365258,
              36.934416
            ],
            [
              -81.364411,
              36.936728
            ],
            [
              -81.3609,
              36.941226
            ],
            [
              -81.361474,
              36.942333
            ],
            [
              -81.361549,
              36.941605
            ],
            [
              -81.362902,
              36.94364
            ],
            [
              -81.364739,
              36.944701
            ],
            [
              -81.363052,
              36.944922
            ],
            [
              -81.362191,
              36.947762
            ],
            [
              -81.363059,
              36.947636
            ],
            [
              -81.363366,
              36.95024
            ],
            [
              -81.367123,
              36.952953
            ],
            [
              -81.368707,
              36.952538
            ],
            [
              -81.368257,
              36.953878
            ],
            [
              -81.368885,
              36.953391
            ],
            [
              -81.3684,
              36.954824
            ],
            [
              -81.3695,
              36.954264
            ],
            [
              -81.370736,
              36.956464
            ],
            [
              -81.372321,
              36.954938
            ],
            [
              -81.373728,
              36.954839
            ],
            [
              -81.374253,
              36.953823
            ],
            [
              -81.378515,
              36.951484
            ],
            [
              -81.379813,
              36.951565
            ],
            [
              -81.378638,
              36.953165
            ],
            [
              -81.378952,
              36.955498
            ],
            [
              -81.379533,
              36.955269
            ],
            [
              -81.381125,
              36.958322
            ],
            [
              -81.381664,
              36.958039
            ],
            [
              -81.381425,
              36.958749
            ],
            [
              -81.384854,
              36.961303
            ],
            [
              -81.384622,
              36.960501
            ],
            [
              -81.385994,
              36.961051
            ],
            [
              -81.385872,
              36.96205
            ],
            [
              -81.39012,
              36.964281
            ],
            [
              -81.39234,
              36.963469
            ],
            [
              -81.393501,
              36.963848
            ],
            [
              -81.394819,
              36.963177
            ],
            [
              -81.393713,
              36.971014
            ],
            [
              -81.394334,
              36.971701
            ],
            [
              -81.395441,
              36.971256
            ],
            [
              -81.395441,
              36.971957
            ],
            [
              -81.396178,
              36.970954
            ],
            [
              -81.396315,
              36.971834
            ],
            [
              -81.397025,
              36.971532
            ],
            [
              -81.396581,
              36.972314
            ],
            [
              -81.398426,
              36.97404
            ],
            [
              -81.398535,
              36.975895
            ],
            [
              -81.401677,
              36.979763
            ],
            [
              -81.405508,
              36.980678
            ],
            [
              -81.406786,
              36.981728
            ],
            [
              -81.406137,
              36.983277
            ],
            [
              -81.407469,
              36.986909
            ],
            [
              -81.409135,
              36.987767
            ],
            [
              -81.408957,
              36.98829
            ],
            [
              -81.410153,
              36.988739
            ],
            [
              -81.407974,
              36.989263
            ],
            [
              -81.408466,
              36.991183
            ],
            [
              -81.409716,
              36.992256
            ],
            [
              -81.408957,
              36.993194
            ],
            [
              -81.407742,
              36.993245
            ],
            [
              -81.404258,
              36.995763
            ],
            [
              -81.40292,
              36.995869
            ],
            [
              -81.403548,
              36.997614
            ],
            [
              -81.403445,
              36.996963
            ],
            [
              -81.404852,
              36.997778
            ],
            [
              -81.403985,
              36.99916
            ],
            [
              -81.404327,
              37.000818
            ],
            [
              -81.402578,
              37.00004
            ],
            [
              -81.398207,
              37.002267
            ],
            [
              -81.397094,
              37.003912
            ],
            [
              -81.402783,
              37.002757
            ],
            [
              -81.405645,
              37.003892
            ],
            [
              -81.410255,
              37.003529
            ],
            [
              -81.411266,
              37.005711
            ],
            [
              -81.412291,
              37.005877
            ],
            [
              -81.412762,
              37.004942
            ],
            [
              -81.414237,
              37.006247
            ],
            [
              -81.4202,
              37.00586
            ],
            [
              -81.418301,
              37.008592
            ],
            [
              -81.417202,
              37.008715
            ],
            [
              -81.417782,
              37.011514
            ],
            [
              -81.418131,
              37.010936
            ],
            [
              -81.418267,
              37.012107
            ],
            [
              -81.419121,
              37.011246
            ],
            [
              -81.420173,
              37.012455
            ],
            [
              -81.419381,
              37.013278
            ],
            [
              -81.419968,
              37.015128
            ],
            [
              -81.423247,
              37.016405
            ],
            [
              -81.427502,
              37.015969
            ],
            [
              -81.431183,
              37.018198
            ],
            [
              -81.430179,
              37.019984
            ],
            [
              -81.430807,
              37.020825
            ],
            [
              -81.4291,
              37.021865
            ],
            [
              -81.425063,
              37.022684
            ],
            [
              -81.42662,
              37.024599
            ],
            [
              -81.425917,
              37.024279
            ],
            [
              -81.42311,
              37.03164
            ],
            [
              -81.424551,
              37.035581
            ],
            [
              -81.428458,
              37.035984
            ],
            [
              -81.427003,
              37.036728
            ],
            [
              -81.427262,
              37.037352
            ],
            [
              -81.423704,
              37.039066
            ],
            [
              -81.429933,
              37.042584
            ],
            [
              -81.432112,
              37.042785
            ],
            [
              -81.431668,
              37.043571
            ],
            [
              -81.425767,
              37.044796
            ],
            [
              -81.424401,
              37.046182
            ],
            [
              -81.418738,
              37.048726
            ],
            [
              -81.417352,
              37.050117
            ],
            [
              -81.407448,
              37.053859
            ],
            [
              -81.405891,
              37.053767
            ],
            [
              -81.401554,
              37.055869
            ],
            [
              -81.39932,
              37.05776
            ],
            [
              -81.389881,
              37.055387
            ],
            [
              -81.388412,
              37.05605
            ],
            [
              -81.38564,
              37.054923
            ],
            [
              -81.38038,
              37.055393
            ],
            [
              -81.377184,
              37.054214
            ],
            [
              -81.376733,
              37.055941
            ],
            [
              -81.374322,
              37.056771
            ],
            [
              -81.371453,
              37.056666
            ],
            [
              -81.366672,
              37.058141
            ],
            [
              -81.36534,
              37.057381
            ],
            [
              -81.359336,
              37.058183
            ],
            [
              -81.338648,
              37.0637
            ],
            [
              -81.330677,
              37.067074
            ],
            [
              -81.326531,
              37.067417
            ],
            [
              -81.318225,
              37.07141
            ],
            [
              -81.318369,
              37.07099
            ],
            [
              -81.316347,
              37.07103
            ],
            [
              -81.316545,
              37.071498
            ],
            [
              -81.31451,
              37.072202
            ],
            [
              -81.309954,
              37.075743
            ],
            [
              -81.304073,
              37.078329
            ],
            [
              -81.302837,
              37.07831
            ],
            [
              -81.300378,
              37.079779
            ],
            [
              -81.297994,
              37.080177
            ],
            [
              -81.292387,
              37.08281
            ],
            [
              -81.291635,
              37.083776
            ],
            [
              -81.28932,
              37.083225
            ],
            [
              -81.283774,
              37.085445
            ],
            [
              -81.281574,
              37.087097
            ],
            [
              -81.274273,
              37.087867
            ],
            [
              -81.275052,
              37.086051
            ],
            [
              -81.272272,
              37.08732
            ],
            [
              -81.26997,
              37.087287
            ],
            [
              -81.26564,
              37.090746
            ],
            [
              -81.262388,
              37.090053
            ],
            [
              -81.26204,
              37.090757
            ],
            [
              -81.258509,
              37.091821
            ],
            [
              -81.256692,
              37.090295
            ],
            [
              -81.255066,
              37.090925
            ],
            [
              -81.254049,
              37.092385
            ],
            [
              -81.250702,
              37.092967
            ],
            [
              -81.249971,
              37.092036
            ],
            [
              -81.248571,
              37.09296
            ],
            [
              -81.246215,
              37.092808
            ],
            [
              -81.245675,
              37.090341
            ],
            [
              -81.244733,
              37.089949
            ],
            [
              -81.243531,
              37.086819
            ],
            [
              -81.241591,
              37.08495
            ],
            [
              -81.240873,
              37.086137
            ],
            [
              -81.239596,
              37.086056
            ],
            [
              -81.237158,
              37.08817
            ],
            [
              -81.235655,
              37.088216
            ],
            [
              -81.233517,
              37.089394
            ],
            [
              -81.233483,
              37.087202
            ],
            [
              -81.231585,
              37.08641
            ]
          ],
          [
            [
              -81.233114,
              37.085503
            ],
            [
              -81.234398,
              37.08329
            ],
            [
              -81.231257,
              37.084486
            ],
            [
              -81.227684,
              37.087643
            ],
            [
              -81.221278,
              37.089244
            ],
            [
              -81.216258,
              37.092929
            ],
            [
              -81.213621,
              37.093802
            ],
            [
              -81.212187,
              37.095152
            ],
            [
              -81.208403,
              37.095578
            ],
            [
              -81.207795,
              37.096347
            ],
            [
              -81.208512,
              37.098827
            ],
            [
              -81.206265,
              37.098761
            ],
            [
              -81.201914,
              37.100209
            ],
            [
              -81.201504,
              37.101264
            ],
            [
              -81.202331,
              37.102966
            ],
            [
              -81.200807,
              37.104046
            ],
            [
              -81.198485,
              37.104205
            ],
            [
              -81.198424,
              37.104837
            ],
            [
              -81.19703,
              37.104512
            ],
            [
              -81.19729,
              37.105091
            ],
            [
              -81.196245,
              37.104734
            ],
            [
              -81.196641,
              37.10538
            ],
            [
              -81.195897,
              37.105113
            ],
            [
              -81.196272,
              37.105717
            ],
            [
              -81.195296,
              37.105493
            ],
            [
              -81.195678,
              37.106658
            ],
            [
              -81.194906,
              37.106118
            ],
            [
              -81.195023,
              37.10838
            ],
            [
              -81.196395,
              37.107921
            ],
            [
              -81.194661,
              37.109724
            ],
            [
              -81.191061,
              37.109392
            ],
            [
              -81.189237,
              37.110235
            ],
            [
              -81.189278,
              37.111252
            ],
            [
              -81.187591,
              37.113395
            ],
            [
              -81.186854,
              37.112409
            ],
            [
              -81.184832,
              37.113287
            ],
            [
              -81.183807,
              37.115082
            ],
            [
              -81.184162,
              37.117148
            ],
            [
              -81.182707,
              37.118769
            ],
            [
              -81.181799,
              37.1174
            ],
            [
              -81.180331,
              37.118225
            ],
            [
              -81.176185,
              37.118204
            ],
            [
              -81.173842,
              37.120718
            ],
            [
              -81.17292,
              37.120597
            ],
            [
              -81.171943,
              37.121854
            ],
            [
              -81.170256,
              37.122492
            ],
            [
              -81.170174,
              37.123396
            ],
            [
              -81.167845,
              37.124147
            ],
            [
              -81.167859,
              37.125362
            ],
            [
              -81.166329,
              37.125616
            ],
            [
              -81.16596,
              37.126764
            ],
            [
              -81.162996,
              37.127144
            ],
            [
              -81.162231,
              37.129652
            ],
            [
              -81.160995,
              37.129633
            ],
            [
              -81.160871,
              37.131276
            ],
            [
              -81.159799,
              37.131863
            ],
            [
              -81.158235,
              37.131
            ],
            [
              -81.157333,
              37.132723
            ],
            [
              -81.155749,
              37.130359
            ],
            [
              -81.154082,
              37.133309
            ],
            [
              -81.152976,
              37.133842
            ],
            [
              -81.150893,
              37.133187
            ],
            [
              -81.150476,
              37.13385
            ],
            [
              -81.146371,
              37.1336
            ],
            [
              -81.143147,
              37.134309
            ],
            [
              -81.141241,
              37.136624
            ],
            [
              -81.139056,
              37.136185
            ],
            [
              -81.137458,
              37.136743
            ],
            [
              -81.137314,
              37.138488
            ],
            [
              -81.136406,
              37.137626
            ],
            [
              -81.133551,
              37.137038
            ],
            [
              -81.126413,
              37.139144
            ],
            [
              -81.125327,
              37.140369
            ],
            [
              -81.122397,
              37.138186
            ],
            [
              -81.118463,
              37.138334
            ],
            [
              -81.115621,
              37.136625
            ],
            [
              -81.110397,
              37.136501
            ],
            [
              -81.104386,
              37.133935
            ],
            [
              -81.101135,
              37.13584
            ],
            [
              -81.096572,
              37.137122
            ],
            [
              -81.093751,
              37.136908
            ],
            [
              -81.091033,
              37.134879
            ],
            [
              -81.091429,
              37.134309
            ],
            [
              -81.08925,
              37.133292
            ],
            [
              -81.086518,
              37.128762
            ],
            [
              -81.07617,
              37.126745
            ],
            [
              -81.073923,
              37.128198
            ],
            [
              -81.06822,
              37.129042
            ],
            [
              -81.06583,
              37.130589
            ],
            [
              -81.059457,
              37.132357
            ],
            [
              -81.058009,
              37.131939
            ],
            [
              -81.053965,
              37.133149
            ],
            [
              -81.0518,
              37.132532
            ],
            [
              -81.049143,
              37.132779
            ],
            [
              -81.045817,
              37.134468
            ],
            [
              -81.04553,
              37.135219
            ],
            [
              -81.038194,
              37.138394
            ],
            [
              -81.037163,
              37.138266
            ],
            [
              -81.035394,
              37.13931
            ],
            [
              -81.033106,
              37.139099
            ],
            [
              -81.026426,
              37.14381
            ],
            [
              -81.021426,
              37.145382
            ],
            [
              -81.018414,
              37.147584
            ],
            [
              -81.015634,
              37.146931
            ],
            [
              -81.014453,
              37.145974
            ],
            [
              -81.008066,
              37.146022
            ],
            [
              -81.006912,
              37.146763
            ],
            [
              -81.008271,
              37.147428
            ],
            [
              -81.008449,
              37.150258
            ],
            [
              -81.007773,
              37.151094
            ],
            [
              -81.005396,
              37.151773
            ],
            [
              -81.00291,
              37.15415
            ],
            [
              -81.000642,
              37.154558
            ],
            [
              -80.997862,
              37.159261
            ],
            [
              -80.995827,
              37.15969
            ],
            [
              -80.990854,
              37.158355
            ],
            [
              -80.986094,
              37.160381
            ],
            [
              -80.981586,
              37.160207
            ],
            [
              -80.981722,
              37.15803
            ],
            [
              -80.980903,
              37.157522
            ],
            [
              -80.98052,
              37.158108
            ],
            [
              -80.979769,
              37.157083
            ],
            [
              -80.97869,
              37.157468
            ],
            [
              -80.978007,
              37.156832
            ],
            [
              -80.979243,
              37.155575
            ],
            [
              -80.978232,
              37.153862
            ],
            [
              -80.976081,
              37.153844
            ],
            [
              -80.975493,
              37.153204
            ],
            [
              -80.972426,
              37.154008
            ],
            [
              -80.970787,
              37.155476
            ],
            [
              -80.967966,
              37.156589
            ],
            [
              -80.961901,
              37.155837
            ],
            [
              -80.961307,
              37.157022
            ],
            [
              -80.956901,
              37.156331
            ],
            [
              -80.956382,
              37.157063
            ],
            [
              -80.956321,
              37.155073
            ],
            [
              -80.954026,
              37.156125
            ],
            [
              -80.955856,
              37.153482
            ],
            [
              -80.953111,
              37.154804
            ],
            [
              -80.938317,
              37.157983
            ],
            [
              -80.931739,
              37.158453
            ],
            [
              -80.923823,
              37.160463
            ],
            [
              -80.920688,
              37.162753
            ],
            [
              -80.916925,
              37.163809
            ],
            [
              -80.917464,
              37.162942
            ],
            [
              -80.909514,
              37.167277
            ],
            [
              -80.909807,
              37.168449
            ],
            [
              -80.906693,
              37.169467
            ],
            [
              -80.902069,
              37.166374
            ],
            [
              -80.903366,
              37.169167
            ],
            [
              -80.902076,
              37.170716
            ],
            [
              -80.900751,
              37.170567
            ],
            [
              -80.901358,
              37.171173
            ],
            [
              -80.900682,
              37.171087
            ],
            [
              -80.899473,
              37.172481
            ],
            [
              -80.901802,
              37.172098
            ],
            [
              -80.903175,
              37.173615
            ],
            [
              -80.903564,
              37.175842
            ],
            [
              -80.904453,
              37.175367
            ],
            [
              -80.904883,
              37.176508
            ],
            [
              -80.901522,
              37.180622
            ],
            [
              -80.898544,
              37.181449
            ],
            [
              -80.897615,
              37.183977
            ],
            [
              -80.898005,
              37.184953
            ],
            [
              -80.893852,
              37.188062
            ],
            [
              -80.891175,
              37.188539
            ],
            [
              -80.891612,
              37.191219
            ],
            [
              -80.889788,
              37.192141
            ],
            [
              -80.889426,
              37.193619
            ],
            [
              -80.886462,
              37.194027
            ],
            [
              -80.885185,
              37.193318
            ],
            [
              -80.884631,
              37.193817
            ],
            [
              -80.885369,
              37.196703
            ],
            [
              -80.883996,
              37.198119
            ],
            [
              -80.882869,
              37.197261
            ],
            [
              -80.880724,
              37.197385
            ],
            [
              -80.879386,
              37.198231
            ],
            [
              -80.87903,
              37.199939
            ],
            [
              -80.874666,
              37.201059
            ],
            [
              -80.874864,
              37.201488
            ],
            [
              -80.869864,
              37.202034
            ],
            [
              -80.867809,
              37.20418
            ],
            [
              -80.863601,
              37.205396
            ],
            [
              -80.863635,
              37.206311
            ],
            [
              -80.859161,
              37.207536
            ],
            [
              -80.858301,
              37.210258
            ],
            [
              -80.854094,
              37.212639
            ],
            [
              -80.854333,
              37.21496
            ],
            [
              -80.84975,
              37.215509
            ],
            [
              -80.846874,
              37.219377
            ],
            [
              -80.84324,
              37.219492
            ],
            [
              -80.840522,
              37.221642
            ],
            [
              -80.838466,
              37.221633
            ],
            [
              -80.835966,
              37.222765
            ],
            [
              -80.829491,
              37.223534
            ],
            [
              -80.825625,
              37.225272
            ],
            [
              -80.82249,
              37.224298
            ],
            [
              -80.813064,
              37.230436
            ],
            [
              -80.810107,
              37.231621
            ],
            [
              -80.807587,
              37.23429
            ],
            [
              -80.806275,
              37.233177
            ],
            [
              -80.804506,
              37.234787
            ],
            [
              -80.804773,
              37.238112
            ],
            [
              -80.815462,
              37.240865
            ],
            [
              -80.816493,
              37.242009
            ],
            [
              -80.819014,
              37.242046
            ],
            [
              -80.820311,
              37.241352
            ],
            [
              -80.823768,
              37.241916
            ],
            [
              -80.82512,
              37.242995
            ],
            [
              -80.833221,
              37.243167
            ],
            [
              -80.836512,
              37.243974
            ],
            [
              -80.837981,
              37.243291
            ],
            [
              -80.842632,
              37.24487
            ],
            [
              -80.853677,
              37.246254
            ],
            [
              -80.853977,
              37.245581
            ],
            [
              -80.858909,
              37.244318
            ],
            [
              -80.864168,
              37.241884
            ],
            [
              -80.864756,
              37.247674
            ],
            [
              -80.862413,
              37.249665
            ],
            [
              -80.862406,
              37.250864
            ],
            [
              -80.859933,
              37.25122
            ],
            [
              -80.85589,
              37.254665
            ],
            [
              -80.854845,
              37.257318
            ],
            [
              -80.851198,
              37.259405
            ],
            [
              -80.849333,
              37.259526
            ],
            [
              -80.847366,
              37.258267
            ],
            [
              -80.845727,
              37.259348
            ],
            [
              -80.841471,
              37.259782
            ],
            [
              -80.839313,
              37.261219
            ],
            [
              -80.836185,
              37.261704
            ],
            [
              -80.835795,
              37.266886
            ],
            [
              -80.836765,
              37.267352
            ],
            [
              -80.83639,
              37.267892
            ],
            [
              -80.83835,
              37.270444
            ],
            [
              -80.835918,
              37.269911
            ],
            [
              -80.834621,
              37.271547
            ],
            [
              -80.831117,
              37.272194
            ],
            [
              -80.827401,
              37.274041
            ],
            [
              -80.82275,
              37.278099
            ],
            [
              -80.819355,
              37.278437
            ],
            [
              -80.817408,
              37.27936
            ],
            [
              -80.816357,
              37.280771
            ],
            [
              -80.810995,
              37.282112
            ],
            [
              -80.809861,
              37.283551
            ],
            [
              -80.805025,
              37.284757
            ],
            [
              -80.8034,
              37.284263
            ],
            [
              -80.802321,
              37.284987
            ],
            [
              -80.80271,
              37.286036
            ],
            [
              -80.800927,
              37.288449
            ],
            [
              -80.799671,
              37.288212
            ],
            [
              -80.793995,
              37.290287
            ],
            [
              -80.786666,
              37.294896
            ],
            [
              -80.785286,
              37.292876
            ],
            [
              -80.768805,
              37.30226
            ],
            [
              -80.766742,
              37.304517
            ],
            [
              -80.76524,
              37.30477
            ],
            [
              -80.764195,
              37.306398
            ],
            [
              -80.758819,
              37.30935
            ],
            [
              -80.756832,
              37.309768
            ],
            [
              -80.75608,
              37.312357
            ],
            [
              -80.754783,
              37.313202
            ],
            [
              -80.755923,
              37.315891
            ],
            [
              -80.755295,
              37.317201
            ],
            [
              -80.756005,
              37.318167
            ],
            [
              -80.755015,
              37.318068
            ],
            [
              -80.756114,
              37.319062
            ],
            [
              -80.755589,
              37.319363
            ],
            [
              -80.756449,
              37.319312
            ],
            [
              -80.757317,
              37.32031
            ],
            [
              -80.756019,
              37.320391
            ],
            [
              -80.756832,
              37.321082
            ],
            [
              -80.754967,
              37.321612
            ],
            [
              -80.754154,
              37.321183
            ],
            [
              -80.751784,
              37.323715
            ],
            [
              -80.752399,
              37.324352
            ],
            [
              -80.750473,
              37.327915
            ],
            [
              -80.751367,
              37.328658
            ],
            [
              -80.751299,
              37.330885
            ],
            [
              -80.749995,
              37.331285
            ],
            [
              -80.750254,
              37.33312
            ],
            [
              -80.751033,
              37.332759
            ],
            [
              -80.753512,
              37.333774
            ],
            [
              -80.756586,
              37.337719
            ],
            [
              -80.756114,
              37.33807
            ],
            [
              -80.759058,
              37.341357
            ],
            [
              -80.759536,
              37.343481
            ],
            [
              -80.758471,
              37.343188
            ],
            [
              -80.756961,
              37.346168
            ],
            [
              -80.758826,
              37.34804
            ],
            [
              -80.759769,
              37.350489
            ],
            [
              -80.758949,
              37.351168
            ],
            [
              -80.760575,
              37.351372
            ],
            [
              -80.761299,
              37.352536
            ],
            [
              -80.76455,
              37.352734
            ],
            [
              -80.765062,
              37.353957
            ],
            [
              -80.765472,
              37.353602
            ],
            [
              -80.765643,
              37.355869
            ],
            [
              -80.77041,
              37.357972
            ],
            [
              -80.770868,
              37.35992
            ],
            [
              -80.77291,
              37.360622
            ],
            [
              -80.776031,
              37.363686
            ],
            [
              -80.779733,
              37.363607
            ],
            [
              -80.791604,
              37.361231
            ],
            [
              -80.794404,
              37.362311
            ],
            [
              -80.784671,
              37.366122
            ],
            [
              -80.782213,
              37.368252
            ],
            [
              -80.77569,
              37.37052
            ],
            [
              -80.773593,
              37.370509
            ],
            [
              -80.770471,
              37.372392
            ],
            [
              -80.759789,
              37.374903
            ],
            [
              -80.754871,
              37.377327
            ],
            [
              -80.751689,
              37.377902
            ],
            [
              -80.747987,
              37.379796
            ],
            [
              -80.743875,
              37.379357
            ],
            [
              -80.741566,
              37.381725
            ],
            [
              -80.737099,
              37.382521
            ],
            [
              -80.736416,
              37.383448
            ],
            [
              -80.732052,
              37.384241
            ],
            [
              -80.727441,
              37.386574
            ],
            [
              -80.726868,
              37.386284
            ],
            [
              -80.720481,
              37.389167
            ],
            [
              -80.717421,
              37.388907
            ],
            [
              -80.71484,
              37.390891
            ],
            [
              -80.700776,
              37.397193
            ],
            [
              -80.696336,
              37.399863
            ],
            [
              -80.694848,
              37.399988
            ],
            [
              -80.689766,
              37.402823
            ],
            [
              -80.678714,
              37.407312
            ],
            [
              -80.665546,
              37.414049
            ],
            [
              -80.654877,
              37.4183
            ],
            [
              -80.652897,
              37.420309
            ],
            [
              -80.646271,
              37.422035
            ],
            [
              -80.641094,
              37.42499
            ],
            [
              -80.638328,
              37.42742
            ],
            [
              -80.636887,
              37.430491
            ],
            [
              -80.633096,
              37.432494
            ],
            [
              -80.628971,
              37.432344
            ],
            [
              -80.624503,
              37.433999
            ],
            [
              -80.624401,
              37.435653
            ],
            [
              -80.621389,
              37.437726
            ],
            [
              -80.620836,
              37.437079
            ],
            [
              -80.617346,
              37.437951
            ],
            [
              -80.617134,
              37.437061
            ],
            [
              -80.615945,
              37.436766
            ],
            [
              -80.615249,
              37.433706
            ],
            [
              -80.613418,
              37.432134
            ],
            [
              -80.611854,
              37.431971
            ],
            [
              -80.613705,
              37.431292
            ],
            [
              -80.612229,
              37.43092
            ],
            [
              -80.614477,
              37.430612
            ],
            [
              -80.613712,
              37.430021
            ],
            [
              -80.614763,
              37.430088
            ],
            [
              -80.612797,
              37.429522
            ],
            [
              -80.613486,
              37.429358
            ],
            [
              -80.612373,
              37.429354
            ],
            [
              -80.613042,
              37.428761
            ],
            [
              -80.612113,
              37.42877
            ],
            [
              -80.612756,
              37.427325
            ],
            [
              -80.609819,
              37.424586
            ],
            [
              -80.609436,
              37.422314
            ],
            [
              -80.608685,
              37.422866
            ],
            [
              -80.604717,
              37.418943
            ],
            [
              -80.604956,
              37.421923
            ],
            [
              -80.605885,
              37.421114
            ],
            [
              -80.605495,
              37.422348
            ],
            [
              -80.602463,
              37.422798
            ],
            [
              -80.597764,
              37.4193
            ],
            [
              -80.596363,
              37.419365
            ],
            [
              -80.59695,
              37.418587
            ],
            [
              -80.591944,
              37.417721
            ],
            [
              -80.589553,
              37.414909
            ],
            [
              -80.584042,
              37.414759
            ],
            [
              -80.583959,
              37.404966
            ],
            [
              -80.582778,
              37.404261
            ],
            [
              -80.583133,
              37.403401
            ],
            [
              -80.582211,
              37.402672
            ],
            [
              -80.582088,
              37.403363
            ],
            [
              -80.580872,
              37.402613
            ],
            [
              -80.581125,
              37.40114
            ],
            [
              -80.580128,
              37.400204
            ],
            [
              -80.577089,
              37.400856
            ],
            [
              -80.574964,
              37.398326
            ],
            [
              -80.573871,
              37.400409
            ],
            [
              -80.568086,
              37.401871
            ],
            [
              -80.565538,
              37.401672
            ],
            [
              -80.560976,
              37.404114
            ],
            [
              -80.549665,
              37.404216
            ],
            [
              -80.5436,
              37.40638
            ],
            [
              -80.543258,
              37.40749
            ],
            [
              -80.536045,
              37.410601
            ],
            [
              -80.532583,
              37.411387
            ],
            [
              -80.523267,
              37.411936
            ],
            [
              -80.519216,
              37.413864
            ],
            [
              -80.51826,
              37.413502
            ],
            [
              -80.512024,
              37.414423
            ],
            [
              -80.509852,
              37.415982
            ],
            [
              -80.505822,
              37.415966
            ],
            [
              -80.504654,
              37.416542
            ],
            [
              -80.499033,
              37.416081
            ],
            [
              -80.497606,
              37.417403
            ],
            [
              -80.495884,
              37.417573
            ],
            [
              -80.493624,
              37.41675
            ],
            [
              -80.491765,
              37.416976
            ],
            [
              -80.491192,
              37.415239
            ],
            [
              -80.493767,
              37.412447
            ],
            [
              -80.493097,
              37.409961
            ],
            [
              -80.49402,
              37.40932
            ],
            [
              -80.486875,
              37.401936
            ],
            [
              -80.48219,
              37.401316
            ],
            [
              -80.482592,
              37.403425
            ],
            [
              -80.47887,
              37.402685
            ],
            [
              -80.477593,
              37.40092
            ],
            [
              -80.475824,
              37.400838
            ],
            [
              -80.475626,
              37.401961
            ],
            [
              -80.472559,
              37.399733
            ],
            [
              -80.473973,
              37.39849
            ],
            [
              -80.473809,
              37.397426
            ],
            [
              -80.474567,
              37.39729
            ],
            [
              -80.473399,
              37.395187
            ],
            [
              -80.474198,
              37.392405
            ],
            [
              -80.471227,
              37.388529
            ],
            [
              -80.46911,
              37.38772
            ],
            [
              -80.468311,
              37.38526
            ],
            [
              -80.467143,
              37.385892
            ],
            [
              -80.465579,
              37.381813
            ],
            [
              -80.462068,
              37.379905
            ],
            [
              -80.459377,
              37.377134
            ],
            [
              -80.458079,
              37.377737
            ],
            [
              -80.454965,
              37.376122
            ],
            [
              -80.453837,
              37.377568
            ],
            [
              -80.452458,
              37.377902
            ],
            [
              -80.448223,
              37.373657
            ],
            [
              -80.442862,
              37.372044
            ],
            [
              -80.441755,
              37.373807
            ],
            [
              -80.44002,
              37.374583
            ],
            [
              -80.439712,
              37.372441
            ],
            [
              -80.444193,
              37.363061
            ],
            [
              -80.440744,
              37.356688
            ],
            [
              -80.438586,
              37.355118
            ],
            [
              -80.432513,
              37.354231
            ],
            [
              -80.42625,
              37.356445
            ],
            [
              -80.423627,
              37.358507
            ],
            [
              -80.421899,
              37.358393
            ],
            [
              -80.420971,
              37.361404
            ],
            [
              -80.415889,
              37.360351
            ],
            [
              -80.413813,
              37.361364
            ],
            [
              -80.411449,
              37.359561
            ],
            [
              -80.407146,
              37.361511
            ],
            [
              -80.403315,
              37.358623
            ],
            [
              -80.400869,
              37.359095
            ],
            [
              -80.400596,
              37.35968
            ],
            [
              -80.39744,
              37.359393
            ],
            [
              -80.395631,
              37.357351
            ],
            [
              -80.39671,
              37.356332
            ],
            [
              -80.396321,
              37.35502
            ],
            [
              -80.394401,
              37.354186
            ],
            [
              -80.393596,
              37.354725
            ],
            [
              -80.386307,
              37.353031
            ],
            [
              -80.38253,
              37.353297
            ],
            [
              -80.380672,
              37.351129
            ],
            [
              -80.379887,
              37.351735
            ],
            [
              -80.37527,
              37.351918
            ],
            [
              -80.37389,
              37.349622
            ],
            [
              -80.371984,
              37.349997
            ],
            [
              -80.367292,
              37.345415
            ],
            [
              -80.367954,
              37.344509
            ],
            [
              -80.367033,
              37.343483
            ],
            [
              -80.364697,
              37.343382
            ],
            [
              -80.349261,
              37.350036
            ],
            [
              -80.338182,
              37.356909
            ],
            [
              -80.327664,
              37.36694
            ],
            [
              -80.318224,
              37.3735
            ],
            [
              -80.298956,
              37.384778
            ],
            [
              -80.294455,
              37.385385
            ],
            [
              -80.290706,
              37.387134
            ],
            [
              -80.288021,
              37.387516
            ],
            [
              -80.281286,
              37.39034
            ],
            [
              -80.280112,
              37.389963
            ],
            [
              -80.277769,
              37.390791
            ],
            [
              -80.277277,
              37.391852
            ],
            [
              -80.274422,
              37.392909
            ],
            [
              -80.273398,
              37.39026
            ],
            [
              -80.26818,
              37.386694
            ],
            [
              -80.265481,
              37.387978
            ],
            [
              -80.262743,
              37.387735
            ],
            [
              -80.261425,
              37.386751
            ],
            [
              -80.260325,
              37.386995
            ],
            [
              -80.261015,
              37.384331
            ],
            [
              -80.259526,
              37.381041
            ],
            [
              -80.25844,
              37.380707
            ],
            [
              -80.258685,
              37.381633
            ],
            [
              -80.257832,
              37.381988
            ],
            [
              -80.252504,
              37.378588
            ],
            [
              -80.251582,
              37.379337
            ],
            [
              -80.249239,
              37.37891
            ],
            [
              -80.244704,
              37.37962
            ],
            [
              -80.243147,
              37.375993
            ],
            [
              -80.243836,
              37.376561
            ],
            [
              -80.246835,
              37.375122
            ],
            [
              -80.248399,
              37.376105
            ]
          ],
          [
            [
              -80.246896,
              37.373599
            ],
            [
              -80.246111,
              37.365863
            ],
            [
              -80.244936,
              37.36403
            ],
            [
              -80.245271,
              37.362919
            ],
            [
              -80.243939,
              37.361675
            ],
            [
              -80.244158,
              37.362524
            ],
            [
              -80.240579,
              37.359779
            ],
            [
              -80.239793,
              37.358201
            ],
            [
              -80.239561,
              37.359207
            ],
            [
              -80.238365,
              37.359733
            ],
            [
              -80.238673,
              37.35855
            ],
            [
              -80.237813,
              37.359054
            ],
            [
              -80.235387,
              37.35868
            ],
            [
              -80.224057,
              37.365103
            ],
            [
              -80.219084,
              37.365525
            ],
            [
              -80.214296,
              37.367127
            ],
            [
              -80.202439,
              37.37386
            ],
            [
              -80.201872,
              37.377412
            ],
            [
              -80.200527,
              37.377925
            ],
            [
              -80.200048,
              37.379775
            ],
            [
              -80.200335,
              37.379254
            ],
            [
              -80.200198,
              37.382324
            ],
            [
              -80.200438,
              37.381904
            ],
            [
              -80.200656,
              37.382555
            ],
            [
              -80.198825,
              37.383764
            ],
            [
              -80.198962,
              37.386482
            ],
            [
              -80.199406,
              37.385904
            ],
            [
              -80.199912,
              37.386883
            ],
            [
              -80.198136,
              37.387989
            ],
            [
              -80.199085,
              37.388687
            ],
            [
              -80.198724,
              37.389345
            ],
            [
              -80.200349,
              37.390068
            ],
            [
              -80.20013,
              37.391182
            ],
            [
              -80.200895,
              37.391818
            ],
            [
              -80.198628,
              37.39046
            ],
            [
              -80.195691,
              37.390586
            ],
            [
              -80.19707,
              37.391628
            ],
            [
              -80.190882,
              37.390213
            ],
            [
              -80.189899,
              37.38937
            ],
            [
              -80.185924,
              37.388658
            ],
            [
              -80.185412,
              37.388023
            ],
            [
              -80.186108,
              37.386624
            ],
            [
              -80.184558,
              37.386494
            ],
            [
              -80.182522,
              37.38918
            ],
            [
              -80.179496,
              37.390497
            ],
            [
              -80.172755,
              37.391286
            ],
            [
              -80.166382,
              37.388797
            ],
            [
              -80.164681,
              37.386002
            ],
            [
              -80.165358,
              37.384062
            ],
            [
              -80.164381,
              37.383735
            ],
            [
              -80.164579,
              37.379239
            ],
            [
              -80.167202,
              37.372668
            ],
            [
              -80.171874,
              37.364857
            ],
            [
              -80.172912,
              37.361024
            ],
            [
              -80.171307,
              37.362512
            ],
            [
              -80.171273,
              37.364535
            ],
            [
              -80.169251,
              37.366026
            ],
            [
              -80.168384,
              37.365576
            ],
            [
              -80.165596,
              37.365903
            ],
            [
              -80.165652,
              37.365367
            ],
            [
              -80.158746,
              37.370154
            ],
            [
              -80.156335,
              37.372825
            ],
            [
              -80.153814,
              37.373745
            ],
            [
              -80.151226,
              37.373258
            ],
            [
              -80.149621,
              37.37127
            ],
            [
              -80.148993,
              37.371606
            ],
            [
              -80.148877,
              37.370812
            ],
            [
              -80.147989,
              37.371197
            ],
            [
              -80.148276,
              37.370485
            ],
            [
              -80.147627,
              37.370866
            ],
            [
              -80.147886,
              37.3703
            ],
            [
              -80.146616,
              37.370694
            ],
            [
              -80.146254,
              37.367307
            ],
            [
              -80.147169,
              37.366491
            ],
            [
              -80.141192,
              37.363685
            ],
            [
              -80.142798,
              37.359843
            ],
            [
              -80.140674,
              37.356786
            ],
            [
              -80.139192,
              37.357295
            ],
            [
              -80.133816,
              37.356794
            ],
            [
              -80.133016,
              37.355946
            ],
            [
              -80.132976,
              37.356887
            ],
            [
              -80.132081,
              37.356031
            ],
            [
              -80.132402,
              37.356457
            ],
            [
              -80.13103,
              37.356641
            ],
            [
              -80.130647,
              37.357654
            ],
            [
              -80.121481,
              37.364955
            ],
            [
              -80.120299,
              37.36512
            ],
            [
              -80.116556,
              37.368384
            ],
            [
              -80.107847,
              37.37368
            ],
            [
              -80.105757,
              37.374313
            ],
            [
              -80.10168,
              37.377232
            ],
            [
              -80.09933,
              37.37716
            ],
            [
              -80.096728,
              37.378596
            ],
            [
              -80.090983,
              37.379383
            ],
            [
              -80.088108,
              37.381747
            ],
            [
              -80.081749,
              37.383366
            ],
            [
              -80.079577,
              37.384721
            ],
            [
              -80.074393,
              37.385212
            ],
            [
              -80.079263,
              37.384694
            ],
            [
              -80.064476,
              37.38689
            ],
            [
              -80.062106,
              37.386429
            ],
            [
              -80.056832,
              37.389017
            ],
            [
              -80.056662,
              37.387828
            ],
            [
              -80.053834,
              37.387828
            ],
            [
              -80.052093,
              37.390453
            ],
            [
              -80.052967,
              37.390847
            ],
            [
              -80.045816,
              37.392365
            ],
            [
              -80.041888,
              37.392166
            ],
            [
              -80.040188,
              37.393225
            ],
            [
              -80.036418,
              37.392395
            ],
            [
              -80.037381,
              37.391612
            ],
            [
              -80.035345,
              37.391212
            ],
            [
              -80.035345,
              37.391633
            ],
            [
              -80.034949,
              37.390848
            ],
            [
              -80.034396,
              37.391283
            ],
            [
              -80.033583,
              37.390648
            ],
            [
              -80.033023,
              37.391164
            ],
            [
              -80.029314,
              37.390829
            ],
            [
              -80.029362,
              37.391291
            ],
            [
              -80.028071,
              37.390735
            ],
            [
              -80.019915,
              37.391448
            ],
            [
              -80.011604,
              37.395597
            ],
            [
              -80.007136,
              37.401261
            ],
            [
              -80.001659,
              37.405232
            ],
            [
              -79.999999,
              37.410906
            ],
            [
              -79.996058,
              37.415415
            ],
            [
              -79.99668,
              37.416635
            ],
            [
              -79.995334,
              37.417892
            ],
            [
              -79.995197,
              37.420651
            ],
            [
              -79.996113,
              37.421389
            ],
            [
              -79.996283,
              37.427389
            ],
            [
              -79.995538,
              37.429057
            ],
            [
              -79.996345,
              37.431313
            ],
            [
              -79.99905,
              37.434707
            ],
            [
              -79.998783,
              37.4386
            ],
            [
              -79.998073,
              37.438646
            ],
            [
              -79.997137,
              37.436671
            ],
            [
              -79.997041,
              37.43925
            ],
            [
              -79.997786,
              37.439703
            ],
            [
              -79.994747,
              37.440254
            ],
            [
              -79.991413,
              37.4368
            ],
            [
              -79.986468,
              37.434029
            ],
            [
              -79.984774,
              37.432174
            ],
            [
              -79.984187,
              37.432712
            ],
            [
              -79.982418,
              37.432489
            ],
            [
              -79.980532,
              37.433435
            ],
            [
              -79.97944,
              37.432653
            ],
            [
              -79.977057,
              37.434588
            ],
            [
              -79.975424,
              37.434423
            ],
            [
              -79.974549,
              37.433356
            ],
            [
              -79.968027,
              37.431055
            ],
            [
              -79.960261,
              37.427174
            ],
            [
              -79.95925,
              37.424331
            ],
            [
              -79.954578,
              37.420472
            ],
            [
              -79.955179,
              37.415212
            ],
            [
              -79.953185,
              37.413621
            ],
            [
              -79.949687,
              37.413153
            ],
            [
              -79.945296,
              37.415219
            ],
            [
              -79.943814,
              37.417988
            ],
            [
              -79.940556,
              37.416258
            ],
            [
              -79.939066,
              37.414183
            ],
            [
              -79.937346,
              37.407159
            ],
            [
              -79.935194,
              37.404278
            ],
            [
              -79.930789,
              37.400509
            ],
            [
              -79.930406,
              37.397207
            ],
            [
              -79.932155,
              37.395679
            ],
            [
              -79.935167,
              37.388074
            ],
            [
              -79.935064,
              37.385786
            ],
            [
              -79.933261,
              37.384323
            ],
            [
              -79.92473,
              37.381398
            ],
            [
              -79.922818,
              37.382074
            ],
            [
              -79.92486,
              37.383123
            ],
            [
              -79.923317,
              37.384704
            ],
            [
              -79.923774,
              37.385416
            ],
            [
              -79.922155,
              37.386872
            ],
            [
              -79.922469,
              37.388696
            ],
            [
              -79.920775,
              37.389609
            ],
            [
              -79.918822,
              37.389595
            ],
            [
              -79.918597,
              37.390087
            ],
            [
              -79.912231,
              37.390049
            ],
            [
              -79.909984,
              37.39113
            ],
            [
              -79.908973,
              37.393419
            ],
            [
              -79.903236,
              37.394076
            ],
            [
              -79.900387,
              37.397556
            ],
            [
              -79.899649,
              37.400305
            ],
            [
              -79.897887,
              37.401863
            ],
            [
              -79.897464,
              37.403401
            ],
            [
              -79.896003,
              37.404705
            ],
            [
              -79.892273,
              37.405146
            ],
            [
              -79.890532,
              37.404068
            ],
            [
              -79.888564,
              37.40389
            ],
            [
              -79.88715,
              37.400305
            ],
            [
              -79.885347,
              37.400306
            ],
            [
              -79.885395,
              37.398711
            ],
            [
              -79.878196,
              37.398647
            ],
            [
              -79.876468,
              37.39754
            ],
            [
              -79.876529,
              37.396917
            ],
            [
              -79.876147,
              37.39737
            ],
            [
              -79.873606,
              37.397121
            ],
            [
              -79.870355,
              37.398266
            ],
            [
              -79.867712,
              37.401094
            ],
            [
              -79.866305,
              37.400949
            ],
            [
              -79.866632,
              37.399254
            ],
            [
              -79.866004,
              37.400115
            ],
            [
              -79.865772,
              37.398718
            ],
            [
              -79.862131,
              37.398307
            ],
            [
              -79.863443,
              37.395275
            ],
            [
              -79.85957,
              37.397692
            ],
            [
              -79.858109,
              37.397497
            ],
            [
              -79.854277,
              37.398756
            ],
            [
              -79.854031,
              37.399695
            ],
            [
              -79.851893,
              37.399222
            ],
            [
              -79.851066,
              37.397909
            ],
            [
              -79.845111,
              37.399899
            ],
            [
              -79.842474,
              37.401899
            ],
            [
              -79.839592,
              37.401779
            ],
            [
              -79.835938,
              37.403043
            ],
            [
              -79.83087,
              37.40654
            ],
            [
              -79.826594,
              37.407619
            ],
            [
              -79.824661,
              37.40897
            ],
            [
              -79.821765,
              37.409602
            ],
            [
              -79.819613,
              37.413467
            ],
            [
              -79.819258,
              37.416785
            ],
            [
              -79.818835,
              37.415886
            ],
            [
              -79.818111,
              37.41665
            ],
            [
              -79.816082,
              37.416963
            ],
            [
              -79.815051,
              37.417838
            ],
            [
              -79.81514,
              37.416708
            ],
            [
              -79.814593,
              37.417392
            ],
            [
              -79.810885,
              37.418186
            ],
            [
              -79.809997,
              37.417659
            ],
            [
              -79.809054,
              37.418291
            ],
            [
              -79.803283,
              37.417041
            ],
            [
              -79.801466,
              37.419094
            ],
            [
              -79.797893,
              37.419817
            ],
            [
              -79.796541,
              37.422227
            ],
            [
              -79.793598,
              37.42343
            ],
            [
              -79.790169,
              37.423792
            ],
            [
              -79.788229,
              37.422481
            ],
            [
              -79.788557,
              37.419818
            ],
            [
              -79.786781,
              37.420857
            ],
            [
              -79.785381,
              37.420849
            ],
            [
              -79.786426,
              37.419645
            ],
            [
              -79.783564,
              37.418568
            ],
            [
              -79.782375,
              37.419644
            ],
            [
              -79.781077,
              37.419496
            ],
            [
              -79.779814,
              37.418291
            ],
            [
              -79.778919,
              37.41923
            ],
            [
              -79.777819,
              37.418743
            ],
            [
              -79.776317,
              37.419595
            ],
            [
              -79.776938,
              37.420888
            ],
            [
              -79.776037,
              37.421442
            ],
            [
              -79.772601,
              37.420938
            ],
            [
              -79.771297,
              37.422684
            ],
            [
              -79.769596,
              37.421601
            ],
            [
              -79.765197,
              37.424216
            ],
            [
              -79.765464,
              37.425521
            ],
            [
              -79.763346,
              37.424925
            ],
            [
              -79.761741,
              37.425976
            ],
            [
              -79.758927,
              37.424376
            ],
            [
              -79.756147,
              37.425437
            ],
            [
              -79.754091,
              37.428453
            ],
            [
              -79.75056,
              37.431403
            ],
            [
              -79.747302,
              37.432311
            ],
            [
              -79.744932,
              37.43442
            ],
            [
              -79.737808,
              37.437857
            ],
            [
              -79.736832,
              37.439581
            ],
            [
              -79.726272,
              37.445284
            ],
            [
              -79.724715,
              37.448922
            ],
            [
              -79.723984,
              37.448409
            ],
            [
              -79.719947,
              37.449343
            ],
            [
              -79.716225,
              37.452778
            ],
            [
              -79.712018,
              37.454839
            ],
            [
              -79.710392,
              37.458144
            ],
            [
              -79.705447,
              37.460914
            ],
            [
              -79.700126,
              37.466256
            ],
            [
              -79.69973,
              37.46775
            ],
            [
              -79.697845,
              37.468469
            ],
            [
              -79.690837,
              37.476125
            ],
            [
              -79.684383,
              37.478946
            ],
            [
              -79.676009,
              37.480592
            ],
            [
              -79.676392,
              37.481615
            ],
            [
              -79.671761,
              37.483392
            ],
            [
              -79.669356,
              37.482243
            ],
            [
              -79.668366,
              37.484179
            ],
            [
              -79.665702,
              37.482427
            ],
            [
              -79.664719,
              37.483579
            ],
            [
              -79.661085,
              37.484261
            ],
            [
              -79.655115,
              37.488402
            ],
            [
              -79.650477,
              37.493316
            ],
            [
              -79.648954,
              37.497586
            ],
            [
              -79.653046,
              37.498663
            ],
            [
              -79.655457,
              37.501858
            ],
            [
              -79.654159,
              37.503268
            ],
            [
              -79.6542,
              37.505544
            ],
            [
              -79.652492,
              37.51006
            ],
            [
              -79.650074,
              37.512748
            ],
            [
              -79.650355,
              37.513936
            ],
            [
              -79.646857,
              37.516942
            ],
            [
              -79.646393,
              37.518163
            ],
            [
              -79.643661,
              37.51958
            ],
            [
              -79.641052,
              37.52353
            ],
            [
              -79.633757,
              37.530392
            ],
            [
              -79.633252,
              37.528883
            ],
            [
              -79.63386,
              37.526802
            ],
            [
              -79.631694,
              37.529327
            ],
            [
              -79.628806,
              37.529564
            ],
            [
              -79.628689,
              37.531156
            ],
            [
              -79.626381,
              37.530928
            ],
            [
              -79.625616,
              37.531505
            ],
            [
              -79.623635,
              37.531014
            ],
            [
              -79.624468,
              37.530287
            ],
            [
              -79.622016,
              37.529722
            ],
            [
              -79.623116,
              37.529234
            ],
            [
              -79.623314,
              37.527166
            ],
            [
              -79.62175,
              37.527688
            ],
            [
              -79.619086,
              37.527071
            ],
            [
              -79.61869,
              37.527741
            ],
            [
              -79.616375,
              37.528013
            ],
            [
              -79.6141,
              37.53046
            ],
            [
              -79.603445,
              37.533965
            ],
            [
              -79.601464,
              37.533597
            ],
            [
              -79.599756,
              37.532274
            ],
            [
              -79.598466,
              37.532667
            ],
            [
              -79.598486,
              37.531946
            ],
            [
              -79.595317,
              37.534024
            ],
            [
              -79.595091,
              37.533406
            ],
            [
              -79.594265,
              37.534755
            ],
            [
              -79.593022,
              37.533161
            ],
            [
              -79.590556,
              37.535675
            ],
            [
              -79.587646,
              37.53473
            ],
            [
              -79.587653,
              37.533714
            ],
            [
              -79.586178,
              37.533408
            ],
            [
              -79.585386,
              37.534158
            ],
            [
              -79.585468,
              37.529057
            ],
            [
              -79.583603,
              37.527127
            ],
            [
              -79.584095,
              37.527322
            ],
            [
              -79.582442,
              37.526394
            ],
            [
              -79.582852,
              37.525047
            ],
            [
              -79.580283,
              37.524912
            ],
            [
              -79.578426,
              37.526564
            ],
            [
              -79.578002,
              37.52507
            ],
            [
              -79.576985,
              37.52572
            ],
            [
              -79.573057,
              37.525391
            ],
            [
              -79.570606,
              37.521477
            ],
            [
              -79.570537,
              37.519919
            ],
            [
              -79.567539,
              37.520498
            ],
            [
              -79.564923,
              37.519209
            ],
            [
              -79.564212,
              37.517965
            ],
            [
              -79.563966,
              37.51876
            ],
            [
              -79.563229,
              37.517539
            ],
            [
              -79.562744,
              37.518229
            ],
            [
              -79.559677,
              37.517518
            ],
            [
              -79.560763,
              37.515537
            ],
            [
              -79.557724,
              37.514515
            ],
            [
              -79.55491,
              37.51207
            ],
            [
              -79.556098,
              37.507932
            ],
            [
              -79.554002,
              37.505324
            ],
            [
              -79.555428,
              37.498546
            ],
            [
              -79.554432,
              37.497652
            ],
            [
              -79.549282,
              37.496343
            ],
            [
              -79.546235,
              37.4944
            ],
            [
              -79.544091,
              37.496394
            ],
            [
              -79.54308,
              37.496005
            ],
            [
              -79.541325,
              37.498771
            ],
            [
              -79.539016,
              37.498136
            ],
            [
              -79.537643,
              37.500224
            ],
            [
              -79.537315,
              37.503863
            ],
            [
              -79.535478,
              37.503832
            ],
            [
              -79.535696,
              37.507219
            ],
            [
              -79.536496,
              37.508215
            ],
            [
              -79.535696,
              37.509456
            ],
            [
              -79.533743,
              37.510347
            ],
            [
              -79.532418,
              37.508881
            ],
            [
              -79.531114,
              37.509426
            ],
            [
              -79.528873,
              37.508876
            ],
            [
              -79.527951,
              37.509734
            ],
            [
              -79.523217,
              37.509445
            ],
            [
              -79.522322,
              37.510617
            ],
            [
              -79.51955,
              37.50884
            ],
            [
              -79.519502,
              37.510471
            ],
            [
              -79.519161,
              37.50998
            ],
            [
              -79.517118,
              37.511511
            ],
            [
              -79.516579,
              37.514107
            ],
            [
              -79.515765,
              37.514252
            ],
            [
              -79.51567,
              37.515842
            ],
            [
              -79.514987,
              37.515328
            ],
            [
              -79.513908,
              37.516957
            ],
            [
              -79.509421,
              37.518296
            ],
            [
              -79.510356,
              37.518513
            ],
            [
              -79.509987,
              37.51901
            ],
            [
              -79.510705,
              37.519137
            ],
            [
              -79.508362,
              37.520637
            ],
            [
              -79.506613,
              37.522974
            ],
            [
              -79.505684,
              37.523181
            ],
            [
              -79.505807,
              37.524165
            ],
            [
              -79.504004,
              37.52546
            ],
            [
              -79.504393,
              37.526697
            ],
            [
              -79.499817,
              37.532295
            ],
            [
              -79.498602,
              37.532703
            ],
            [
              -79.497878,
              37.535652
            ],
            [
              -79.495972,
              37.536545
            ],
            [
              -79.494811,
              37.539061
            ],
            [
              -79.491273,
              37.539642
            ],
            [
              -79.483882,
              37.544076
            ],
            [
              -79.483466,
              37.545137
            ],
            [
              -79.480099,
              37.547439
            ],
            [
              -79.479381,
              37.547315
            ],
            [
              -79.4788,
              37.548377
            ],
            [
              -79.475236,
              37.549235
            ],
            [
              -79.472462,
              37.548911
            ],
            [
              -79.47318,
              37.550545
            ],
            [
              -79.471465,
              37.550959
            ],
            [
              -79.470051,
              37.550443
            ],
            [
              -79.469901,
              37.55294
            ],
            [
              -79.468556,
              37.552616
            ],
            [
              -79.46762,
              37.556067
            ],
            [
              -79.466144,
              37.55418
            ],
            [
              -79.465168,
              37.555594
            ],
            [
              -79.460243,
              37.556372
            ],
            [
              -79.460427,
              37.557062
            ],
            [
              -79.458556,
              37.556668
            ],
            [
              -79.45887,
              37.557503
            ],
            [
              -79.45773,
              37.558137
            ],
            [
              -79.458549,
              37.559369
            ],
            [
              -79.457368,
              37.560397
            ],
            [
              -79.452327,
              37.5618
            ],
            [
              -79.448892,
              37.561102
            ],
            [
              -79.440094,
              37.564057
            ],
            [
              -79.440674,
              37.565849
            ],
            [
              -79.439329,
              37.568326
            ],
            [
              -79.441788,
              37.570016
            ],
            [
              -79.437764,
              37.569952
            ],
            [
              -79.436631,
              37.569252
            ],
            [
              -79.438981,
              37.572492
            ],
            [
              -79.437307,
              37.576219
            ],
            [
              -79.439937,
              37.575931
            ],
            [
              -79.442238,
              37.574535
            ],
            [
              -79.44467,
              37.575973
            ],
            [
              -79.446426,
              37.575841
            ],
            [
              -79.447669,
              37.577818
            ],
            [
              -79.450216,
              37.57868
            ],
            [
              -79.448871,
              37.58049
            ],
            [
              -79.448898,
              37.585819
            ],
            [
              -79.455475,
              37.585831
            ],
            [
              -79.454171,
              37.587923
            ],
            [
              -79.451173,
              37.589711
            ],
            [
              -79.451084,
              37.591188
            ],
            [
              -79.448871,
              37.590082
            ],
            [
              -79.44644,
              37.589996
            ],
            [
              -79.446084,
              37.591055
            ],
            [
              -79.445244,
              37.590142
            ],
            [
              -79.444308,
              37.590799
            ],
            [
              -79.443318,
              37.590365
            ],
            [
              -79.440934,
              37.591989
            ],
            [
              -79.433571,
              37.592543
            ],
            [
              -79.427342,
              37.595542
            ],
            [
              -79.425026,
              37.597681
            ],
            [
              -79.411304,
              37.599904
            ],
            [
              -79.411892,
              37.599078
            ],
            [
              -79.409891,
              37.598454
            ],
            [
              -79.40692,
              37.598916
            ],
            [
              -79.405649,
              37.597324
            ],
            [
              -79.40634,
              37.597009
            ],
            [
              -79.405806,
              37.596394
            ],
            [
              -79.402828,
              37.597149
            ],
            [
              -79.400909,
              37.594358
            ],
            [
              -79.396832,
              37.593239
            ],
            [
              -79.39371,
              37.594193
            ],
            [
              -79.391968,
              37.593232
            ],
            [
              -79.391463,
              37.591999
            ],
            [
              -79.390248,
              37.591448
            ],
            [
              -79.388027,
              37.592905
            ],
            [
              -79.38412,
              37.591543
            ],
            [
              -79.383322,
              37.590148
            ],
            [
              -79.381949,
              37.589674
            ],
            [
              -79.381928,
              37.590828
            ],
            [
              -79.380255,
              37.592035
            ],
            [
              -79.381792,
              37.594992
            ],
            [
              -79.380207,
              37.59499
            ],
            [
              -79.378459,
              37.596399
            ],
            [
              -79.380433,
              37.600771
            ],
            [
              -79.381163,
              37.600918
            ],
            [
              -79.381819,
              37.602858
            ],
            [
              -79.383998,
              37.605033
            ],
            [
              -79.388034,
              37.604804
            ],
            [
              -79.387536,
              37.607677
            ],
            [
              -79.38953,
              37.609824
            ],
            [
              -79.390268,
              37.609805
            ],
            [
              -79.391744,
              37.612322
            ],
            [
              -79.394557,
              37.612858
            ],
            [
              -79.393553,
              37.613658
            ],
            [
              -79.395766,
              37.619783
            ],
            [
              -79.398785,
              37.620862
            ],
            [
              -79.398901,
              37.621948
            ],
            [
              -79.400643,
              37.623127
            ],
            [
              -79.400308,
              37.623672
            ],
            [
              -79.401811,
              37.62424
            ],
            [
              -79.400841,
              37.624745
            ],
            [
              -79.402146,
              37.624878
            ]
          ],
          [
            [
              -79.40151,
              37.625115
            ],
            [
              -79.403067,
              37.625494
            ],
            [
              -79.401722,
              37.62583
            ],
            [
              -79.399618,
              37.628131
            ],
            [
              -79.396292,
              37.629165
            ],
            [
              -79.392481,
              37.631873
            ],
            [
              -79.392057,
              37.633406
            ],
            [
              -79.387154,
              37.635989
            ],
            [
              -79.378527,
              37.643633
            ],
            [
              -79.377878,
              37.645206
            ],
            [
              -79.376403,
              37.646084
            ],
            [
              -79.374258,
              37.644874
            ],
            [
              -79.36992,
              37.644936
            ],
            [
              -79.364928,
              37.64911
            ],
            [
              -79.364777,
              37.650076
            ],
            [
              -79.362708,
              37.651237
            ],
            [
              -79.362557,
              37.652037
            ],
            [
              -79.359566,
              37.653185
            ],
            [
              -79.358405,
              37.654354
            ],
            [
              -79.359067,
              37.655037
            ],
            [
              -79.357059,
              37.655352
            ],
            [
              -79.358794,
              37.65602
            ],
            [
              -79.35667,
              37.656189
            ],
            [
              -79.354819,
              37.657355
            ],
            [
              -79.34874,
              37.656946
            ],
            [
              -79.347913,
              37.65754
            ],
            [
              -79.349786,
              37.658395
            ],
            [
              -79.346056,
              37.659695
            ],
            [
              -79.34661,
              37.660039
            ],
            [
              -79.344998,
              37.661037
            ],
            [
              -79.345175,
              37.661997
            ],
            [
              -79.34581,
              37.661972
            ],
            [
              -79.345407,
              37.665808
            ],
            [
              -79.34288,
              37.668663
            ],
            [
              -79.343372,
              37.670641
            ],
            [
              -79.340189,
              37.675044
            ],
            [
              -79.338502,
              37.675487
            ],
            [
              -79.338016,
              37.674597
            ],
            [
              -79.334561,
              37.675393
            ],
            [
              -79.33452,
              37.673808
            ],
            [
              -79.333495,
              37.674161
            ],
            [
              -79.332566,
              37.676162
            ],
            [
              -79.32829,
              37.676568
            ],
            [
              -79.32659,
              37.6774
            ],
            [
              -79.314309,
              37.674098
            ],
            [
              -79.314514,
              37.672796
            ],
            [
              -79.312868,
              37.673214
            ],
            [
              -79.310457,
              37.672403
            ],
            [
              -79.307964,
              37.672865
            ],
            [
              -79.307944,
              37.671245
            ],
            [
              -79.304474,
              37.669539
            ],
            [
              -79.303511,
              37.670496
            ],
            [
              -79.299591,
              37.671821
            ],
            [
              -79.298361,
              37.674407
            ],
            [
              -79.29194,
              37.677255
            ],
            [
              -79.285629,
              37.674552
            ],
            [
              -79.284441,
              37.675093
            ],
            [
              -79.283136,
              37.674579
            ],
            [
              -79.281729,
              37.67155
            ],
            [
              -79.278082,
              37.669465
            ],
            [
              -79.278034,
              37.66736
            ],
            [
              -79.274681,
              37.668874
            ],
            [
              -79.274688,
              37.670891
            ],
            [
              -79.273922,
              37.671472
            ],
            [
              -79.274312,
              37.672898
            ],
            [
              -79.276204,
              37.67475
            ],
            [
              -79.275582,
              37.676143
            ],
            [
              -79.274032,
              37.676386
            ],
            [
              -79.275117,
              37.67769
            ],
            [
              -79.274537,
              37.67784
            ],
            [
              -79.275295,
              37.678268
            ],
            [
              -79.274496,
              37.678907
            ],
            [
              -79.275124,
              37.679926
            ],
            [
              -79.273123,
              37.682372
            ],
            [
              -79.271811,
              37.682011
            ],
            [
              -79.272058,
              37.683675
            ],
            [
              -79.271156,
              37.68534
            ],
            [
              -79.271867,
              37.686998
            ],
            [
              -79.270357,
              37.689398
            ],
            [
              -79.272747,
              37.692443
            ],
            [
              -79.271825,
              37.695705
            ],
            [
              -79.272516,
              37.697022
            ],
            [
              -79.271019,
              37.697976
            ],
            [
              -79.27037,
              37.700267
            ],
            [
              -79.268806,
              37.701805
            ],
            [
              -79.267516,
              37.705031
            ],
            [
              -79.26895,
              37.707663
            ],
            [
              -79.269291,
              37.710964
            ],
            [
              -79.268547,
              37.711881
            ],
            [
              -79.26714,
              37.712129
            ],
            [
              -79.265385,
              37.714638
            ],
            [
              -79.26352,
              37.715363
            ],
            [
              -79.260856,
              37.720436
            ],
            [
              -79.259422,
              37.720158
            ],
            [
              -79.25531,
              37.721003
            ],
            [
              -79.253958,
              37.72297
            ],
            [
              -79.252441,
              37.723035
            ],
            [
              -79.251929,
              37.723922
            ],
            [
              -79.246731,
              37.723417
            ],
            [
              -79.248302,
              37.726518
            ],
            [
              -79.246055,
              37.725797
            ],
            [
              -79.243569,
              37.727175
            ],
            [
              -79.241821,
              37.727055
            ],
            [
              -79.24169,
              37.727638
            ],
            [
              -79.239887,
              37.72708
            ],
            [
              -79.240134,
              37.728027
            ],
            [
              -79.236513,
              37.731375
            ],
            [
              -79.232975,
              37.731881
            ],
            [
              -79.228741,
              37.734902
            ],
            [
              -79.22773,
              37.739717
            ],
            [
              -79.22577,
              37.740337
            ],
            [
              -79.222443,
              37.740021
            ],
            [
              -79.220934,
              37.74256
            ],
            [
              -79.219349,
              37.743538
            ],
            [
              -79.220169,
              37.744078
            ],
            [
              -79.218741,
              37.744408
            ],
            [
              -79.217888,
              37.746463
            ],
            [
              -79.212116,
              37.748658
            ],
            [
              -79.21383,
              37.749243
            ],
            [
              -79.21312,
              37.748962
            ],
            [
              -79.210333,
              37.75081
            ],
            [
              -79.211932,
              37.750902
            ],
            [
              -79.208865,
              37.752101
            ],
            [
              -79.205511,
              37.75075
            ],
            [
              -79.202957,
              37.752414
            ],
            [
              -79.19974,
              37.752667
            ],
            [
              -79.197397,
              37.755407
            ],
            [
              -79.195443,
              37.756328
            ],
            [
              -79.194098,
              37.755683
            ],
            [
              -79.193852,
              37.756682
            ],
            [
              -79.194665,
              37.757386
            ],
            [
              -79.192616,
              37.757159
            ],
            [
              -79.195518,
              37.759815
            ],
            [
              -79.196516,
              37.762572
            ],
            [
              -79.194917,
              37.762993
            ],
            [
              -79.193312,
              37.764985
            ],
            [
              -79.190744,
              37.7652
            ],
            [
              -79.187063,
              37.766822
            ],
            [
              -79.186045,
              37.769477
            ],
            [
              -79.185451,
              37.769118
            ],
            [
              -79.18375,
              37.771246
            ],
            [
              -79.184051,
              37.772893
            ],
            [
              -79.182446,
              37.775114
            ],
            [
              -79.183061,
              37.775101
            ],
            [
              -79.18317,
              37.777167
            ],
            [
              -79.181871,
              37.77828
            ],
            [
              -79.181885,
              37.779984
            ],
            [
              -79.180854,
              37.781279
            ],
            [
              -79.181401,
              37.781878
            ],
            [
              -79.177453,
              37.784363
            ],
            [
              -79.179133,
              37.785925
            ],
            [
              -79.177077,
              37.788516
            ],
            [
              -79.174782,
              37.789325
            ],
            [
              -79.171927,
              37.788695
            ],
            [
              -79.173266,
              37.789556
            ],
            [
              -79.172453,
              37.791148
            ],
            [
              -79.175759,
              37.792186
            ],
            [
              -79.176455,
              37.793708
            ],
            [
              -79.175704,
              37.794916
            ],
            [
              -79.168861,
              37.799421
            ],
            [
              -79.157044,
              37.804106
            ],
            [
              -79.162372,
              37.805253
            ],
            [
              -79.162802,
              37.807113
            ],
            [
              -79.153377,
              37.811616
            ],
            [
              -79.153151,
              37.812624
            ],
            [
              -79.160179,
              37.812403
            ],
            [
              -79.157147,
              37.815499
            ],
            [
              -79.157959,
              37.817368
            ],
            [
              -79.155549,
              37.819344
            ],
            [
              -79.155398,
              37.821559
            ],
            [
              -79.150713,
              37.822094
            ],
            [
              -79.14824,
              37.82094
            ],
            [
              -79.143883,
              37.821952
            ],
            [
              -79.142878,
              37.824773
            ],
            [
              -79.140064,
              37.826157
            ],
            [
              -79.137797,
              37.823447
            ],
            [
              -79.137339,
              37.824614
            ],
            [
              -79.136062,
              37.824258
            ],
            [
              -79.133309,
              37.827913
            ],
            [
              -79.127592,
              37.829458
            ],
            [
              -79.126944,
              37.828808
            ],
            [
              -79.121438,
              37.827842
            ],
            [
              -79.123549,
              37.830104
            ],
            [
              -79.121261,
              37.831122
            ],
            [
              -79.11788,
              37.830781
            ],
            [
              -79.113482,
              37.832243
            ],
            [
              -79.111521,
              37.831
            ],
            [
              -79.106351,
              37.829666
            ],
            [
              -79.1045,
              37.828408
            ],
            [
              -79.099609,
              37.828879
            ],
            [
              -79.096215,
              37.826934
            ],
            [
              -79.094016,
              37.826964
            ],
            [
              -79.094418,
              37.825894
            ],
            [
              -79.093332,
              37.826097
            ],
            [
              -79.093551,
              37.825026
            ],
            [
              -79.091925,
              37.823388
            ],
            [
              -79.088127,
              37.823514
            ],
            [
              -79.083709,
              37.825677
            ],
            [
              -79.076598,
              37.824953
            ],
            [
              -79.076393,
              37.821984
            ],
            [
              -79.073852,
              37.818805
            ],
            [
              -79.071687,
              37.818249
            ],
            [
              -79.067732,
              37.820013
            ],
            [
              -79.059796,
              37.819137
            ],
            [
              -79.053471,
              37.822286
            ],
            [
              -79.049721,
              37.823084
            ],
            [
              -79.048793,
              37.824781
            ],
            [
              -79.047563,
              37.824441
            ],
            [
              -79.046798,
              37.825165
            ],
            [
              -79.04162,
              37.826043
            ],
            [
              -79.041908,
              37.825176
            ],
            [
              -79.040159,
              37.826071
            ],
            [
              -79.040357,
              37.826867
            ],
            [
              -79.03854,
              37.826889
            ],
            [
              -79.038698,
              37.827362
            ],
            [
              -79.037673,
              37.826741
            ],
            [
              -79.037079,
              37.827752
            ],
            [
              -79.036552,
              37.82704
            ],
            [
              -79.035917,
              37.827823
            ],
            [
              -79.037338,
              37.829374
            ],
            [
              -79.035358,
              37.829598
            ],
            [
              -79.03755,
              37.830439
            ],
            [
              -79.028739,
              37.835818
            ],
            [
              -79.028876,
              37.836393
            ],
            [
              -79.027038,
              37.836163
            ],
            [
              -79.023459,
              37.838356
            ],
            [
              -79.021089,
              37.838643
            ],
            [
              -79.021219,
              37.839648
            ],
            [
              -79.019805,
              37.839176
            ],
            [
              -79.020188,
              37.839845
            ],
            [
              -79.017852,
              37.842971
            ],
            [
              -79.017326,
              37.845708
            ],
            [
              -79.016274,
              37.84697
            ],
            [
              -79.016663,
              37.847565
            ],
            [
              -79.012094,
              37.855076
            ],
            [
              -79.010543,
              37.855207
            ],
            [
              -79.005913,
              37.853745
            ],
            [
              -79.001521,
              37.855313
            ],
            [
              -79.000702,
              37.854482
            ],
            [
              -79.000025,
              37.855434
            ],
            [
              -78.998864,
              37.853169
            ],
            [
              -78.997778,
              37.852596
            ],
            [
              -78.99872,
              37.850546
            ],
            [
              -78.997511,
              37.849516
            ],
            [
              -78.998481,
              37.848746
            ],
            [
              -78.998017,
              37.845505
            ],
            [
              -78.999062,
              37.844915
            ],
            [
              -78.998017,
              37.843243
            ],
            [
              -78.99732,
              37.844385
            ],
            [
              -78.996931,
              37.843932
            ],
            [
              -78.994807,
              37.846435
            ],
            [
              -78.990934,
              37.849183
            ],
            [
              -78.991283,
              37.849858
            ],
            [
              -78.989718,
              37.852898
            ],
            [
              -78.988154,
              37.854004
            ],
            [
              -78.98868,
              37.854049
            ],
            [
              -78.986324,
              37.8548
            ],
            [
              -78.987895,
              37.855169
            ],
            [
              -78.985778,
              37.85587
            ],
            [
              -78.987055,
              37.856218
            ],
            [
              -78.983461,
              37.857238
            ],
            [
              -78.983851,
              37.859362
            ],
            [
              -78.986761,
              37.86395
            ],
            [
              -78.988229,
              37.864425
            ],
            [
              -78.993707,
              37.864032
            ],
            [
              -78.992928,
              37.86437
            ],
            [
              -78.99633,
              37.866105
            ],
            [
              -78.994684,
              37.866099
            ],
            [
              -78.993201,
              37.866952
            ],
            [
              -78.992231,
              37.872228
            ],
            [
              -78.99299,
              37.874041
            ],
            [
              -78.991583,
              37.879088
            ],
            [
              -78.992867,
              37.88025
            ],
            [
              -78.99202,
              37.882475
            ],
            [
              -78.992292,
              37.886251
            ],
            [
              -78.994171,
              37.886802
            ],
            [
              -78.993141,
              37.888203
            ],
            [
              -78.995326,
              37.888114
            ],
            [
              -78.988824,
              37.895136
            ],
            [
              -78.989615,
              37.895055
            ],
            [
              -78.985252,
              37.901298
            ],
            [
              -78.979337,
              37.907058
            ],
            [
              -78.979712,
              37.907641
            ],
            [
              -78.97739,
              37.910756
            ],
            [
              -78.976195,
              37.910942
            ],
            [
              -78.972664,
              37.915225
            ],
            [
              -78.971461,
              37.918615
            ],
            [
              -78.969672,
              37.919864
            ],
            [
              -78.970621,
              37.920836
            ],
            [
              -78.968852,
              37.922265
            ],
            [
              -78.968859,
              37.923229
            ],
            [
              -78.963381,
              37.929727
            ],
            [
              -78.960205,
              37.931537
            ],
            [
              -78.956858,
              37.935079
            ],
            [
              -78.952603,
              37.936947
            ],
            [
              -78.95164,
              37.938273
            ],
            [
              -78.946162,
              37.941566
            ],
            [
              -78.94554,
              37.94311
            ],
            [
              -78.943908,
              37.943829
            ],
            [
              -78.942481,
              37.945624
            ],
            [
              -78.938205,
              37.943495
            ],
            [
              -78.937877,
              37.942196
            ],
            [
              -78.935008,
              37.939672
            ],
            [
              -78.931457,
              37.939163
            ],
            [
              -78.927338,
              37.940172
            ],
            [
              -78.926402,
              37.939795
            ],
            [
              -78.923124,
              37.941157
            ],
            [
              -78.921232,
              37.942863
            ],
            [
              -78.921191,
              37.944209
            ],
            [
              -78.918281,
              37.945194
            ],
            [
              -78.913179,
              37.945514
            ],
            [
              -78.912093,
              37.946211
            ],
            [
              -78.910973,
              37.944199
            ],
            [
              -78.909388,
              37.944243
            ],
            [
              -78.90473,
              37.947229
            ],
            [
              -78.901212,
              37.947202
            ],
            [
              -78.89915,
              37.94817
            ],
            [
              -78.900824,
              37.950155
            ],
            [
              -78.901787,
              37.949817
            ],
            [
              -78.9021,
              37.951453
            ],
            [
              -78.900837,
              37.955279
            ],
            [
              -78.903125,
              37.957275
            ],
            [
              -78.900475,
              37.960409
            ],
            [
              -78.901513,
              37.960301
            ],
            [
              -78.901595,
              37.961515
            ],
            [
              -78.902285,
              37.961518
            ],
            [
              -78.898269,
              37.965853
            ],
            [
              -78.898187,
              37.967104
            ],
            [
              -78.896678,
              37.968064
            ],
            [
              -78.894663,
              37.971583
            ],
            [
              -78.892408,
              37.972101
            ],
            [
              -78.891274,
              37.974681
            ],
            [
              -78.889308,
              37.976614
            ],
            [
              -78.885025,
              37.978038
            ],
            [
              -78.884165,
              37.979252
            ],
            [
              -78.883011,
              37.97934
            ],
            [
              -78.884643,
              37.980036
            ],
            [
              -78.881542,
              37.980714
            ],
            [
              -78.884623,
              37.982234
            ],
            [
              -78.884056,
              37.982548
            ],
            [
              -78.884874,
              37.98268
            ],
            [
              -78.884226,
              37.982858
            ],
            [
              -78.884895,
              37.982987
            ],
            [
              -78.883727,
              37.983331
            ],
            [
              -78.884157,
              37.983686
            ],
            [
              -78.883174,
              37.983456
            ],
            [
              -78.883836,
              37.984158
            ],
            [
              -78.882327,
              37.983693
            ],
            [
              -78.883597,
              37.984784
            ],
            [
              -78.883509,
              37.986026
            ],
            [
              -78.879868,
              37.986826
            ],
            [
              -78.880654,
              37.987142
            ],
            [
              -78.878447,
              37.988125
            ],
            [
              -78.878714,
              37.991567
            ],
            [
              -78.879998,
              37.99251
            ],
            [
              -78.880182,
              37.994914
            ],
            [
              -78.881097,
              37.995264
            ],
            [
              -78.879226,
              37.999588
            ],
            [
              -78.879424,
              38.001105
            ],
            [
              -78.878038,
              38.002567
            ],
            [
              -78.877963,
              38.004075
            ],
            [
              -78.876563,
              38.006064
            ],
            [
              -78.876542,
              38.008321
            ],
            [
              -78.872881,
              38.011859
            ],
            [
              -78.874193,
              38.01451
            ],
            [
              -78.873366,
              38.014589
            ],
            [
              -78.872649,
              38.015996
            ],
            [
              -78.871207,
              38.016123
            ],
            [
              -78.866215,
              38.02006
            ],
            [
              -78.866057,
              38.022463
            ],
            [
              -78.863025,
              38.023215
            ],
            [
              -78.8567,
              38.0272
            ],
            [
              -78.856775,
              38.029562
            ],
            [
              -78.858981,
              38.032959
            ],
            [
              -78.858811,
              38.034326
            ],
            [
              -78.855416,
              38.037224
            ],
            [
              -78.850519,
              38.039743
            ],
            [
              -78.850314,
              38.040974
            ],
            [
              -78.846148,
              38.043214
            ],
            [
              -78.843368,
              38.045844
            ],
            [
              -78.842917,
              38.047201
            ],
            [
              -78.839331,
              38.050307
            ],
            [
              -78.835445,
              38.052429
            ],
            [
              -78.833512,
              38.052705
            ],
            [
              -78.832774,
              38.053691
            ],
            [
              -78.828888,
              38.054859
            ],
            [
              -78.827904,
              38.05712
            ],
            [
              -78.824749,
              38.056972
            ],
            [
              -78.824428,
              38.058876
            ],
            [
              -78.822638,
              38.060024
            ],
            [
              -78.818328,
              38.059497
            ],
            [
              -78.810952,
              38.061424
            ],
            [
              -78.801936,
              38.066194
            ],
            [
              -78.80001,
              38.066279
            ],
            [
              -78.794204,
              38.06932
            ],
            [
              -78.79322,
              38.071342
            ],
            [
              -78.793726,
              38.072897
            ],
            [
              -78.790591,
              38.078718
            ],
            [
              -78.786745,
              38.081498
            ],
            [
              -78.784204,
              38.081747
            ],
            [
              -78.783563,
              38.081262
            ],
            [
              -78.779574,
              38.082601
            ],
            [
              -78.779457,
              38.083406
            ],
            [
              -78.780871,
              38.084505
            ],
            [
              -78.780864,
              38.08546
            ],
            [
              -78.781595,
              38.085649
            ],
            [
              -78.781473,
              38.08662
            ],
            [
              -78.783754,
              38.090371
            ],
            [
              -78.782538,
              38.090808
            ],
            [
              -78.780291,
              38.093546
            ],
            [
              -78.7801,
              38.096826
            ],
            [
              -78.778406,
              38.096939
            ],
            [
              -78.780489,
              38.102286
            ],
            [
              -78.77833,
              38.106539
            ],
            [
              -78.781404,
              38.107705
            ],
            [
              -78.779766,
              38.109751
            ],
            [
              -78.781869,
              38.113179
            ],
            [
              -78.784211,
              38.11412
            ],
            [
              -78.786998,
              38.113528
            ],
            [
              -78.786035,
              38.114506
            ],
            [
              -78.786383,
              38.117328
            ],
            [
              -78.787586,
              38.117387
            ],
            [
              -78.785782,
              38.119921
            ],
            [
              -78.787818,
              38.122136
            ],
            [
              -78.786807,
              38.12332
            ],
            [
              -78.788446,
              38.12586
            ],
            [
              -78.787073,
              38.128407
            ],
            [
              -78.785202,
              38.129246
            ],
            [
              -78.783474,
              38.128988
            ],
            [
              -78.778337,
              38.132198
            ],
            [
              -78.77846,
              38.13325
            ],
            [
              -78.77885,
              38.132793
            ],
            [
              -78.779567,
              38.137641
            ],
            [
              -78.779047,
              38.139753
            ],
            [
              -78.776459,
              38.140205
            ],
            [
              -78.775141,
              38.14127
            ],
            [
              -78.77398,
              38.148466
            ],
            [
              -78.775134,
              38.149839
            ],
            [
              -78.774055,
              38.153536
            ],
            [
              -78.774493,
              38.155202
            ],
            [
              -78.772136,
              38.157586
            ],
            [
              -78.772799,
              38.159329
            ],
            [
              -78.774089,
              38.159984
            ],
            [
              -78.774512,
              38.161447
            ],
            [
              -78.772224,
              38.1624
            ],
            [
              -78.772805,
              38.165028
            ],
            [
              -78.771378,
              38.165718
            ],
            [
              -78.771221,
              38.166728
            ],
            [
              -78.772812,
              38.168034
            ],
            [
              -78.771084,
              38.168073
            ],
            [
              -78.768619,
              38.170657
            ],
            [
              -78.768844,
              38.172144
            ],
            [
              -78.769629,
              38.172177
            ],
            [
              -78.769472,
              38.174427
            ],
            [
              -78.771289,
              38.175741
            ],
            [
              -78.770593,
              38.177561
            ],
            [
              -78.766167,
              38.177504
            ],
            [
              -78.765374,
              38.178408
            ],
            [
              -78.764561,
              38.177892
            ],
            [
              -78.760675,
              38.183392
            ],
            [
              -78.760162,
              38.183003
            ],
            [
              -78.758837,
              38.185844
            ],
            [
              -78.757096,
              38.186946
            ],
            [
              -78.757062,
              38.189333
            ],
            [
              -78.756263,
              38.190214
            ],
            [
              -78.756891,
              38.190686
            ],
            [
              -78.756324,
              38.191545
            ],
            [
              -78.756174,
              38.191105
            ],
            [
              -78.75297,
              38.194116
            ],
            [
              -78.752547,
              38.19373
            ],
            [
              -78.752137,
              38.195046
            ],
            [
              -78.753557,
              38.1972
            ],
            [
              -78.750894,
              38.198366
            ],
            [
              -78.750778,
              38.19935
            ],
            [
              -78.751959,
              38.200202
            ],
            [
              -78.751912,
              38.202913
            ],
            [
              -78.750941,
              38.204125
            ],
            [
              -78.75157,
              38.20406
            ],
            [
              -78.745962,
              38.211792
            ],
            [
              -78.745785,
              38.213933
            ],
            [
              -78.744186,
              38.214628
            ],
            [
              -78.740846,
              38.218208
            ],
            [
              -78.739023,
              38.218664
            ],
            [
              -78.740471,
              38.220224
            ],
            [
              -78.736483,
              38.22062
            ],
            [
              -78.730984,
              38.225506
            ],
            [
              -78.730396,
              38.227256
            ],
            [
              -78.726319,
              38.229209
            ],
            [
              -78.725895,
              38.230373
            ],
            [
              -78.719536,
              38.234047
            ],
            [
              -78.717842,
              38.234127
            ],
            [
              -78.713922,
              38.236961
            ],
            [
              -78.710425,
              38.237695
            ],
            [
              -78.710186,
              38.239024
            ],
            [
              -78.711552,
              38.242087
            ],
            [
              -78.703635,
              38.246641
            ],
            [
              -78.697762,
              38.245219
            ],
            [
              -78.687946,
              38.24931
            ],
            [
              -78.684272,
              38.253081
            ],
            [
              -78.681779,
              38.254054
            ]
          ],
          [
            [
              -78.680529,
              38.252926
            ],
            [
              -78.678589,
              38.253649
            ],
            [
              -78.678071,
              38.254576
            ],
            [
              -78.673152,
              38.24986
            ],
            [
              -78.674095,
              38.246901
            ],
            [
              -78.673494,
              38.244375
            ],
            [
              -78.671992,
              38.243129
            ],
            [
              -78.666172,
              38.245068
            ],
            [
              -78.665687,
              38.247203
            ],
            [
              -78.666268,
              38.248953
            ],
            [
              -78.663918,
              38.252321
            ],
            [
              -78.659287,
              38.254676
            ],
            [
              -78.659205,
              38.255827
            ],
            [
              -78.654772,
              38.257577
            ],
            [
              -78.65439,
              38.259903
            ],
            [
              -78.655933,
              38.26015
            ],
            [
              -78.65329,
              38.260809
            ],
            [
              -78.651118,
              38.262415
            ],
            [
              -78.648072,
              38.263043
            ],
            [
              -78.649609,
              38.265218
            ],
            [
              -78.653031,
              38.265526
            ],
            [
              -78.65536,
              38.26805
            ],
            [
              -78.656726,
              38.267312
            ],
            [
              -78.65844,
              38.267711
            ],
            [
              -78.658959,
              38.272745
            ],
            [
              -78.661446,
              38.271803
            ],
            [
              -78.664048,
              38.276698
            ],
            [
              -78.66092,
              38.28129
            ],
            [
              -78.659493,
              38.281608
            ],
            [
              -78.658898,
              38.286796
            ],
            [
              -78.6512,
              38.293855
            ],
            [
              -78.650852,
              38.29588
            ],
            [
              -78.647471,
              38.292559
            ],
            [
              -78.646767,
              38.292779
            ],
            [
              -78.643769,
              38.290137
            ],
            [
              -78.640313,
              38.290171
            ],
            [
              -78.639773,
              38.290683
            ],
            [
              -78.63211,
              38.291186
            ],
            [
              -78.632929,
              38.292658
            ],
            [
              -78.632486,
              38.29519
            ],
            [
              -78.63379,
              38.294771
            ],
            [
              -78.630717,
              38.300637
            ],
            [
              -78.625034,
              38.301991
            ],
            [
              -78.623634,
              38.301494
            ],
            [
              -78.621742,
              38.302042
            ],
            [
              -78.617336,
              38.30124
            ],
            [
              -78.613163,
              38.30266
            ],
            [
              -78.616558,
              38.30331
            ],
            [
              -78.616558,
              38.304009
            ],
            [
              -78.609591,
              38.306129
            ],
            [
              -78.607105,
              38.305677
            ],
            [
              -78.603081,
              38.307113
            ],
            [
              -78.601067,
              38.315163
            ],
            [
              -78.595207,
              38.318147
            ],
            [
              -78.595446,
              38.321256
            ],
            [
              -78.593567,
              38.319524
            ],
            [
              -78.590295,
              38.323584
            ],
            [
              -78.589858,
              38.326291
            ],
            [
              -78.588855,
              38.324635
            ],
            [
              -78.585392,
              38.324713
            ],
            [
              -78.584504,
              38.322771
            ],
            [
              -78.582646,
              38.322385
            ],
            [
              -78.578308,
              38.325449
            ],
            [
              -78.577168,
              38.328485
            ],
            [
              -78.576082,
              38.328931
            ],
            [
              -78.573841,
              38.328295
            ],
            [
              -78.572578,
              38.328827
            ],
            [
              -78.569054,
              38.327042
            ],
            [
              -78.563364,
              38.330141
            ],
            [
              -78.563084,
              38.330995
            ],
            [
              -78.559403,
              38.330959
            ],
            [
              -78.556192,
              38.333199
            ],
            [
              -78.553201,
              38.333587
            ],
            [
              -78.553378,
              38.334433
            ],
            [
              -78.552197,
              38.334963
            ],
            [
              -78.553214,
              38.336588
            ],
            [
              -78.552053,
              38.337726
            ],
            [
              -78.547751,
              38.337059
            ],
            [
              -78.546672,
              38.337555
            ],
            [
              -78.547443,
              38.339752
            ],
            [
              -78.546213,
              38.341704
            ],
            [
              -78.550523,
              38.341947
            ],
            [
              -78.552525,
              38.342872
            ],
            [
              -78.551418,
              38.343421
            ],
            [
              -78.555332,
              38.347219
            ],
            [
              -78.553372,
              38.349309
            ],
            [
              -78.548693,
              38.351482
            ],
            [
              -78.548023,
              38.353189
            ],
            [
              -78.548481,
              38.354149
            ],
            [
              -78.547006,
              38.356736
            ],
            [
              -78.545326,
              38.356476
            ],
            [
              -78.546678,
              38.359788
            ],
            [
              -78.540162,
              38.365675
            ],
            [
              -78.534124,
              38.366548
            ],
            [
              -78.533619,
              38.365677
            ],
            [
              -78.529364,
              38.364182
            ],
            [
              -78.527445,
              38.365691
            ],
            [
              -78.52532,
              38.371774
            ],
            [
              -78.524248,
              38.372418
            ],
            [
              -78.525471,
              38.374629
            ],
            [
              -78.521461,
              38.380031
            ],
            [
              -78.51668,
              38.379943
            ],
            [
              -78.515054,
              38.380999
            ],
            [
              -78.515388,
              38.383534
            ],
            [
              -78.513647,
              38.386132
            ],
            [
              -78.509331,
              38.384342
            ],
            [
              -78.508197,
              38.385007
            ],
            [
              -78.50696,
              38.390004
            ],
            [
              -78.505745,
              38.389915
            ],
            [
              -78.505055,
              38.390612
            ],
            [
              -78.505451,
              38.391639
            ],
            [
              -78.502801,
              38.39507
            ],
            [
              -78.503326,
              38.396743
            ],
            [
              -78.500847,
              38.399957
            ],
            [
              -78.498559,
              38.401291
            ],
            [
              -78.497385,
              38.403811
            ],
            [
              -78.496203,
              38.403633
            ],
            [
              -78.493382,
              38.405163
            ],
            [
              -78.49136,
              38.404727
            ],
            [
              -78.490267,
              38.405564
            ],
            [
              -78.490882,
              38.407907
            ],
            [
              -78.486067,
              38.414989
            ],
            [
              -78.485603,
              38.421809
            ],
            [
              -78.483902,
              38.42375
            ],
            [
              -78.483014,
              38.429354
            ],
            [
              -78.480186,
              38.431063
            ],
            [
              -78.478663,
              38.434004
            ],
            [
              -78.477256,
              38.434483
            ],
            [
              -78.476532,
              38.440207
            ],
            [
              -78.47425,
              38.442901
            ],
            [
              -78.471464,
              38.444093
            ],
            [
              -78.471409,
              38.445349
            ],
            [
              -78.46794,
              38.447982
            ],
            [
              -78.466396,
              38.446412
            ],
            [
              -78.466745,
              38.447163
            ],
            [
              -78.464913,
              38.446272
            ],
            [
              -78.464271,
              38.446749
            ],
            [
              -78.466,
              38.447291
            ],
            [
              -78.465672,
              38.451775
            ],
            [
              -78.462052,
              38.457446
            ],
            [
              -78.462544,
              38.457794
            ],
            [
              -78.461587,
              38.460138
            ],
            [
              -78.458896,
              38.463162
            ],
            [
              -78.456349,
              38.464381
            ],
            [
              -78.457264,
              38.469163
            ],
            [
              -78.456444,
              38.471686
            ],
            [
              -78.452667,
              38.475722
            ],
            [
              -78.449587,
              38.48193
            ],
            [
              -78.446855,
              38.484637
            ],
            [
              -78.446404,
              38.48824
            ],
            [
              -78.443337,
              38.49047
            ],
            [
              -78.442162,
              38.493959
            ],
            [
              -78.439725,
              38.497113
            ],
            [
              -78.441179,
              38.496942
            ],
            [
              -78.445393,
              38.498561
            ],
            [
              -78.446274,
              38.503122
            ],
            [
              -78.44469,
              38.504511
            ],
            [
              -78.444416,
              38.506563
            ],
            [
              -78.44846,
              38.511508
            ],
            [
              -78.449334,
              38.515983
            ],
            [
              -78.443296,
              38.519662
            ],
            [
              -78.442709,
              38.52178
            ],
            [
              -78.444095,
              38.524473
            ],
            [
              -78.444273,
              38.527027
            ],
            [
              -78.442968,
              38.528345
            ],
            [
              -78.44288,
              38.529591
            ],
            [
              -78.441077,
              38.530318
            ],
            [
              -78.439219,
              38.532985
            ],
            [
              -78.437798,
              38.532823
            ],
            [
              -78.434725,
              38.530462
            ],
            [
              -78.434123,
              38.529161
            ],
            [
              -78.432519,
              38.529265
            ],
            [
              -78.433154,
              38.531568
            ],
            [
              -78.426316,
              38.532273
            ],
            [
              -78.425313,
              38.533315
            ],
            [
              -78.420777,
              38.53467
            ],
            [
              -78.419329,
              38.539287
            ],
            [
              -78.417178,
              38.542312
            ],
            [
              -78.41715,
              38.548204
            ],
            [
              -78.409713,
              38.549233
            ],
            [
              -78.409978,
              38.55014
            ],
            [
              -78.408558,
              38.552505
            ],
            [
              -78.406078,
              38.552185
            ],
            [
              -78.404433,
              38.553004
            ],
            [
              -78.402964,
              38.554945
            ],
            [
              -78.394871,
              38.557432
            ],
            [
              -78.388956,
              38.556259
            ],
            [
              -78.38707,
              38.556965
            ],
            [
              -78.384181,
              38.561342
            ],
            [
              -78.383799,
              38.563302
            ],
            [
              -78.385602,
              38.570023
            ],
            [
              -78.384898,
              38.57076
            ],
            [
              -78.384632,
              38.574737
            ],
            [
              -78.383149,
              38.57869
            ],
            [
              -78.385042,
              38.578124
            ],
            [
              -78.385178,
              38.580002
            ],
            [
              -78.386975,
              38.583042
            ],
            [
              -78.383259,
              38.588563
            ],
            [
              -78.381428,
              38.590045
            ],
            [
              -78.379182,
              38.589679
            ],
            [
              -78.379564,
              38.591715
            ],
            [
              -78.376688,
              38.593092
            ],
            [
              -78.371375,
              38.594184
            ],
            [
              -78.368007,
              38.599105
            ],
            [
              -78.367748,
              38.603446
            ],
            [
              -78.365787,
              38.602388
            ],
            [
              -78.366846,
              38.605696
            ],
            [
              -78.36645,
              38.608282
            ],
            [
              -78.359968,
              38.615281
            ],
            [
              -78.358309,
              38.614248
            ],
            [
              -78.357946,
              38.614632
            ],
            [
              -78.357441,
              38.614057
            ],
            [
              -78.355009,
              38.614453
            ],
            [
              -78.352011,
              38.61652
            ],
            [
              -78.349244,
              38.615845
            ],
            [
              -78.34951,
              38.616558
            ],
            [
              -78.344948,
              38.620198
            ],
            [
              -78.345509,
              38.62331
            ],
            [
              -78.343842,
              38.623511
            ],
            [
              -78.343405,
              38.624875
            ],
            [
              -78.341916,
              38.624873
            ],
            [
              -78.340447,
              38.62711
            ],
            [
              -78.337421,
              38.628163
            ],
            [
              -78.331254,
              38.624977
            ],
            [
              -78.329901,
              38.628036
            ],
            [
              -78.326575,
              38.630213
            ],
            [
              -78.326733,
              38.628441
            ],
            [
              -78.325161,
              38.630261
            ],
            [
              -78.3254,
              38.63269
            ],
            [
              -78.324164,
              38.633464
            ],
            [
              -78.321534,
              38.638499
            ],
            [
              -78.322081,
              38.638286
            ],
            [
              -78.321835,
              38.641209
            ],
            [
              -78.320305,
              38.641939
            ],
            [
              -78.320046,
              38.646384
            ],
            [
              -78.317812,
              38.649216
            ],
            [
              -78.315647,
              38.649806
            ],
            [
              -78.316077,
              38.64823
            ],
            [
              -78.314677,
              38.648802
            ],
            [
              -78.313885,
              38.650527
            ],
            [
              -78.314479,
              38.651779
            ],
            [
              -78.313932,
              38.654082
            ],
            [
              -78.313536,
              38.65333
            ],
            [
              -78.312928,
              38.653771
            ],
            [
              -78.313864,
              38.655121
            ],
            [
              -78.316944,
              38.655715
            ],
            [
              -78.318017,
              38.6571
            ],
            [
              -78.319382,
              38.656658
            ],
            [
              -78.319683,
              38.657733
            ],
            [
              -78.322436,
              38.659201
            ],
            [
              -78.323467,
              38.660842
            ],
            [
              -78.321139,
              38.664987
            ],
            [
              -78.31967,
              38.66544
            ],
            [
              -78.321138,
              38.669938
            ],
            [
              -78.321931,
              38.669853
            ],
            [
              -78.324164,
              38.673057
            ],
            [
              -78.320947,
              38.678313
            ],
            [
              -78.314253,
              38.682281
            ],
            [
              -78.314684,
              38.683269
            ],
            [
              -78.313993,
              38.683937
            ],
            [
              -78.315797,
              38.68556
            ],
            [
              -78.315654,
              38.686363
            ],
            [
              -78.316672,
              38.686936
            ],
            [
              -78.315893,
              38.690324
            ],
            [
              -78.317669,
              38.694478
            ],
            [
              -78.320339,
              38.693489
            ],
            [
              -78.321234,
              38.693942
            ],
            [
              -78.322067,
              38.697754
            ],
            [
              -78.324362,
              38.697505
            ],
            [
              -78.32814,
              38.69902
            ],
            [
              -78.329205,
              38.70281
            ],
            [
              -78.332176,
              38.703472
            ],
            [
              -78.332442,
              38.706172
            ],
            [
              -78.331596,
              38.706986
            ],
            [
              -78.332415,
              38.709217
            ],
            [
              -78.330496,
              38.713007
            ],
            [
              -78.327866,
              38.7151
            ],
            [
              -78.324492,
              38.720654
            ],
            [
              -78.323385,
              38.72466
            ],
            [
              -78.322039,
              38.726012
            ],
            [
              -78.321904,
              38.729433
            ],
            [
              -78.319212,
              38.739336
            ],
            [
              -78.321001,
              38.744553
            ],
            [
              -78.316705,
              38.741738
            ],
            [
              -78.314643,
              38.74379
            ],
            [
              -78.31256,
              38.742656
            ],
            [
              -78.312231,
              38.741644
            ],
            [
              -78.308871,
              38.740679
            ],
            [
              -78.307458,
              38.739566
            ],
            [
              -78.30771,
              38.738878
            ],
            [
              -78.303995,
              38.738305
            ],
            [
              -78.301147,
              38.741735
            ],
            [
              -78.29795,
              38.743851
            ],
            [
              -78.295545,
              38.744448
            ],
            [
              -78.293667,
              38.748788
            ],
            [
              -78.290647,
              38.749466
            ],
            [
              -78.289774,
              38.753986
            ],
            [
              -78.284262,
              38.760399
            ],
            [
              -78.279044,
              38.762526
            ],
            [
              -78.271544,
              38.761797
            ],
            [
              -78.267835,
              38.760485
            ],
            [
              -78.267378,
              38.760897
            ],
            [
              -78.266626,
              38.759934
            ],
            [
              -78.266196,
              38.760356
            ],
            [
              -78.265964,
              38.759301
            ],
            [
              -78.262098,
              38.75899
            ],
            [
              -78.261279,
              38.759543
            ],
            [
              -78.257044,
              38.758119
            ],
            [
              -78.24966,
              38.758639
            ],
            [
              -78.242277,
              38.761758
            ],
            [
              -78.241,
              38.761349
            ],
            [
              -78.23449,
              38.764988
            ],
            [
              -78.233528,
              38.768069
            ],
            [
              -78.230884,
              38.768227
            ],
            [
              -78.230338,
              38.768818
            ],
            [
              -78.227039,
              38.767807
            ],
            [
              -78.226315,
              38.766691
            ],
            [
              -78.223863,
              38.770804
            ],
            [
              -78.219928,
              38.771958
            ],
            [
              -78.217511,
              38.773536
            ],
            [
              -78.213085,
              38.77484
            ],
            [
              -78.209246,
              38.774704
            ],
            [
              -78.207744,
              38.773942
            ],
            [
              -78.207156,
              38.774663
            ],
            [
              -78.20133,
              38.776226
            ],
            [
              -78.198687,
              38.777901
            ],
            [
              -78.197737,
              38.780347
            ],
            [
              -78.195627,
              38.780724
            ],
            [
              -78.195415,
              38.782309
            ],
            [
              -78.193325,
              38.783417
            ],
            [
              -78.194281,
              38.784179
            ],
            [
              -78.194049,
              38.785371
            ],
            [
              -78.188045,
              38.788763
            ],
            [
              -78.188762,
              38.790488
            ],
            [
              -78.18422,
              38.793405
            ],
            [
              -78.184651,
              38.795218
            ],
            [
              -78.183872,
              38.796847
            ],
            [
              -78.179282,
              38.798304
            ],
            [
              -78.177369,
              38.79983
            ],
            [
              -78.180087,
              38.801423
            ],
            [
              -78.181522,
              38.805142
            ],
            [
              -78.182171,
              38.805172
            ],
            [
              -78.181584,
              38.807594
            ],
            [
              -78.179002,
              38.808942
            ],
            [
              -78.1792,
              38.813379
            ],
            [
              -78.177076,
              38.815513
            ],
            [
              -78.177813,
              38.816679
            ],
            [
              -78.178353,
              38.816111
            ],
            [
              -78.179125,
              38.816562
            ],
            [
              -78.176563,
              38.818347
            ],
            [
              -78.171686,
              38.81913
            ],
            [
              -78.173414,
              38.820537
            ],
            [
              -78.169808,
              38.820805
            ],
            [
              -78.170567,
              38.824828
            ],
            [
              -78.167486,
              38.832024
            ],
            [
              -78.163853,
              38.835914
            ],
            [
              -78.162069,
              38.836708
            ],
            [
              -78.161291,
              38.840734
            ],
            [
              -78.158839,
              38.845431
            ],
            [
              -78.160055,
              38.846285
            ],
            [
              -78.16112,
              38.845942
            ],
            [
              -78.164918,
              38.846665
            ],
            [
              -78.162323,
              38.849895
            ],
            [
              -78.163867,
              38.85191
            ],
            [
              -78.164379,
              38.851701
            ],
            [
              -78.1647,
              38.852633
            ],
            [
              -78.165226,
              38.852267
            ],
            [
              -78.164857,
              38.853961
            ],
            [
              -78.165895,
              38.853599
            ],
            [
              -78.164973,
              38.854982
            ],
            [
              -78.167357,
              38.856373
            ],
            [
              -78.166967,
              38.858003
            ],
            [
              -78.165888,
              38.858072
            ],
            [
              -78.166271,
              38.858847
            ],
            [
              -78.16151,
              38.864925
            ],
            [
              -78.161291,
              38.866586
            ],
            [
              -78.160574,
              38.866411
            ],
            [
              -78.160772,
              38.867443
            ],
            [
              -78.158949,
              38.868827
            ],
            [
              -78.157439,
              38.868853
            ],
            [
              -78.150158,
              38.878247
            ],
            [
              -78.146401,
              38.876363
            ],
            [
              -78.139053,
              38.878998
            ],
            [
              -78.13434,
              38.87709
            ],
            [
              -78.133601,
              38.877662
            ],
            [
              -78.130911,
              38.877623
            ],
            [
              -78.129852,
              38.878867
            ],
            [
              -78.127455,
              38.878808
            ],
            [
              -78.127728,
              38.87954
            ],
            [
              -78.125617,
              38.878736
            ],
            [
              -78.122659,
              38.879374
            ],
            [
              -78.119982,
              38.881344
            ],
            [
              -78.116615,
              38.881041
            ],
            [
              -78.111636,
              38.882179
            ],
            [
              -78.110133,
              38.881799
            ],
            [
              -78.108535,
              38.879994
            ],
            [
              -78.10473,
              38.880652
            ],
            [
              -78.103057,
              38.879907
            ],
            [
              -78.096862,
              38.882744
            ],
            [
              -78.094328,
              38.885217
            ],
            [
              -78.092716,
              38.885231
            ],
            [
              -78.089964,
              38.889095
            ],
            [
              -78.087587,
              38.889968
            ],
            [
              -78.086706,
              38.888563
            ],
            [
              -78.084759,
              38.889452
            ],
            [
              -78.082867,
              38.888404
            ],
            [
              -78.08163,
              38.890603
            ],
            [
              -78.077307,
              38.891409
            ],
            [
              -78.076454,
              38.892293
            ],
            [
              -78.075443,
              38.89202
            ],
            [
              -78.074903,
              38.892876
            ],
            [
              -78.07562,
              38.895592
            ],
            [
              -78.074575,
              38.896562
            ],
            [
              -78.072424,
              38.896296
            ],
            [
              -78.071966,
              38.897415
            ],
            [
              -78.069384,
              38.898882
            ],
            [
              -78.06892,
              38.897771
            ],
            [
              -78.064747,
              38.898306
            ],
            [
              -78.058818,
              38.900454
            ],
            [
              -78.055266,
              38.902526
            ],
            [
              -78.057008,
              38.902467
            ],
            [
              -78.055628,
              38.903396
            ],
            [
              -78.056291,
              38.903336
            ],
            [
              -78.056147,
              38.905747
            ],
            [
              -78.054699,
              38.906044
            ],
            [
              -78.055082,
              38.906666
            ],
            [
              -78.053148,
              38.911257
            ],
            [
              -78.051031,
              38.911744
            ],
            [
              -78.049946,
              38.915378
            ],
            [
              -78.048716,
              38.916442
            ],
            [
              -78.049829,
              38.916902
            ],
            [
              -78.0489,
              38.91982
            ],
            [
              -78.046516,
              38.921571
            ],
            [
              -78.045785,
              38.921318
            ],
            [
              -78.043785,
              38.922488
            ],
            [
              -78.043757,
              38.92205
            ],
            [
              -78.038676,
              38.92284
            ],
            [
              -78.03733,
              38.924194
            ],
            [
              -78.036224,
              38.927738
            ],
            [
              -78.035316,
              38.927665
            ],
            [
              -78.034202,
              38.930434
            ],
            [
              -78.031511,
              38.932136
            ],
            [
              -78.030972,
              38.933275
            ],
            [
              -78.033068,
              38.939027
            ],
            [
              -78.035049,
              38.93941
            ],
            [
              -78.035992,
              38.941578
            ],
            [
              -78.033983,
              38.943117
            ],
            [
              -78.032092,
              38.943056
            ],
            [
              -78.029673,
              38.947755
            ],
            [
              -78.028601,
              38.947719
            ],
            [
              -78.025665,
              38.951198
            ],
            [
              -78.022427,
              38.952282
            ],
            [
              -78.018855,
              38.955006
            ],
            [
              -78.016123,
              38.958463
            ],
            [
              -78.016143,
              38.963747
            ],
            [
              -78.014313,
              38.964692
            ],
            [
              -78.008152,
              38.965065
            ],
            [
              -78.006847,
              38.966185
            ],
            [
              -78.002804,
              38.967063
            ],
            [
              -78.001772,
              38.969343
            ],
            [
              -78.000044,
              38.96892
            ],
            [
              -77.999464,
              38.969874
            ],
            [
              -77.999027,
              38.969601
            ],
            [
              -77.99902,
              38.971318
            ],
            [
              -77.997914,
              38.972179
            ],
            [
              -77.998494,
              38.972313
            ],
            [
              -77.997244,
              38.97557
            ],
            [
              -77.998433,
              38.978157
            ],
            [
              -77.997927,
              38.982134
            ],
            [
              -77.998795,
              38.984832
            ],
            [
              -77.996028,
              38.98721
            ],
            [
              -77.995386,
              38.987023
            ],
            [
              -77.993617,
              38.989551
            ],
            [
              -77.993686,
              38.991369
            ],
            [
              -77.992552,
              38.991051
            ],
            [
              -77.990188,
              38.996566
            ],
            [
              -77.992627,
              38.996932
            ],
            [
              -77.993644,
              39.00018
            ],
            [
              -77.994895,
              38.999856
            ],
            [
              -77.991336,
              39.003222
            ],
            [
              -77.989519,
              39.003093
            ],
            [
              -77.988652,
              39.005826
            ],
            [
              -77.985544,
              39.005789
            ],
            [
              -77.97924,
              39.009905
            ],
            [
              -77.978659,
              39.009537
            ],
            [
              -77.976576,
              39.010351
            ],
            [
              -77.976234,
              39.011333
            ],
            [
              -77.974035,
              39.012155
            ],
            [
              -77.971747,
              39.01461
            ],
            [
              -77.970279,
              39.017674
            ],
            [
              -77.967301,
              39.01807
            ],
            [
              -77.965477,
              39.016783
            ],
            [
              -77.963196,
              39.017012
            ],
            [
              -77.963079,
              39.018384
            ],
            [
              -77.96435,
              39.019987
            ],
            [
              -77.965183,
              39.024042
            ],
            [
              -77.964459,
              39.02439
            ],
            [
              -77.964049,
              39.026905
            ],
            [
              -77.960853,
              39.029468
            ],
            [
              -77.958011,
              39.029126
            ]
          ],
          [
            [
              -77.957977,
              39.031933
            ],
            [
              -77.955334,
              39.033968
            ],
            [
              -77.952568,
              39.033372
            ],
            [
              -77.952575,
              39.034115
            ],
            [
              -77.951591,
              39.033594
            ],
            [
              -77.95056,
              39.036801
            ],
            [
              -77.94651,
              39.039128
            ],
            [
              -77.946319,
              39.040106
            ],
            [
              -77.944877,
              39.040179
            ],
            [
              -77.947288,
              39.043757
            ],
            [
              -77.946994,
              39.045129
            ],
            [
              -77.942207,
              39.046602
            ],
            [
              -77.94084,
              39.050852
            ],
            [
              -77.94194,
              39.051735
            ],
            [
              -77.941093,
              39.054211
            ],
            [
              -77.939666,
              39.055305
            ],
            [
              -77.937337,
              39.05454
            ],
            [
              -77.937057,
              39.055146
            ],
            [
              -77.935397,
              39.054814
            ],
            [
              -77.93341,
              39.057715
            ],
            [
              -77.932911,
              39.057417
            ],
            [
              -77.932617,
              39.058132
            ],
            [
              -77.932317,
              39.057328
            ],
            [
              -77.931708,
              39.058596
            ],
            [
              -77.931422,
              39.058067
            ],
            [
              -77.930985,
              39.058736
            ],
            [
              -77.930561,
              39.05817
            ],
            [
              -77.928963,
              39.059318
            ],
            [
              -77.928184,
              39.05882
            ],
            [
              -77.926709,
              39.059604
            ],
            [
              -77.926518,
              39.059123
            ],
            [
              -77.924544,
              39.060708
            ],
            [
              -77.924401,
              39.062144
            ],
            [
              -77.923567,
              39.061634
            ],
            [
              -77.919148,
              39.065429
            ],
            [
              -77.917229,
              39.069004
            ],
            [
              -77.916573,
              39.068998
            ],
            [
              -77.91628,
              39.070528
            ],
            [
              -77.917263,
              39.071918
            ],
            [
              -77.915692,
              39.071322
            ],
            [
              -77.913322,
              39.072138
            ],
            [
              -77.912728,
              39.071788
            ],
            [
              -77.91158,
              39.072591
            ],
            [
              -77.9099,
              39.071827
            ],
            [
              -77.909599,
              39.073078
            ],
            [
              -77.905659,
              39.071491
            ],
            [
              -77.90348,
              39.069798
            ],
            [
              -77.90182,
              39.070335
            ],
            [
              -77.899587,
              39.074543
            ],
            [
              -77.899497,
              39.077316
            ],
            [
              -77.901772,
              39.080111
            ],
            [
              -77.898685,
              39.082895
            ],
            [
              -77.898773,
              39.084491
            ],
            [
              -77.896854,
              39.084093
            ],
            [
              -77.89641,
              39.085388
            ],
            [
              -77.893767,
              39.0864
            ],
            [
              -77.894088,
              39.087477
            ],
            [
              -77.889061,
              39.089782
            ],
            [
              -77.887627,
              39.092016
            ],
            [
              -77.886903,
              39.091583
            ],
            [
              -77.886233,
              39.093032
            ],
            [
              -77.87997,
              39.094169
            ],
            [
              -77.875578,
              39.098111
            ],
            [
              -77.874253,
              39.104279
            ],
            [
              -77.873126,
              39.103915
            ],
            [
              -77.868358,
              39.106469
            ],
            [
              -77.861583,
              39.111901
            ],
            [
              -77.855962,
              39.111445
            ],
            [
              -77.856201,
              39.11198
            ],
            [
              -77.853824,
              39.114331
            ],
            [
              -77.851741,
              39.113728
            ],
            [
              -77.850853,
              39.115588
            ],
            [
              -77.852608,
              39.115914
            ],
            [
              -77.852171,
              39.116668
            ],
            [
              -77.853387,
              39.119202
            ],
            [
              -77.85187,
              39.122784
            ],
            [
              -77.852806,
              39.122662
            ],
            [
              -77.853387,
              39.126395
            ],
            [
              -77.851932,
              39.128205
            ],
            [
              -77.852021,
              39.129388
            ],
            [
              -77.845839,
              39.133526
            ],
            [
              -77.844699,
              39.136252
            ],
            [
              -77.842247,
              39.136888
            ],
            [
              -77.840382,
              39.138988
            ],
            [
              -77.840314,
              39.140205
            ],
            [
              -77.838852,
              39.140435
            ],
            [
              -77.837999,
              39.139397
            ],
            [
              -77.83582,
              39.138792
            ],
            [
              -77.833737,
              39.139442
            ],
            [
              -77.832473,
              39.143671
            ],
            [
              -77.830389,
              39.142789
            ],
            [
              -77.830123,
              39.143417
            ],
            [
              -77.828825,
              39.143327
            ],
            [
              -77.824304,
              39.145388
            ],
            [
              -77.821189,
              39.149801
            ],
            [
              -77.820629,
              39.153112
            ],
            [
              -77.818177,
              39.155887
            ],
            [
              -77.816934,
              39.156174
            ],
            [
              -77.808628,
              39.171834
            ],
            [
              -77.805801,
              39.173429
            ],
            [
              -77.804237,
              39.178737
            ],
            [
              -77.804681,
              39.179348
            ],
            [
              -77.80074,
              39.186686
            ],
            [
              -77.800446,
              39.188787
            ],
            [
              -77.79615,
              39.195111
            ],
            [
              -77.797318,
              39.197313
            ],
            [
              -77.796546,
              39.198516
            ],
            [
              -77.797154,
              39.199533
            ],
            [
              -77.793274,
              39.207036
            ],
            [
              -77.791396,
              39.208851
            ],
            [
              -77.792236,
              39.210435
            ],
            [
              -77.788726,
              39.213699
            ],
            [
              -77.788459,
              39.215998
            ],
            [
              -77.786014,
              39.219557
            ],
            [
              -77.786014,
              39.22153
            ],
            [
              -77.781745,
              39.225492
            ],
            [
              -77.775844,
              39.23366
            ],
            [
              -77.77137,
              39.236469
            ],
            [
              -77.769417,
              39.240101
            ],
            [
              -77.770195,
              39.242492
            ],
            [
              -77.767388,
              39.24882
            ],
            [
              -77.769772,
              39.250074
            ],
            [
              -77.770537,
              39.25179
            ],
            [
              -77.769799,
              39.255957
            ],
            [
              -77.763153,
              39.26125
            ],
            [
              -77.762334,
              39.260976
            ],
            [
              -77.75937,
              39.266556
            ],
            [
              -77.757614,
              39.267277
            ],
            [
              -77.752307,
              39.275434
            ],
            [
              -77.753236,
              39.28171
            ],
            [
              -77.748578,
              39.293193
            ],
            [
              -77.743113,
              39.299552
            ],
            [
              -77.738762,
              39.308609
            ],
            [
              -77.736884,
              39.310577
            ],
            [
              -77.737348,
              39.313579
            ],
            [
              -77.740607,
              39.312926
            ],
            [
              -77.741372,
              39.313521
            ],
            [
              -77.740265,
              39.31515
            ],
            [
              -77.741058,
              39.315195
            ],
            [
              -77.742485,
              39.318373
            ],
            [
              -77.740948,
              39.319152
            ],
            [
              -77.74463,
              39.321732
            ],
            [
              -77.742936,
              39.322529
            ],
            [
              -77.735696,
              39.323199
            ],
            [
              -77.733292,
              39.32267
            ],
            [
              -77.728818,
              39.323158
            ],
            [
              -77.72625,
              39.324155
            ],
            [
              -77.724426,
              39.323383
            ],
            [
              -77.706196,
              39.325727
            ],
            [
              -77.701531,
              39.325471
            ],
            [
              -77.694223,
              39.323591
            ],
            [
              -77.690453,
              39.324155
            ],
            [
              -77.681444,
              39.329327
            ],
            [
              -77.681512,
              39.329916
            ],
            [
              -77.683739,
              39.329828
            ],
            [
              -77.685555,
              39.331196
            ],
            [
              -77.683254,
              39.332939
            ],
            [
              -77.680638,
              39.33244
            ],
            [
              -77.680084,
              39.333922
            ],
            [
              -77.678254,
              39.332
            ],
            [
              -77.677803,
              39.334199
            ],
            [
              -77.676369,
              39.33334
            ],
            [
              -77.673814,
              39.343354
            ],
            [
              -77.667496,
              39.351121
            ],
            [
              -77.663644,
              39.359308
            ],
            [
              -77.658884,
              39.366246
            ],
            [
              -77.657081,
              39.36767
            ],
            [
              -77.652415,
              39.374717
            ],
            [
              -77.651077,
              39.380225
            ],
            [
              -77.648672,
              39.383447
            ],
            [
              -77.64777,
              39.388616
            ],
            [
              -77.639561,
              39.404541
            ],
            [
              -77.640196,
              39.404765
            ],
            [
              -77.639213,
              39.406914
            ],
            [
              -77.640298,
              39.408051
            ],
            [
              -77.639998,
              39.410666
            ],
            [
              -77.640893,
              39.412808
            ],
            [
              -77.638577,
              39.424455
            ],
            [
              -77.639534,
              39.42892
            ],
            [
              -77.637614,
              39.437891
            ],
            [
              -77.634807,
              39.443081
            ],
            [
              -77.632813,
              39.444666
            ],
            [
              -77.633885,
              39.4452
            ],
            [
              -77.634609,
              39.446927
            ],
            [
              -77.633325,
              39.448028
            ],
            [
              -77.631461,
              39.447215
            ],
            [
              -77.630662,
              39.447611
            ],
            [
              -77.629883,
              39.447003
            ],
            [
              -77.628216,
              39.447946
            ],
            [
              -77.623906,
              39.446958
            ],
            [
              -77.622049,
              39.450346
            ],
            [
              -77.622984,
              39.453735
            ],
            [
              -77.624951,
              39.45424
            ],
            [
              -77.62629,
              39.458282
            ],
            [
              -77.628121,
              39.460277
            ],
            [
              -77.628052,
              39.462837
            ],
            [
              -77.628762,
              39.462595
            ],
            [
              -77.627874,
              39.464408
            ],
            [
              -77.624322,
              39.464952
            ],
            [
              -77.622936,
              39.46888
            ],
            [
              -77.619514,
              39.469016
            ],
            [
              -77.617813,
              39.469996
            ],
            [
              -77.61763,
              39.473022
            ],
            [
              -77.619371,
              39.477014
            ],
            [
              -77.618736,
              39.483344
            ],
            [
              -77.619657,
              39.484368
            ],
            [
              -77.617684,
              39.485169
            ],
            [
              -77.61739,
              39.486581
            ],
            [
              -77.616113,
              39.487187
            ],
            [
              -77.61502,
              39.486837
            ],
            [
              -77.615396,
              39.487482
            ],
            [
              -77.613449,
              39.488328
            ],
            [
              -77.616939,
              39.491474
            ],
            [
              -77.616386,
              39.496441
            ],
            [
              -77.617622,
              39.498247
            ],
            [
              -77.620545,
              39.498001
            ],
            [
              -77.621495,
              39.498984
            ],
            [
              -77.623489,
              39.498943
            ],
            [
              -77.622513,
              39.500209
            ],
            [
              -77.622629,
              39.501553
            ],
            [
              -77.620777,
              39.504649
            ],
            [
              -77.620505,
              39.506893
            ],
            [
              -77.62142,
              39.5089
            ],
            [
              -77.618203,
              39.517765
            ],
            [
              -77.614897,
              39.522033
            ],
            [
              -77.615546,
              39.523388
            ],
            [
              -77.615,
              39.525166
            ],
            [
              -77.613708,
              39.525262
            ],
            [
              -77.611789,
              39.530143
            ],
            [
              -77.609918,
              39.530081
            ],
            [
              -77.61002,
              39.531629
            ],
            [
              -77.60722,
              39.534998
            ],
            [
              -77.605834,
              39.535101
            ],
            [
              -77.605349,
              39.537477
            ],
            [
              -77.604454,
              39.537407
            ],
            [
              -77.60248,
              39.540478
            ],
            [
              -77.599822,
              39.539893
            ],
            [
              -77.596271,
              39.545319
            ],
            [
              -77.595841,
              39.547378
            ],
            [
              -77.593594,
              39.550032
            ],
            [
              -77.591914,
              39.554335
            ],
            [
              -77.594502,
              39.556548
            ],
            [
              -77.594946,
              39.559024
            ],
            [
              -77.598402,
              39.563267
            ],
            [
              -77.5975,
              39.565034
            ],
            [
              -77.598047,
              39.567594
            ],
            [
              -77.596367,
              39.573285
            ],
            [
              -77.59121,
              39.573801
            ],
            [
              -77.59037,
              39.573225
            ],
            [
              -77.589468,
              39.57402
            ],
            [
              -77.588696,
              39.57874
            ],
            [
              -77.586702,
              39.581797
            ],
            [
              -77.584851,
              39.58255
            ],
            [
              -77.580992,
              39.587839
            ],
            [
              -77.581627,
              39.589946
            ],
            [
              -77.579025,
              39.594535
            ],
            [
              -77.577557,
              39.599433
            ],
            [
              -77.577857,
              39.602255
            ],
            [
              -77.575924,
              39.607869
            ],
            [
              -77.576723,
              39.608482
            ],
            [
              -77.569032,
              39.622639
            ],
            [
              -77.566703,
              39.623213
            ],
            [
              -77.56266,
              39.629779
            ],
            [
              -77.561533,
              39.62889
            ],
            [
              -77.560823,
              39.629158
            ],
            [
              -77.560406,
              39.628144
            ],
            [
              -77.557606,
              39.628247
            ],
            [
              -77.555351,
              39.629796
            ],
            [
              -77.55359,
              39.629277
            ],
            [
              -77.552537,
              39.62993
            ],
            [
              -77.552148,
              39.634434
            ],
            [
              -77.553364,
              39.635173
            ],
            [
              -77.550256,
              39.639268
            ],
            [
              -77.548842,
              39.640043
            ],
            [
              -77.548761,
              39.642661
            ],
            [
              -77.543098,
              39.650862
            ],
            [
              -77.543023,
              39.65217
            ],
            [
              -77.540407,
              39.654984
            ],
            [
              -77.538631,
              39.655203
            ],
            [
              -77.538474,
              39.657535
            ],
            [
              -77.535626,
              39.659818
            ],
            [
              -77.535653,
              39.660714
            ],
            [
              -77.533693,
              39.662702
            ],
            [
              -77.53594,
              39.664473
            ],
            [
              -77.535435,
              39.665146
            ],
            [
              -77.53357,
              39.664655
            ],
            [
              -77.53344,
              39.666406
            ],
            [
              -77.532696,
              39.666656
            ],
            [
              -77.532976,
              39.667502
            ],
            [
              -77.524281,
              39.679195
            ],
            [
              -77.523523,
              39.683626
            ],
            [
              -77.520866,
              39.687557
            ],
            [
              -77.519848,
              39.691115
            ],
            [
              -77.521788,
              39.693695
            ],
            [
              -77.523912,
              39.693338
            ],
            [
              -77.527327,
              39.690561
            ],
            [
              -77.52926,
              39.692645
            ],
            [
              -77.528618,
              39.695893
            ],
            [
              -77.524854,
              39.697957
            ],
            [
              -77.522089,
              39.703129
            ],
            [
              -77.518639,
              39.704731
            ],
            [
              -77.515901,
              39.711398
            ],
            [
              -77.510094,
              39.713533
            ],
            [
              -77.509241,
              39.716849
            ],
            [
              -77.507048,
              39.719666
            ],
            [
              -77.507738,
              39.720106
            ],
            [
              -77.505853,
              39.721548
            ],
            [
              -77.501981,
              39.721978
            ],
            [
              -77.50112,
              39.723474
            ],
            [
              -77.500047,
              39.723011
            ],
            [
              -77.494303,
              39.724968
            ],
            [
              -77.494207,
              39.7242
            ],
            [
              -77.489761,
              39.731907
            ],
            [
              -77.48877,
              39.735951
            ],
            [
              -77.489802,
              39.737834
            ],
            [
              -77.489269,
              39.739404
            ],
            [
              -77.490355,
              39.741106
            ],
            [
              -77.489098,
              39.743867
            ],
            [
              -77.490376,
              39.745299
            ],
            [
              -77.490102,
              39.748742
            ],
            [
              -77.492138,
              39.749959
            ],
            [
              -77.491469,
              39.750793
            ],
            [
              -77.493114,
              39.754078
            ],
            [
              -77.491338,
              39.758287
            ],
            [
              -77.489303,
              39.759403
            ],
            [
              -77.48414,
              39.768022
            ],
            [
              -77.481592,
              39.769752
            ],
            [
              -77.47972,
              39.773346
            ],
            [
              -77.482644,
              39.779923
            ],
            [
              -77.480486,
              39.782631
            ],
            [
              -77.481135,
              39.784221
            ],
            [
              -77.4825,
              39.784894
            ],
            [
              -77.480028,
              39.789086
            ],
            [
              -77.482426,
              39.791841
            ],
            [
              -77.482897,
              39.795331
            ],
            [
              -77.481708,
              39.795757
            ],
            [
              -77.481988,
              39.796508
            ],
            [
              -77.480355,
              39.796984
            ],
            [
              -77.477774,
              39.799463
            ],
            [
              -77.476449,
              39.799752
            ],
            [
              -77.477938,
              39.805036
            ],
            [
              -77.476749,
              39.806471
            ],
            [
              -77.476852,
              39.811315
            ],
            [
              -77.475418,
              39.813931
            ],
            [
              -77.474332,
              39.814346
            ],
            [
              -77.473799,
              39.817705
            ],
            [
              -77.472132,
              39.819605
            ],
            [
              -77.472283,
              39.821169
            ],
            [
              -77.476504,
              39.824169
            ],
            [
              -77.47858,
              39.8243
            ],
            [
              -77.481271,
              39.825513
            ],
            [
              -77.483265,
              39.828308
            ],
            [
              -77.484577,
              39.834424
            ],
            [
              -77.490868,
              39.83564
            ],
            [
              -77.493511,
              39.835295
            ],
            [
              -77.496352,
              39.836067
            ],
            [
              -77.501659,
              39.835858
            ],
            [
              -77.505395,
              39.839471
            ],
            [
              -77.505744,
              39.846107
            ],
            [
              -77.50698,
              39.846567
            ],
            [
              -77.507752,
              39.849487
            ],
            [
              -77.50868,
              39.849899
            ],
            [
              -77.509282,
              39.849368
            ],
            [
              -77.50963,
              39.849978
            ],
            [
              -77.510736,
              39.849693
            ],
            [
              -77.511242,
              39.851348
            ],
            [
              -77.504022,
              39.866337
            ],
            [
              -77.503012,
              39.866557
            ],
            [
              -77.497704,
              39.878828
            ],
            [
              -77.497841,
              39.881465
            ],
            [
              -77.495115,
              39.883987
            ],
            [
              -77.493832,
              39.887758
            ],
            [
              -77.49446,
              39.887929
            ],
            [
              -77.493675,
              39.890365
            ],
            [
              -77.491257,
              39.892484
            ],
            [
              -77.490396,
              39.899011
            ],
            [
              -77.489003,
              39.901023
            ],
            [
              -77.489563,
              39.90606
            ],
            [
              -77.488975,
              39.906676
            ],
            [
              -77.483354,
              39.907549
            ],
            [
              -77.484112,
              39.908713
            ],
            [
              -77.486639,
              39.909929
            ],
            [
              -77.486202,
              39.911001
            ],
            [
              -77.488286,
              39.913839
            ],
            [
              -77.487862,
              39.91515
            ],
            [
              -77.485785,
              39.91569
            ],
            [
              -77.484734,
              39.92255
            ],
            [
              -77.482986,
              39.924115
            ],
            [
              -77.482337,
              39.927142
            ],
            [
              -77.484215,
              39.930218
            ],
            [
              -77.487227,
              39.932537
            ],
            [
              -77.488326,
              39.934738
            ],
            [
              -77.486393,
              39.937955
            ],
            [
              -77.483634,
              39.93887
            ],
            [
              -77.483511,
              39.94071
            ],
            [
              -77.487739,
              39.944768
            ],
            [
              -77.490348,
              39.945878
            ],
            [
              -77.491222,
              39.947148
            ],
            [
              -77.489262,
              39.949847
            ],
            [
              -77.484843,
              39.953361
            ],
            [
              -77.482419,
              39.9538
            ],
            [
              -77.481203,
              39.954975
            ],
            [
              -77.482575,
              39.958076
            ],
            [
              -77.482221,
              39.960282
            ],
            [
              -77.47692,
              39.963431
            ],
            [
              -77.476128,
              39.964736
            ],
            [
              -77.476251,
              39.967143
            ],
            [
              -77.471681,
              39.972565
            ],
            [
              -77.464496,
              39.976452
            ],
            [
              -77.459326,
              39.976008
            ],
            [
              -77.452188,
              39.977357
            ],
            [
              -77.449797,
              39.973462
            ],
            [
              -77.44307,
              39.973554
            ],
            [
              -77.436083,
              39.979287
            ],
            [
              -77.432722,
              39.980312
            ],
            [
              -77.431459,
              39.982262
            ],
            [
              -77.427373,
              39.984857
            ],
            [
              -77.421834,
              39.985873
            ],
            [
              -77.417381,
              39.985088
            ],
            [
              -77.415564,
              39.986477
            ],
            [
              -77.413529,
              39.991727
            ],
            [
              -77.410005,
              39.994629
            ],
            [
              -77.40853,
              39.994524
            ],
            [
              -77.405463,
              39.997583
            ],
            [
              -77.404999,
              39.999494
            ],
            [
              -77.400982,
              40.001676
            ],
            [
              -77.399719,
              40.00376
            ],
            [
              -77.396993,
              40.005312
            ],
            [
              -77.39521,
              40.007917
            ],
            [
              -77.393285,
              40.009159
            ],
            [
              -77.388688,
              40.009655
            ],
            [
              -77.384733,
              40.011664
            ],
            [
              -77.384501,
              40.012646
            ],
            [
              -77.383524,
              40.012702
            ],
            [
              -77.383749,
              40.011964
            ],
            [
              -77.382048,
              40.013025
            ],
            [
              -77.380546,
              40.015741
            ],
            [
              -77.381373,
              40.01794
            ],
            [
              -77.37526,
              40.021007
            ],
            [
              -77.372083,
              40.023905
            ],
            [
              -77.372992,
              40.025954
            ],
            [
              -77.370513,
              40.028748
            ],
            [
              -77.365561,
              40.029209
            ],
            [
              -77.363963,
              40.028616
            ],
            [
              -77.364044,
              40.027551
            ],
            [
              -77.359557,
              40.027962
            ],
            [
              -77.356791,
              40.030334
            ],
            [
              -77.357323,
              40.032688
            ],
            [
              -77.356408,
              40.032648
            ],
            [
              -77.35731,
              40.035192
            ],
            [
              -77.356743,
              40.035916
            ],
            [
              -77.357317,
              40.036534
            ],
            [
              -77.345057,
              40.04049
            ],
            [
              -77.341737,
              40.040711
            ],
            [
              -77.337625,
              40.03738
            ],
            [
              -77.334422,
              40.037323
            ],
            [
              -77.326281,
              40.038716
            ],
            [
              -77.323159,
              40.037725
            ],
            [
              -77.32305,
              40.036272
            ],
            [
              -77.319184,
              40.033922
            ],
            [
              -77.316001,
              40.03576
            ],
            [
              -77.313399,
              40.035578
            ],
            [
              -77.311998,
              40.033908
            ],
            [
              -77.311903,
              40.031248
            ],
            [
              -77.310209,
              40.03193
            ],
            [
              -77.300401,
              40.031089
            ],
            [
              -77.298509,
              40.031784
            ],
            [
              -77.297915,
              40.030697
            ],
            [
              -77.293154,
              40.028747
            ],
            [
              -77.291528,
              40.029486
            ],
            [
              -77.2895,
              40.031859
            ],
            [
              -77.285204,
              40.028904
            ],
            [
              -77.281775,
              40.027688
            ],
            [
              -77.276625,
              40.027136
            ],
            [
              -77.265218,
              40.028896
            ],
            [
              -77.264747,
              40.029468
            ],
            [
              -77.259884,
              40.029833
            ],
            [
              -77.257863,
              40.030805
            ],
            [
              -77.256257,
              40.028962
            ],
            [
              -77.254693,
              40.028822
            ],
            [
              -77.252548,
              40.030359
            ],
            [
              -77.251299,
              40.030343
            ],
            [
              -77.249427,
              40.031473
            ],
            [
              -77.245431,
              40.036569
            ],
            [
              -77.242187,
              40.038068
            ],
            [
              -77.238062,
              40.044161
            ],
            [
              -77.236757,
              40.044047
            ],
            [
              -77.231429,
              40.04874
            ],
            [
              -77.228302,
              40.053174
            ],
            [
              -77.228793,
              40.053506
            ],
            [
              -77.222509,
              40.05565
            ],
            [
              -77.216594,
              40.059637
            ],
            [
              -77.215563,
              40.062237
            ],
            [
              -77.212892,
              40.064541
            ],
            [
              -77.206261,
              40.066748
            ],
            [
              -77.205782,
              40.069262
            ],
            [
              -77.205024,
              40.069618
            ],
            [
              -77.204409,
              40.072585
            ],
            [
              -77.20122,
              40.073835
            ],
            [
              -77.194957,
              40.078944
            ]
          ],
          [
            [
              -77.189116,
              40.080433
            ],
            [
              -77.18344,
              40.08009
            ],
            [
              -77.181398,
              40.08202
            ],
            [
              -77.178653,
              40.082477
            ],
            [
              -77.173455,
              40.087885
            ],
            [
              -77.174022,
              40.090947
            ],
            [
              -77.173264,
              40.092191
            ],
            [
              -77.170709,
              40.092815
            ],
            [
              -77.16726,
              40.091587
            ],
            [
              -77.166338,
              40.093136
            ],
            [
              -77.165088,
              40.093632
            ],
            [
              -77.164391,
              40.093086
            ],
            [
              -77.16198,
              40.094289
            ],
            [
              -77.159569,
              40.092776
            ],
            [
              -77.158524,
              40.092863
            ],
            [
              -77.15696,
              40.0915
            ],
            [
              -77.153914,
              40.093579
            ],
            [
              -77.150499,
              40.09099
            ],
            [
              -77.143791,
              40.092691
            ],
            [
              -77.142624,
              40.092289
            ],
            [
              -77.141818,
              40.093114
            ],
            [
              -77.139605,
              40.092903
            ],
            [
              -77.137911,
              40.094164
            ],
            [
              -77.132112,
              40.095694
            ],
            [
              -77.128581,
              40.098354
            ],
            [
              -77.117687,
              40.100207
            ],
            [
              -77.112447,
              40.103248
            ],
            [
              -77.113397,
              40.105848
            ],
            [
              -77.110023,
              40.110022
            ],
            [
              -77.109797,
              40.109301
            ],
            [
              -77.107031,
              40.110347
            ],
            [
              -77.106021,
              40.112653
            ],
            [
              -77.102592,
              40.116143
            ],
            [
              -77.103281,
              40.117405
            ],
            [
              -77.10266,
              40.11998
            ],
            [
              -77.106034,
              40.122531
            ],
            [
              -77.103999,
              40.123311
            ],
            [
              -77.105447,
              40.123361
            ],
            [
              -77.104463,
              40.125316
            ],
            [
              -77.10863,
              40.125537
            ],
            [
              -77.108794,
              40.126733
            ],
            [
              -77.111369,
              40.128303
            ],
            [
              -77.114073,
              40.136217
            ],
            [
              -77.11574,
              40.135763
            ],
            [
              -77.115112,
              40.141337
            ],
            [
              -77.116327,
              40.141509
            ],
            [
              -77.116553,
              40.142414
            ],
            [
              -77.118684,
              40.142659
            ],
            [
              -77.118499,
              40.146622
            ],
            [
              -77.122748,
              40.146679
            ],
            [
              -77.127112,
              40.150108
            ],
            [
              -77.122837,
              40.150921
            ],
            [
              -77.122406,
              40.155392
            ],
            [
              -77.119128,
              40.155502
            ],
            [
              -77.119722,
              40.164684
            ],
            [
              -77.120432,
              40.16559
            ],
            [
              -77.120302,
              40.169651
            ],
            [
              -77.121313,
              40.170826
            ],
            [
              -77.11977,
              40.176047
            ],
            [
              -77.111765,
              40.181702
            ],
            [
              -77.111232,
              40.183843
            ],
            [
              -77.108309,
              40.186459
            ],
            [
              -77.105979,
              40.193168
            ],
            [
              -77.108322,
              40.194882
            ],
            [
              -77.109162,
              40.199744
            ],
            [
              -77.108657,
              40.201857
            ],
            [
              -77.113212,
              40.203693
            ],
            [
              -77.114032,
              40.206331
            ],
            [
              -77.112871,
              40.206901
            ],
            [
              -77.114429,
              40.209044
            ],
            [
              -77.10921,
              40.212049
            ],
            [
              -77.104736,
              40.213482
            ],
            [
              -77.106465,
              40.218472
            ],
            [
              -77.106089,
              40.219259
            ],
            [
              -77.103056,
              40.220557
            ],
            [
              -77.102387,
              40.223019
            ],
            [
              -77.103302,
              40.222705
            ],
            [
              -77.105358,
              40.226717
            ],
            [
              -77.107926,
              40.228279
            ],
            [
              -77.110084,
              40.228406
            ],
            [
              -77.110289,
              40.230704
            ],
            [
              -77.104791,
              40.238655
            ],
            [
              -77.101274,
              40.23934
            ],
            [
              -77.100051,
              40.240331
            ],
            [
              -77.101274,
              40.244164
            ],
            [
              -77.101151,
              40.247504
            ],
            [
              -77.103336,
              40.249482
            ],
            [
              -77.104053,
              40.254253
            ],
            [
              -77.102339,
              40.255131
            ],
            [
              -77.102065,
              40.259658
            ],
            [
              -77.1038,
              40.260032
            ],
            [
              -77.103466,
              40.26724
            ],
            [
              -77.101185,
              40.269894
            ],
            [
              -77.099962,
              40.270303
            ],
            [
              -77.099211,
              40.27442
            ],
            [
              -77.099661,
              40.276772
            ],
            [
              -77.098665,
              40.280088
            ],
            [
              -77.093951,
              40.283461
            ],
            [
              -77.087988,
              40.293334
            ],
            [
              -77.088016,
              40.295068
            ],
            [
              -77.08958,
              40.297255
            ],
            [
              -77.084362,
              40.29953
            ],
            [
              -77.08678,
              40.299459
            ],
            [
              -77.085516,
              40.299833
            ],
            [
              -77.088843,
              40.300381
            ],
            [
              -77.089293,
              40.305526
            ],
            [
              -77.086752,
              40.306103
            ],
            [
              -77.085906,
              40.310082
            ],
            [
              -77.083447,
              40.310311
            ],
            [
              -77.082299,
              40.311593
            ],
            [
              -77.079963,
              40.311824
            ],
            [
              -77.082217,
              40.313189
            ],
            [
              -77.083651,
              40.318581
            ],
            [
              -77.081145,
              40.318865
            ],
            [
              -77.078385,
              40.320496
            ],
            [
              -77.07678,
              40.324669
            ],
            [
              -77.07674,
              40.327237
            ],
            [
              -77.078645,
              40.328873
            ],
            [
              -77.081172,
              40.329639
            ],
            [
              -77.082504,
              40.332898
            ],
            [
              -77.088795,
              40.332366
            ],
            [
              -77.08971,
              40.335011
            ],
            [
              -77.088904,
              40.337287
            ],
            [
              -77.094826,
              40.339454
            ],
            [
              -77.101069,
              40.339598
            ],
            [
              -77.103056,
              40.341152
            ],
            [
              -77.101902,
              40.343236
            ],
            [
              -77.096131,
              40.348989
            ],
            [
              -77.085093,
              40.355751
            ],
            [
              -77.083727,
              40.357343
            ],
            [
              -77.082805,
              40.357283
            ],
            [
              -77.075148,
              40.36188
            ],
            [
              -77.054958,
              40.37065
            ],
            [
              -77.05336,
              40.370592
            ],
            [
              -77.040491,
              40.375207
            ],
            [
              -77.040908,
              40.375731
            ],
            [
              -77.04226,
              40.37528
            ],
            [
              -77.035171,
              40.381364
            ],
            [
              -77.029611,
              40.381479
            ],
            [
              -77.031483,
              40.384942
            ],
            [
              -77.032009,
              40.388036
            ],
            [
              -77.030567,
              40.389876
            ],
            [
              -77.031585,
              40.390205
            ],
            [
              -77.029017,
              40.394601
            ],
            [
              -77.018676,
              40.402615
            ],
            [
              -77.014619,
              40.402898
            ],
            [
              -77.01076,
              40.402195
            ],
            [
              -77.008827,
              40.398832
            ],
            [
              -77.008226,
              40.395757
            ],
            [
              -77.007618,
              40.395781
            ],
            [
              -77.013103,
              40.392754
            ],
            [
              -77.013909,
              40.391168
            ],
            [
              -77.016122,
              40.389764
            ],
            [
              -77.017679,
              40.386809
            ],
            [
              -77.016299,
              40.387162
            ],
            [
              -77.016559,
              40.386428
            ],
            [
              -77.014865,
              40.387106
            ],
            [
              -77.015323,
              40.38599
            ],
            [
              -77.014353,
              40.386476
            ],
            [
              -77.014223,
              40.385991
            ],
            [
              -76.999039,
              40.391831
            ],
            [
              -76.996027,
              40.391653
            ],
            [
              -76.994613,
              40.392308
            ],
            [
              -76.994518,
              40.393337
            ],
            [
              -76.983624,
              40.397078
            ],
            [
              -76.982736,
              40.396882
            ],
            [
              -76.973071,
              40.400506
            ],
            [
              -76.965516,
              40.401698
            ],
            [
              -76.935976,
              40.409579
            ],
            [
              -76.92961,
              40.411902
            ],
            [
              -76.92847,
              40.411389
            ],
            [
              -76.923914,
              40.412722
            ],
            [
              -76.922876,
              40.413662
            ],
            [
              -76.899394,
              40.420109
            ],
            [
              -76.896115,
              40.421689
            ],
            [
              -76.894838,
              40.421575
            ],
            [
              -76.86428,
              40.430108
            ],
            [
              -76.863884,
              40.430763
            ],
            [
              -76.857729,
              40.432091
            ],
            [
              -76.833394,
              40.441142
            ],
            [
              -76.823838,
              40.443653
            ],
            [
              -76.796087,
              40.454263
            ],
            [
              -76.793881,
              40.454436
            ],
            [
              -76.781915,
              40.458761
            ],
            [
              -76.784674,
              40.455421
            ],
            [
              -76.780644,
              40.453515
            ],
            [
              -76.777017,
              40.453292
            ],
            [
              -76.774449,
              40.449777
            ],
            [
              -76.772646,
              40.448868
            ],
            [
              -76.755092,
              40.447087
            ],
            [
              -76.740216,
              40.449379
            ],
            [
              -76.72715,
              40.454399
            ],
            [
              -76.718544,
              40.455298
            ],
            [
              -76.712199,
              40.456752
            ],
            [
              -76.710279,
              40.453362
            ],
            [
              -76.697329,
              40.458192
            ],
            [
              -76.690144,
              40.463698
            ],
            [
              -76.680971,
              40.467093
            ],
            [
              -76.677754,
              40.469135
            ],
            [
              -76.672577,
              40.470669
            ],
            [
              -76.669947,
              40.472748
            ],
            [
              -76.647838,
              40.480371
            ],
            [
              -76.638002,
              40.485339
            ],
            [
              -76.632586,
              40.486245
            ],
            [
              -76.630694,
              40.488893
            ],
            [
              -76.622027,
              40.492736
            ],
            [
              -76.621357,
              40.493695
            ],
            [
              -76.618277,
              40.494558
            ],
            [
              -76.617798,
              40.495691
            ],
            [
              -76.615914,
              40.496109
            ],
            [
              -76.610477,
              40.499356
            ],
            [
              -76.608899,
              40.501076
            ],
            [
              -76.604323,
              40.503369
            ],
            [
              -76.600675,
              40.502672
            ],
            [
              -76.598066,
              40.496884
            ],
            [
              -76.595034,
              40.497661
            ],
            [
              -76.594228,
              40.496181
            ],
            [
              -76.590608,
              40.495861
            ],
            [
              -76.586435,
              40.493824
            ],
            [
              -76.582501,
              40.493797
            ],
            [
              -76.57582,
              40.495213
            ],
            [
              -76.562331,
              40.503963
            ],
            [
              -76.55994,
              40.503811
            ],
            [
              -76.559428,
              40.499588
            ],
            [
              -76.560145,
              40.496822
            ],
            [
              -76.554742,
              40.494913
            ],
            [
              -76.550248,
              40.489248
            ],
            [
              -76.549394,
              40.48467
            ],
            [
              -76.550788,
              40.482701
            ],
            [
              -76.54964,
              40.4805
            ],
            [
              -76.547052,
              40.480314
            ],
            [
              -76.544695,
              40.481845
            ],
            [
              -76.541116,
              40.479691
            ],
            [
              -76.541253,
              40.478932
            ],
            [
              -76.539204,
              40.478631
            ],
            [
              -76.535338,
              40.480421
            ],
            [
              -76.532401,
              40.479775
            ],
            [
              -76.531766,
              40.480964
            ],
            [
              -76.529812,
              40.479165
            ],
            [
              -76.527838,
              40.478561
            ],
            [
              -76.527552,
              40.479245
            ],
            [
              -76.529191,
              40.481097
            ],
            [
              -76.526267,
              40.484194
            ],
            [
              -76.525072,
              40.483318
            ],
            [
              -76.522996,
              40.483435
            ],
            [
              -76.520646,
              40.481633
            ],
            [
              -76.510537,
              40.487261
            ],
            [
              -76.497225,
              40.491587
            ],
            [
              -76.48071,
              40.494696
            ],
            [
              -76.47291,
              40.497417
            ],
            [
              -76.464529,
              40.49615
            ],
            [
              -76.450643,
              40.497104
            ],
            [
              -76.44438,
              40.496174
            ],
            [
              -76.440009,
              40.496386
            ],
            [
              -76.438622,
              40.495538
            ],
            [
              -76.430788,
              40.494789
            ],
            [
              -76.422537,
              40.494945
            ],
            [
              -76.415851,
              40.495986
            ],
            [
              -76.411964,
              40.497471
            ],
            [
              -76.406172,
              40.498514
            ],
            [
              -76.405154,
              40.499437
            ],
            [
              -76.384356,
              40.505696
            ],
            [
              -76.377021,
              40.506725
            ],
            [
              -76.376495,
              40.507925
            ],
            [
              -76.370894,
              40.508605
            ],
            [
              -76.366912,
              40.510017
            ],
            [
              -76.359091,
              40.510884
            ],
            [
              -76.357691,
              40.51013
            ],
            [
              -76.346381,
              40.511514
            ],
            [
              -76.343799,
              40.511225
            ],
            [
              -76.343505,
              40.513687
            ],
            [
              -76.337775,
              40.515574
            ],
            [
              -76.333287,
              40.516071
            ],
            [
              -76.323096,
              40.518923
            ],
            [
              -76.322707,
              40.517229
            ],
            [
              -76.32033,
              40.517171
            ],
            [
              -76.318234,
              40.515487
            ],
            [
              -76.316587,
              40.515186
            ],
            [
              -76.312468,
              40.515999
            ],
            [
              -76.309498,
              40.515357
            ],
            [
              -76.308371,
              40.514158
            ],
            [
              -76.305208,
              40.513478
            ],
            [
              -76.3071,
              40.511569
            ],
            [
              -76.308848,
              40.511
            ],
            [
              -76.311185,
              40.507694
            ],
            [
              -76.306335,
              40.508798
            ],
            [
              -76.302401,
              40.511271
            ],
            [
              -76.297299,
              40.509734
            ],
            [
              -76.291821,
              40.511457
            ],
            [
              -76.290605,
              40.509827
            ],
            [
              -76.2859,
              40.508839
            ],
            [
              -76.278195,
              40.508807
            ],
            [
              -76.278468,
              40.511218
            ],
            [
              -76.277485,
              40.510882
            ],
            [
              -76.277587,
              40.511399
            ],
            [
              -76.275039,
              40.510396
            ],
            [
              -76.274028,
              40.512542
            ],
            [
              -76.268175,
              40.512611
            ],
            [
              -76.265812,
              40.513416
            ],
            [
              -76.262881,
              40.51339
            ],
            [
              -76.260614,
              40.516198
            ],
            [
              -76.261092,
              40.518301
            ],
            [
              -76.260368,
              40.521583
            ],
            [
              -76.259555,
              40.522155
            ],
            [
              -76.257445,
              40.521818
            ],
            [
              -76.25431,
              40.523001
            ],
            [
              -76.236387,
              40.524626
            ],
            [
              -76.235158,
              40.525612
            ],
            [
              -76.230964,
              40.525256
            ],
            [
              -76.214927,
              40.528673
            ],
            [
              -76.214011,
              40.527679
            ],
            [
              -76.205672,
              40.530086
            ],
            [
              -76.20225,
              40.530243
            ],
            [
              -76.200447,
              40.528235
            ],
            [
              -76.198111,
              40.52884
            ],
            [
              -76.19249,
              40.528587
            ],
            [
              -76.192292,
              40.5304
            ],
            [
              -76.190065,
              40.53213
            ],
            [
              -76.17258,
              40.533057
            ],
            [
              -76.172327,
              40.532204
            ],
            [
              -76.166747,
              40.531071
            ],
            [
              -76.165107,
              40.532781
            ],
            [
              -76.166371,
              40.534858
            ],
            [
              -76.164691,
              40.53683
            ],
            [
              -76.161788,
              40.538256
            ],
            [
              -76.158714,
              40.538363
            ],
            [
              -76.157492,
              40.537452
            ],
            [
              -76.152915,
              40.537845
            ],
            [
              -76.149726,
              40.540133
            ],
            [
              -76.149616,
              40.541828
            ],
            [
              -76.151064,
              40.544746
            ],
            [
              -76.147936,
              40.547227
            ],
            [
              -76.147629,
              40.550284
            ],
            [
              -76.146748,
              40.551032
            ],
            [
              -76.140102,
              40.551881
            ],
            [
              -76.13237,
              40.555101
            ],
            [
              -76.123286,
              40.556735
            ],
            [
              -76.121463,
              40.557694
            ],
            [
              -76.115226,
              40.558777
            ],
            [
              -76.110903,
              40.558021
            ],
            [
              -76.109879,
              40.555058
            ],
            [
              -76.110213,
              40.552555
            ],
            [
              -76.104244,
              40.553423
            ],
            [
              -76.104442,
              40.551498
            ],
            [
              -76.10091,
              40.549306
            ],
            [
              -76.101238,
              40.546168
            ],
            [
              -76.09809,
              40.545896
            ],
            [
              -76.094128,
              40.546655
            ],
            [
              -76.084811,
              40.550112
            ],
            [
              -76.083097,
              40.551344
            ],
            [
              -76.081007,
              40.55126
            ],
            [
              -76.076998,
              40.553676
            ],
            [
              -76.075659,
              40.553432
            ],
            [
              -76.075188,
              40.555413
            ],
            [
              -76.07167,
              40.557189
            ],
            [
              -76.067067,
              40.557903
            ],
            [
              -76.056316,
              40.561628
            ],
            [
              -76.055175,
              40.562634
            ],
            [
              -76.043987,
              40.566731
            ],
            [
              -76.042355,
              40.568254
            ],
            [
              -76.03517,
              40.569188
            ],
            [
              -76.033722,
              40.571125
            ],
            [
              -76.029392,
              40.57428
            ],
            [
              -76.028961,
              40.575469
            ],
            [
              -76.02642,
              40.577032
            ],
            [
              -76.02487,
              40.576969
            ],
            [
              -76.026188,
              40.577498
            ],
            [
              -76.026619,
              40.579971
            ],
            [
              -76.025122,
              40.580142
            ],
            [
              -76.025061,
              40.578233
            ],
            [
              -76.021263,
              40.574235
            ],
            [
              -76.019713,
              40.57438
            ],
            [
              -76.021592,
              40.576507
            ],
            [
              -76.021468,
              40.578783
            ],
            [
              -76.019768,
              40.577613
            ],
            [
              -76.016769,
              40.580225
            ],
            [
              -76.01319,
              40.581176
            ],
            [
              -76.004379,
              40.581144
            ],
            [
              -76.002624,
              40.580371
            ],
            [
              -75.988629,
              40.583312
            ],
            [
              -75.986949,
              40.58211
            ],
            [
              -75.983451,
              40.583036
            ],
            [
              -75.981341,
              40.582851
            ],
            [
              -75.978793,
              40.58381
            ],
            [
              -75.977612,
              40.585748
            ],
            [
              -75.97559,
              40.586792
            ],
            [
              -75.97279,
              40.586852
            ],
            [
              -75.96878,
              40.588831
            ],
            [
              -75.965276,
              40.588
            ],
            [
              -75.958248,
              40.588072
            ],
            [
              -75.953105,
              40.587056
            ],
            [
              -75.948556,
              40.588139
            ],
            [
              -75.944765,
              40.589895
            ],
            [
              -75.942368,
              40.588748
            ],
            [
              -75.940667,
              40.588766
            ],
            [
              -75.940804,
              40.589324
            ],
            [
              -75.938263,
              40.589421
            ],
            [
              -75.934937,
              40.591614
            ],
            [
              -75.929049,
              40.59277
            ],
            [
              -75.926966,
              40.594129
            ],
            [
              -75.92741,
              40.596936
            ],
            [
              -75.928421,
              40.597442
            ],
            [
              -75.929514,
              40.596599
            ],
            [
              -75.929582,
              40.595356
            ],
            [
              -75.931399,
              40.594963
            ],
            [
              -75.931542,
              40.597124
            ],
            [
              -75.935108,
              40.597604
            ],
            [
              -75.937191,
              40.598736
            ],
            [
              -75.936965,
              40.60003
            ],
            [
              -75.925928,
              40.604317
            ],
            [
              -75.922922,
              40.604643
            ],
            [
              -75.918435,
              40.607598
            ],
            [
              -75.912862,
              40.612763
            ],
            [
              -75.91629,
              40.612421
            ],
            [
              -75.919541,
              40.613363
            ],
            [
              -75.922848,
              40.61163
            ],
            [
              -75.925941,
              40.612704
            ],
            [
              -75.929978,
              40.611798
            ],
            [
              -75.931399,
              40.610615
            ],
            [
              -75.938693,
              40.608291
            ],
            [
              -75.939431,
              40.60733
            ],
            [
              -75.945216,
              40.605778
            ],
            [
              -75.952702,
              40.606514
            ],
            [
              -75.956875,
              40.60561
            ],
            [
              -75.958405,
              40.606286
            ],
            [
              -75.961602,
              40.606057
            ],
            [
              -75.962613,
              40.607193
            ],
            [
              -75.966813,
              40.607883
            ],
            [
              -75.964846,
              40.612264
            ],
            [
              -75.960919,
              40.614382
            ],
            [
              -75.958002,
              40.627226
            ],
            [
              -75.95844,
              40.630429
            ],
            [
              -75.961315,
              40.634387
            ],
            [
              -75.961083,
              40.63565
            ],
            [
              -75.957777,
              40.63652
            ],
            [
              -75.959361,
              40.638029
            ],
            [
              -75.957954,
              40.642802
            ],
            [
              -75.954362,
              40.645107
            ],
            [
              -75.955127,
              40.649609
            ],
            [
              -75.954136,
              40.650234
            ],
            [
              -75.954403,
              40.651818
            ],
            [
              -75.959437,
              40.651235
            ],
            [
              -75.956261,
              40.653302
            ],
            [
              -75.955257,
              40.656572
            ],
            [
              -75.952347,
              40.657875
            ],
            [
              -75.946514,
              40.657774
            ],
            [
              -75.939479,
              40.660516
            ],
            [
              -75.93424,
              40.660685
            ],
            [
              -75.921536,
              40.663408
            ],
            [
              -75.905499,
              40.670206
            ],
            [
              -75.901483,
              40.673855
            ],
            [
              -75.896018,
              40.675582
            ],
            [
              -75.892917,
              40.675628
            ],
            [
              -75.892262,
              40.676503
            ],
            [
              -75.886586,
              40.678033
            ],
            [
              -75.87731,
              40.683211
            ],
            [
              -75.873649,
              40.683383
            ],
            [
              -75.870835,
              40.684332
            ],
            [
              -75.869633,
              40.68395
            ],
            [
              -75.859948,
              40.68622
            ],
            [
              -75.84695,
              40.691465
            ],
            [
              -75.83831,
              40.696104
            ],
            [
              -75.83094,
              40.698329
            ],
            [
              -75.829916,
              40.699503
            ],
            [
              -75.818223,
              40.704
            ],
            [
              -75.816611,
              40.70389
            ],
            [
              -75.807608,
              40.706904
            ],
            [
              -75.80407,
              40.710622
            ],
            [
              -75.798866,
              40.712284
            ],
            [
              -75.795703,
              40.715954
            ],
            [
              -75.786612,
              40.720039
            ],
            [
              -75.782268,
              40.723703
            ],
            [
              -75.780677,
              40.72393
            ],
            [
              -75.779769,
              40.725991
            ],
            [
              -75.777098,
              40.728292
            ],
            [
              -75.770008,
              40.730488
            ],
            [
              -75.76686,
              40.730622
            ],
            [
              -75.760576,
              40.733249
            ],
            [
              -75.757632,
              40.735894
            ],
            [
              -75.755248,
              40.736176
            ],
            [
              -75.75406,
              40.73721
            ],
            [
              -75.745522,
              40.740248
            ],
            [
              -75.744415,
              40.741484
            ],
            [
              -75.739716,
              40.743267
            ],
            [
              -75.736629,
              40.745318
            ],
            [
              -75.736103,
              40.747028
            ],
            [
              -75.735393,
              40.747069
            ],
            [
              -75.732449,
              40.75147
            ],
            [
              -75.725899,
              40.75521
            ],
            [
              -75.71454,
              40.758226
            ],
            [
              -75.710333,
              40.760122
            ],
            [
              -75.706918,
              40.763124
            ],
            [
              -75.705477,
              40.76562
            ],
            [
              -75.701788,
              40.76575
            ],
            [
              -75.701112,
              40.767173
            ],
            [
              -75.698544,
              40.767144
            ],
            [
              -75.696481,
              40.769476
            ],
            [
              -75.675417,
              40.775506
            ],
            [
              -75.675096,
              40.776202
            ],
            [
              -75.664803,
              40.778468
            ]
          ],
          [
            [
              -75.659537,
              40.778008
            ],
            [
              -75.652358,
              40.779693
            ],
            [
              -75.639497,
              40.78022
            ],
            [
              -75.635167,
              40.78105
            ],
            [
              -75.632332,
              40.780241
            ],
            [
              -75.630495,
              40.780688
            ],
            [
              -75.629457,
              40.780261
            ],
            [
              -75.624327,
              40.781857
            ],
            [
              -75.616978,
              40.782855
            ],
            [
              -75.611398,
              40.780651
            ],
            [
              -75.609669,
              40.781358
            ],
            [
              -75.608536,
              40.781108
            ],
            [
              -75.60579,
              40.783604
            ],
            [
              -75.604246,
              40.782112
            ],
            [
              -75.60508,
              40.785216
            ],
            [
              -75.603454,
              40.78585
            ],
            [
              -75.604328,
              40.787305
            ],
            [
              -75.601883,
              40.788525
            ],
            [
              -75.59825,
              40.792733
            ],
            [
              -75.59353,
              40.793473
            ],
            [
              -75.58127,
              40.798837
            ],
            [
              -75.57573,
              40.799689
            ],
            [
              -75.573968,
              40.799338
            ],
            [
              -75.569146,
              40.801506
            ],
            [
              -75.561455,
              40.80244
            ],
            [
              -75.553457,
              40.806073
            ],
            [
              -75.551681,
              40.805721
            ],
            [
              -75.543997,
              40.807005
            ],
            [
              -75.543622,
              40.807655
            ],
            [
              -75.540145,
              40.807938
            ],
            [
              -75.538745,
              40.80716
            ],
            [
              -75.533274,
              40.807776
            ],
            [
              -75.529886,
              40.806431
            ],
            [
              -75.525118,
              40.807457
            ],
            [
              -75.524149,
              40.807038
            ],
            [
              -75.51639,
              40.808708
            ],
            [
              -75.514299,
              40.808353
            ],
            [
              -75.513699,
              40.80881
            ],
            [
              -75.509928,
              40.807994
            ],
            [
              -75.50428,
              40.808145
            ],
            [
              -75.502907,
              40.80948
            ],
            [
              -75.50178,
              40.809088
            ],
            [
              -75.500421,
              40.810117
            ],
            [
              -75.492614,
              40.810776
            ],
            [
              -75.49133,
              40.811683
            ],
            [
              -75.480135,
              40.812689
            ],
            [
              -75.476501,
              40.813596
            ],
            [
              -75.474275,
              40.815037
            ],
            [
              -75.46614,
              40.815877
            ],
            [
              -75.463305,
              40.81733
            ],
            [
              -75.462117,
              40.817015
            ],
            [
              -75.452309,
              40.818405
            ],
            [
              -75.448866,
              40.817914
            ],
            [
              -75.448088,
              40.819115
            ],
            [
              -75.445089,
              40.819807
            ],
            [
              -75.442924,
              40.818202
            ],
            [
              -75.440452,
              40.817685
            ],
            [
              -75.43274,
              40.821471
            ],
            [
              -75.418322,
              40.824087
            ],
            [
              -75.415678,
              40.824047
            ],
            [
              -75.414128,
              40.825755
            ],
            [
              -75.407919,
              40.826885
            ],
            [
              -75.40697,
              40.827812
            ],
            [
              -75.400215,
              40.828831
            ],
            [
              -75.393829,
              40.828767
            ],
            [
              -75.390905,
              40.827111
            ],
            [
              -75.3879,
              40.827905
            ],
            [
              -75.386568,
              40.829305
            ],
            [
              -75.377327,
              40.831372
            ],
            [
              -75.370934,
              40.833555
            ],
            [
              -75.36045,
              40.840227
            ],
            [
              -75.358305,
              40.843198
            ],
            [
              -75.3464,
              40.843892
            ],
            [
              -75.343149,
              40.845117
            ],
            [
              -75.34054,
              40.844864
            ],
            [
              -75.315753,
              40.857839
            ],
            [
              -75.312543,
              40.858231
            ],
            [
              -75.308062,
              40.857747
            ],
            [
              -75.303629,
              40.858871
            ],
            [
              -75.300836,
              40.858811
            ],
            [
              -75.298356,
              40.86011
            ],
            [
              -75.298022,
              40.859508
            ],
            [
              -75.297298,
              40.860401
            ],
            [
              -75.296287,
              40.859778
            ],
            [
              -75.296184,
              40.860287
            ],
            [
              -75.29544,
              40.859339
            ],
            [
              -75.295023,
              40.861398
            ],
            [
              -75.292769,
              40.86058
            ],
            [
              -75.292093,
              40.861725
            ],
            [
              -75.288165,
              40.862411
            ],
            [
              -75.281609,
              40.866864
            ],
            [
              -75.27932,
              40.869594
            ],
            [
              -75.27652,
              40.871475
            ],
            [
              -75.276192,
              40.872588
            ],
            [
              -75.271425,
              40.875068
            ],
            [
              -75.272682,
              40.876191
            ],
            [
              -75.272456,
              40.878633
            ],
            [
              -75.274273,
              40.88116
            ],
            [
              -75.272265,
              40.884385
            ],
            [
              -75.266234,
              40.888606
            ],
            [
              -75.264916,
              40.890393
            ],
            [
              -75.258448,
              40.893957
            ],
            [
              -75.254561,
              40.895015
            ],
            [
              -75.249855,
              40.898687
            ],
            [
              -75.246119,
              40.907415
            ],
            [
              -75.242854,
              40.909836
            ],
            [
              -75.233633,
              40.912126
            ],
            [
              -75.232882,
              40.913938
            ],
            [
              -75.229556,
              40.915084
            ],
            [
              -75.222651,
              40.923714
            ],
            [
              -75.223033,
              40.924583
            ],
            [
              -75.220192,
              40.925813
            ],
            [
              -75.219932,
              40.927286
            ],
            [
              -75.218757,
              40.927676
            ],
            [
              -75.218805,
              40.928365
            ],
            [
              -75.214297,
              40.930045
            ],
            [
              -75.213512,
              40.929578
            ],
            [
              -75.209728,
              40.932301
            ],
            [
              -75.208123,
              40.932605
            ],
            [
              -75.207269,
              40.933679
            ],
            [
              -75.198055,
              40.936051
            ],
            [
              -75.196955,
              40.935399
            ],
            [
              -75.191293,
              40.936323
            ],
            [
              -75.188807,
              40.935837
            ],
            [
              -75.184306,
              40.93715
            ],
            [
              -75.182059,
              40.938545
            ],
            [
              -75.182209,
              40.939797
            ],
            [
              -75.177011,
              40.943476
            ],
            [
              -75.176287,
              40.946058
            ],
            [
              -75.17322,
              40.947302
            ],
            [
              -75.171212,
              40.947048
            ],
            [
              -75.162067,
              40.948746
            ],
            [
              -75.16137,
              40.948166
            ],
            [
              -75.157149,
              40.948568
            ],
            [
              -75.157074,
              40.949117
            ],
            [
              -75.148959,
              40.950119
            ],
            [
              -75.138134,
              40.954141
            ],
            [
              -75.13463,
              40.956415
            ],
            [
              -75.132041,
              40.957076
            ],
            [
              -75.128824,
              40.95912
            ],
            [
              -75.126727,
              40.96282
            ],
            [
              -75.128947,
              40.964061
            ],
            [
              -75.132594,
              40.96471
            ],
            [
              -75.135204,
              40.968621
            ],
            [
              -75.136973,
              40.967587
            ],
            [
              -75.137956,
              40.970275
            ],
            [
              -75.137,
              40.971272
            ],
            [
              -75.138564,
              40.972495
            ],
            [
              -75.138933,
              40.975368
            ],
            [
              -75.139841,
              40.976011
            ],
            [
              -75.140504,
              40.979668
            ],
            [
              -75.141945,
              40.980148
            ],
            [
              -75.140156,
              40.983091
            ],
            [
              -75.137765,
              40.982297
            ],
            [
              -75.134254,
              40.973536
            ],
            [
              -75.132082,
              40.970863
            ],
            [
              -75.129227,
              40.970177
            ],
            [
              -75.124146,
              40.971075
            ],
            [
              -75.126092,
              40.97187
            ],
            [
              -75.126468,
              40.974203
            ],
            [
              -75.124385,
              40.974853
            ],
            [
              -75.115485,
              40.982263
            ],
            [
              -75.112056,
              40.98319
            ],
            [
              -75.112275,
              40.984815
            ],
            [
              -75.102152,
              40.988982
            ],
            [
              -75.101688,
              40.990631
            ],
            [
              -75.097685,
              40.99213
            ],
            [
              -75.095363,
              40.995605
            ],
            [
              -75.091531,
              40.996572
            ],
            [
              -75.089906,
              40.999388
            ],
            [
              -75.081962,
              41.001241
            ],
            [
              -75.078752,
              41.001
            ],
            [
              -75.075549,
              41.004326
            ],
            [
              -75.070139,
              41.004996
            ],
            [
              -75.066622,
              41.004385
            ],
            [
              -75.053392,
              41.009333
            ],
            [
              -75.052128,
              41.010707
            ],
            [
              -75.041432,
              41.015585
            ],
            [
              -75.031091,
              41.018678
            ],
            [
              -75.023346,
              41.019991
            ],
            [
              -75.016229,
              41.022929
            ],
            [
              -75.014767,
              41.02424
            ],
            [
              -75.01043,
              41.025452
            ],
            [
              -75.007069,
              41.027659
            ],
            [
              -75.007786,
              41.02928
            ],
            [
              -75.005259,
              41.032258
            ],
            [
              -74.998163,
              41.03174
            ],
            [
              -74.979072,
              41.042823
            ],
            [
              -74.968219,
              41.050527
            ],
            [
              -74.965917,
              41.053945
            ],
            [
              -74.963137,
              41.055079
            ],
            [
              -74.964688,
              41.05648
            ],
            [
              -74.963588,
              41.059376
            ],
            [
              -74.962413,
              41.058884
            ],
            [
              -74.958759,
              41.061248
            ],
            [
              -74.959415,
              41.062176
            ],
            [
              -74.958841,
              41.06323
            ],
            [
              -74.95531,
              41.062976
            ],
            [
              -74.945454,
              41.067778
            ],
            [
              -74.939669,
              41.07159
            ],
            [
              -74.927395,
              41.077987
            ],
            [
              -74.915039,
              41.086226
            ],
            [
              -74.911836,
              41.090223
            ],
            [
              -74.900484,
              41.099199
            ],
            [
              -74.900013,
              41.107752
            ],
            [
              -74.900668,
              41.108271
            ],
            [
              -74.898934,
              41.110562
            ],
            [
              -74.896755,
              41.111208
            ],
            [
              -74.896891,
              41.111754
            ],
            [
              -74.894371,
              41.112296
            ],
            [
              -74.89293,
              41.114335
            ],
            [
              -74.886434,
              41.119464
            ],
            [
              -74.885369,
              41.119269
            ],
            [
              -74.884966,
              41.120349
            ],
            [
              -74.875936,
              41.126348
            ],
            [
              -74.874618,
              41.128419
            ],
            [
              -74.873785,
              41.128206
            ],
            [
              -74.8722,
              41.129781
            ],
            [
              -74.871346,
              41.129708
            ],
            [
              -74.870274,
              41.131923
            ],
            [
              -74.868881,
              41.130939
            ],
            [
              -74.863731,
              41.131978
            ],
            [
              -74.862604,
              41.132972
            ],
            [
              -74.862351,
              41.13803
            ],
            [
              -74.85979,
              41.140536
            ],
            [
              -74.8527,
              41.145211
            ],
            [
              -74.844456,
              41.149087
            ],
            [
              -74.842714,
              41.148859
            ],
            [
              -74.839607,
              41.150787
            ],
            [
              -74.837674,
              41.150888
            ],
            [
              -74.82512,
              41.157464
            ],
            [
              -74.818727,
              41.159026
            ],
            [
              -74.815967,
              41.160715
            ],
            [
              -74.810749,
              41.16244
            ],
            [
              -74.797499,
              41.171093
            ],
            [
              -74.795572,
              41.170679
            ],
            [
              -74.791023,
              41.173482
            ],
            [
              -74.79086,
              41.179188
            ],
            [
              -74.786761,
              41.181419
            ],
            [
              -74.780703,
              41.18138
            ],
            [
              -74.781495,
              41.179616
            ],
            [
              -74.768969,
              41.185235
            ],
            [
              -74.758273,
              41.195865
            ],
            [
              -74.754291,
              41.196807
            ],
            [
              -74.737407,
              41.209503
            ],
            [
              -74.731,
              41.211253
            ],
            [
              -74.726191,
              41.214832
            ],
            [
              -74.712995,
              41.222258
            ],
            [
              -74.709082,
              41.227401
            ],
            [
              -74.706145,
              41.233834
            ],
            [
              -74.702463,
              41.236531
            ],
            [
              -74.701009,
              41.236762
            ],
            [
              -74.698891,
              41.239688
            ],
            [
              -74.691836,
              41.244124
            ],
            [
              -74.688148,
              41.247956
            ],
            [
              -74.686283,
              41.252162
            ],
            [
              -74.689561,
              41.252473
            ],
            [
              -74.68687,
              41.257041
            ],
            [
              -74.683387,
              41.257248
            ],
            [
              -74.68088,
              41.258295
            ],
            [
              -74.68075,
              41.260227
            ],
            [
              -74.677116,
              41.263595
            ],
            [
              -74.675347,
              41.26717
            ],
            [
              -74.67674,
              41.268381
            ],
            [
              -74.678018,
              41.267925
            ],
            [
              -74.681584,
              41.26907
            ],
            [
              -74.681652,
              41.27035
            ],
            [
              -74.680259,
              41.271904
            ],
            [
              -74.683878,
              41.273527
            ],
            [
              -74.684446,
              41.275505
            ],
            [
              -74.67976,
              41.279951
            ],
            [
              -74.678708,
              41.282943
            ],
            [
              -74.676174,
              41.285589
            ],
            [
              -74.67571,
              41.288173
            ],
            [
              -74.674808,
              41.288486
            ],
            [
              -74.674897,
              41.290729
            ],
            [
              -74.679132,
              41.294047
            ],
            [
              -74.676864,
              41.295698
            ],
            [
              -74.673394,
              41.301282
            ],
            [
              -74.673504,
              41.302358
            ],
            [
              -74.670887,
              41.304103
            ],
            [
              -74.669371,
              41.307161
            ],
            [
              -74.666694,
              41.308883
            ],
            [
              -74.665894,
              41.313344
            ],
            [
              -74.664481,
              41.315997
            ],
            [
              -74.664562,
              41.318754
            ],
            [
              -74.662472,
              41.318968
            ],
            [
              -74.658893,
              41.316391
            ],
            [
              -74.656852,
              41.31656
            ],
            [
              -74.651592,
              41.319085
            ],
            [
              -74.644939,
              41.328649
            ],
            [
              -74.643136,
              41.329422
            ],
            [
              -74.640322,
              41.328823
            ],
            [
              -74.639209,
              41.327906
            ],
            [
              -74.635712,
              41.327895
            ],
            [
              -74.634748,
              41.326027
            ],
            [
              -74.623335,
              41.320455
            ],
            [
              -74.623294,
              41.319775
            ],
            [
              -74.622092,
              41.319374
            ],
            [
              -74.618397,
              41.322042
            ],
            [
              -74.608125,
              41.316409
            ],
            [
              -74.602182,
              41.315011
            ],
            [
              -74.599956,
              41.313012
            ],
            [
              -74.58409,
              41.306651
            ],
            [
              -74.584124,
              41.305516
            ],
            [
              -74.581064,
              41.303613
            ],
            [
              -74.577498,
              41.302515
            ],
            [
              -74.576487,
              41.302808
            ],
            [
              -74.572109,
              41.300265
            ],
            [
              -74.569329,
              41.299886
            ],
            [
              -74.560252,
              41.295784
            ],
            [
              -74.555873,
              41.287611
            ],
            [
              -74.554323,
              41.287136
            ],
            [
              -74.549658,
              41.290775
            ],
            [
              -74.546264,
              41.289186
            ],
            [
              -74.545909,
              41.287883
            ],
            [
              -74.545458,
              41.288268
            ],
            [
              -74.541442,
              41.286627
            ],
            [
              -74.538962,
              41.287878
            ],
            [
              -74.537159,
              41.290285
            ],
            [
              -74.532515,
              41.285735
            ],
            [
              -74.530814,
              41.2853
            ],
            [
              -74.537767,
              41.275748
            ],
            [
              -74.531156,
              41.2727
            ],
            [
              -74.528307,
              41.275917
            ],
            [
              -74.5216,
              41.273178
            ],
            [
              -74.520446,
              41.271147
            ],
            [
              -74.518171,
              41.271434
            ],
            [
              -74.518232,
              41.270881
            ],
            [
              -74.514769,
              41.270542
            ],
            [
              -74.514661,
              41.269303
            ],
            [
              -74.512877,
              41.268904
            ],
            [
              -74.510822,
              41.266584
            ],
            [
              -74.51132,
              41.264069
            ],
            [
              -74.512754,
              41.262746
            ],
            [
              -74.508711,
              41.259928
            ],
            [
              -74.506921,
              41.260541
            ],
            [
              -74.50626,
              41.259079
            ],
            [
              -74.505413,
              41.25949
            ],
            [
              -74.501239,
              41.257301
            ],
            [
              -74.501341,
              41.255
            ],
            [
              -74.500631,
              41.254785
            ],
            [
              -74.501307,
              41.251811
            ],
            [
              -74.499737,
              41.250548
            ],
            [
              -74.500297,
              41.249992
            ],
            [
              -74.499252,
              41.250208
            ],
            [
              -74.499586,
              41.249525
            ],
            [
              -74.498671,
              41.249449
            ],
            [
              -74.496321,
              41.246538
            ],
            [
              -74.492572,
              41.243783
            ],
            [
              -74.49193,
              41.241956
            ],
            [
              -74.48859,
              41.239122
            ],
            [
              -74.487422,
              41.239423
            ],
            [
              -74.483931,
              41.237214
            ],
            [
              -74.480755,
              41.236709
            ],
            [
              -74.480311,
              41.235739
            ],
            [
              -74.483084,
              41.228401
            ],
            [
              -74.486677,
              41.224336
            ],
            [
              -74.481978,
              41.221879
            ],
            [
              -74.476111,
              41.223005
            ],
            [
              -74.473454,
              41.221952
            ],
            [
              -74.467307,
              41.227887
            ],
            [
              -74.463755,
              41.225614
            ],
            [
              -74.460128,
              41.221787
            ],
            [
              -74.454261,
              41.218404
            ],
            [
              -74.449774,
              41.217243
            ],
            [
              -74.450265,
              41.211206
            ],
            [
              -74.44668,
              41.212625
            ],
            [
              -74.446502,
              41.212219
            ],
            [
              -74.444808,
              41.213098
            ],
            [
              -74.444289,
              41.212258
            ],
            [
              -74.440266,
              41.213202
            ],
            [
              -74.43944,
              41.214023
            ],
            [
              -74.435704,
              41.213243
            ],
            [
              -74.431824,
              41.216017
            ],
            [
              -74.426988,
              41.215515
            ],
            [
              -74.424884,
              41.216667
            ],
            [
              -74.420902,
              41.215007
            ],
            [
              -74.420752,
              41.214034
            ],
            [
              -74.415431,
              41.213358
            ],
            [
              -74.414366,
              41.212312
            ],
            [
              -74.414796,
              41.20936
            ],
            [
              -74.411757,
              41.207863
            ],
            [
              -74.411845,
              41.203846
            ],
            [
              -74.409161,
              41.204048
            ],
            [
              -74.408711,
              41.205068
            ],
            [
              -74.404189,
              41.202541
            ],
            [
              -74.400958,
              41.202839
            ],
            [
              -74.398411,
              41.204565
            ],
            [
              -74.395904,
              41.200854
            ],
            [
              -74.392222,
              41.201992
            ],
            [
              -74.390849,
              41.201332
            ],
            [
              -74.38753,
              41.201796
            ],
            [
              -74.3846,
              41.200794
            ],
            [
              -74.383582,
              41.201234
            ],
            [
              -74.378309,
              41.199652
            ],
            [
              -74.37443,
              41.195019
            ],
            [
              -74.373152,
              41.194782
            ],
            [
              -74.3707,
              41.195751
            ],
            [
              -74.370208,
              41.19482
            ],
            [
              -74.367436,
              41.194666
            ],
            [
              -74.366432,
              41.195435
            ],
            [
              -74.361343,
              41.196096
            ],
            [
              -74.359868,
              41.194624
            ],
            [
              -74.356596,
              41.195331
            ],
            [
              -74.355121,
              41.196444
            ],
            [
              -74.354172,
              41.195051
            ],
            [
              -74.348612,
              41.192507
            ],
            [
              -74.348174,
              41.190108
            ],
            [
              -74.346747,
              41.188731
            ],
            [
              -74.343681,
              41.191947
            ],
            [
              -74.341016,
              41.193022
            ],
            [
              -74.33543,
              41.198237
            ],
            [
              -74.332616,
              41.199513
            ],
            [
              -74.330833,
              41.199273
            ],
            [
              -74.329494,
              41.200396
            ],
            [
              -74.328619,
              41.200251
            ],
            [
              -74.325676,
              41.20272
            ],
            [
              -74.324529,
              41.202137
            ],
            [
              -74.322691,
              41.203482
            ],
            [
              -74.321441,
              41.205686
            ],
            [
              -74.316052,
              41.21105
            ],
            [
              -74.316162,
              41.213992
            ],
            [
              -74.312453,
              41.219036
            ],
            [
              -74.307235,
              41.224059
            ],
            [
              -74.306715,
              41.226141
            ],
            [
              -74.30302,
              41.228541
            ],
            [
              -74.301517,
              41.230663
            ],
            [
              -74.29774,
              41.233396
            ],
            [
              -74.296907,
              41.233319
            ],
            [
              -74.290473,
              41.240787
            ],
            [
              -74.288089,
              41.241052
            ],
            [
              -74.286061,
              41.243908
            ],
            [
              -74.286068,
              41.245476
            ],
            [
              -74.28367,
              41.247596
            ],
            [
              -74.281614,
              41.252393
            ],
            [
              -74.28044,
              41.252908
            ],
            [
              -74.277721,
              41.257147
            ],
            [
              -74.275085,
              41.258833
            ],
            [
              -74.273739,
              41.258825
            ],
            [
              -74.273097,
              41.260208
            ],
            [
              -74.271759,
              41.260204
            ],
            [
              -74.269894,
              41.26216
            ],
            [
              -74.270091,
              41.26372
            ],
            [
              -74.267237,
              41.266724
            ],
            [
              -74.267523,
              41.267257
            ],
            [
              -74.266253,
              41.268253
            ],
            [
              -74.265379,
              41.270932
            ],
            [
              -74.262804,
              41.27437
            ],
            [
              -74.261827,
              41.277454
            ],
            [
              -74.259533,
              41.276443
            ],
            [
              -74.258009,
              41.276717
            ],
            [
              -74.257326,
              41.275673
            ],
            [
              -74.256588,
              41.275807
            ],
            [
              -74.253775,
              41.27333
            ],
            [
              -74.252983,
              41.273366
            ],
            [
              -74.252955,
              41.272406
            ],
            [
              -74.250564,
              41.270575
            ],
            [
              -74.250865,
              41.269334
            ],
            [
              -74.250141,
              41.268857
            ],
            [
              -74.24758,
              41.269421
            ],
            [
              -74.245114,
              41.268657
            ],
            [
              -74.239021,
              41.269207
            ],
            [
              -74.237471,
              41.26812
            ],
            [
              -74.234466,
              41.269632
            ],
            [
              -74.233032,
              41.269334
            ],
            [
              -74.230381,
              41.270956
            ],
            [
              -74.229602,
              41.27236
            ],
            [
              -74.223482,
              41.276147
            ],
            [
              -74.223455,
              41.274895
            ],
            [
              -74.221297,
              41.274619
            ],
            [
              -74.218989,
              41.270501
            ],
            [
              -74.218981,
              41.268114
            ],
            [
              -74.218511,
              41.269038
            ],
            [
              -74.212643,
              41.27025
            ],
            [
              -74.210587,
              41.269191
            ],
            [
              -74.208347,
              41.269757
            ],
            [
              -74.206496,
              41.265979
            ],
            [
              -74.205574,
              41.265707
            ],
            [
              -74.205362,
              41.264534
            ],
            [
              -74.200355,
              41.264067
            ],
            [
              -74.199392,
              41.265029
            ],
            [
              -74.193368,
              41.266613
            ],
            [
              -74.193177,
              41.264085
            ],
            [
              -74.192255,
              41.263862
            ],
            [
              -74.19233,
              41.263093
            ],
            [
              -74.19136,
              41.262811
            ],
            [
              -74.190138,
              41.263663
            ],
            [
              -74.188437,
              41.267011
            ],
            [
              -74.186655,
              41.267115
            ],
            [
              -74.185199,
              41.266407
            ],
            [
              -74.183663,
              41.266562
            ],
            [
              -74.182454,
              41.268756
            ],
            [
              -74.180835,
              41.269285
            ],
            [
              -74.181292,
              41.269883
            ],
            [
              -74.180316,
              41.27134
            ],
            [
              -74.176075,
              41.272827
            ],
            [
              -74.169388,
              41.272063
            ],
            [
              -74.166,
              41.272358
            ],
            [
              -74.161854,
              41.271193
            ]
          ],
          [
            [
              -74.161369,
              41.270005
            ],
            [
              -74.159668,
              41.269493
            ],
            [
              -74.158917,
              41.26715
            ],
            [
              -74.152237,
              41.264718
            ],
            [
              -74.15225,
              41.263665
            ],
            [
              -74.150488,
              41.263435
            ],
            [
              -74.150475,
              41.261017
            ],
            [
              -74.148494,
              41.260935
            ],
            [
              -74.147182,
              41.259691
            ],
            [
              -74.144129,
              41.261465
            ],
            [
              -74.143173,
              41.259904
            ],
            [
              -74.140967,
              41.261415
            ],
            [
              -74.139588,
              41.261472
            ],
            [
              -74.138255,
              41.26012
            ],
            [
              -74.135681,
              41.259628
            ],
            [
              -74.133297,
              41.25806
            ],
            [
              -74.130695,
              41.261563
            ],
            [
              -74.126022,
              41.263977
            ],
            [
              -74.124753,
              41.263472
            ],
            [
              -74.121822,
              41.264558
            ],
            [
              -74.120941,
              41.264006
            ],
            [
              -74.119808,
              41.264781
            ],
            [
              -74.116638,
              41.263573
            ],
            [
              -74.11312,
              41.264482
            ],
            [
              -74.111884,
              41.265765
            ],
            [
              -74.11002,
              41.265296
            ],
            [
              -74.110436,
              41.264525
            ],
            [
              -74.106591,
              41.262486
            ],
            [
              -74.103756,
              41.265356
            ],
            [
              -74.100116,
              41.267313
            ],
            [
              -74.100232,
              41.268156
            ],
            [
              -74.095376,
              41.272023
            ],
            [
              -74.093565,
              41.27795
            ],
            [
              -74.091803,
              41.280125
            ],
            [
              -74.088177,
              41.280767
            ],
            [
              -74.087562,
              41.281721
            ],
            [
              -74.088941,
              41.282944
            ],
            [
              -74.087295,
              41.285165
            ],
            [
              -74.08455,
              41.285364
            ],
            [
              -74.078641,
              41.291514
            ],
            [
              -74.075991,
              41.289002
            ],
            [
              -74.075923,
              41.287682
            ],
            [
              -74.072993,
              41.28719
            ],
            [
              -74.072693,
              41.285435
            ],
            [
              -74.074188,
              41.283799
            ],
            [
              -74.074004,
              41.282717
            ],
            [
              -74.072249,
              41.281419
            ],
            [
              -74.072884,
              41.278771
            ],
            [
              -74.070425,
              41.278355
            ],
            [
              -74.067761,
              41.275514
            ],
            [
              -74.065494,
              41.275815
            ],
            [
              -74.063055,
              41.277273
            ],
            [
              -74.061894,
              41.276034
            ],
            [
              -74.059667,
              41.27688
            ],
            [
              -74.059544,
              41.279654
            ],
            [
              -74.056143,
              41.281229
            ],
            [
              -74.05141,
              41.282082
            ],
            [
              -74.04656,
              41.285807
            ],
            [
              -74.046485,
              41.285262
            ],
            [
              -74.045317,
              41.285495
            ],
            [
              -74.042927,
              41.283868
            ],
            [
              -74.040611,
              41.284204
            ],
            [
              -74.038583,
              41.282516
            ],
            [
              -74.031678,
              41.28326
            ],
            [
              -74.029867,
              41.282403
            ],
            [
              -74.025489,
              41.282037
            ],
            [
              -74.021514,
              41.282836
            ],
            [
              -74.020701,
              41.284072
            ],
            [
              -74.0187,
              41.284938
            ],
            [
              -74.015776,
              41.284039
            ],
            [
              -74.01482,
              41.28622
            ],
            [
              -74.016746,
              41.291628
            ],
            [
              -74.016125,
              41.292361
            ],
            [
              -74.017198,
              41.293483
            ],
            [
              -74.017341,
              41.297069
            ],
            [
              -74.014923,
              41.29821
            ],
            [
              -74.015182,
              41.298834
            ],
            [
              -74.012095,
              41.302109
            ],
            [
              -74.01355,
              41.303603
            ],
            [
              -74.011371,
              41.304291
            ],
            [
              -74.012341,
              41.306862
            ],
            [
              -74.010633,
              41.308829
            ],
            [
              -74.013263,
              41.312892
            ],
            [
              -74.012703,
              41.314144
            ],
            [
              -74.01146,
              41.314511
            ],
            [
              -74.011761,
              41.312937
            ],
            [
              -74.009568,
              41.311284
            ],
            [
              -74.008427,
              41.311864
            ],
            [
              -74.006112,
              41.310862
            ],
            [
              -74.004514,
              41.311636
            ],
            [
              -74.001037,
              41.311575
            ],
            [
              -73.999876,
              41.310781
            ],
            [
              -73.999398,
              41.311403
            ],
            [
              -74.00077,
              41.30801
            ],
            [
              -73.99476,
              41.30798
            ],
            [
              -73.994131,
              41.310042
            ],
            [
              -73.992561,
              41.310321
            ],
            [
              -73.992322,
              41.311346
            ],
            [
              -73.993606,
              41.312568
            ],
            [
              -73.991803,
              41.312269
            ],
            [
              -73.989665,
              41.314412
            ],
            [
              -73.989938,
              41.316225
            ],
            [
              -73.988504,
              41.316266
            ],
            [
              -73.989392,
              41.319188
            ],
            [
              -73.988647,
              41.319898
            ],
            [
              -73.979502,
              41.319718
            ],
            [
              -73.974195,
              41.323418
            ],
            [
              -73.968724,
              41.323797
            ],
            [
              -73.966155,
              41.325827
            ],
            [
              -73.960992,
              41.324862
            ],
            [
              -73.960603,
              41.325462
            ],
            [
              -73.960152,
              41.325057
            ],
            [
              -73.958041,
              41.327736
            ],
            [
              -73.955186,
              41.3278
            ],
            [
              -73.951709,
              41.330367
            ],
            [
              -73.953704,
              41.330863
            ],
            [
              -73.94753,
              41.335616
            ],
            [
              -73.947126,
              41.337284
            ],
            [
              -73.943615,
              41.339994
            ],
            [
              -73.94197,
              41.340218
            ],
            [
              -73.940781,
              41.34127
            ],
            [
              -73.941122,
              41.341931
            ],
            [
              -73.939907,
              41.343464
            ],
            [
              -73.93992,
              41.345302
            ],
            [
              -73.938336,
              41.3469
            ],
            [
              -73.938493,
              41.34859
            ],
            [
              -73.936956,
              41.350116
            ],
            [
              -73.936628,
              41.354099
            ],
            [
              -73.93212,
              41.355151
            ],
            [
              -73.929859,
              41.354698
            ],
            [
              -73.928398,
              41.350613
            ],
            [
              -73.926041,
              41.35083
            ],
            [
              -73.923473,
              41.349216
            ],
            [
              -73.919799,
              41.352929
            ],
            [
              -73.919887,
              41.352461
            ],
            [
              -73.916397,
              41.354023
            ],
            [
              -73.915482,
              41.357968
            ],
            [
              -73.911309,
              41.362874
            ],
            [
              -73.90928,
              41.367588
            ],
            [
              -73.908474,
              41.367662
            ],
            [
              -73.903372,
              41.373788
            ],
            [
              -73.903242,
              41.372296
            ],
            [
              -73.898202,
              41.37858
            ],
            [
              -73.896918,
              41.378486
            ],
            [
              -73.894049,
              41.380017
            ],
            [
              -73.892328,
              41.384022
            ],
            [
              -73.88909,
              41.384275
            ],
            [
              -73.887314,
              41.385609
            ],
            [
              -73.886331,
              41.384212
            ],
            [
              -73.885395,
              41.384298
            ],
            [
              -73.883612,
              41.386541
            ],
            [
              -73.87892,
              41.387392
            ],
            [
              -73.876679,
              41.391613
            ],
            [
              -73.877827,
              41.394655
            ],
            [
              -73.876967,
              41.395399
            ],
            [
              -73.877096,
              41.399295
            ],
            [
              -73.874808,
              41.404736
            ],
            [
              -73.881598,
              41.408099
            ],
            [
              -73.880996,
              41.411111
            ],
            [
              -73.875648,
              41.416436
            ],
            [
              -73.876489,
              41.417259
            ],
            [
              -73.873708,
              41.420281
            ],
            [
              -73.868231,
              41.420448
            ],
            [
              -73.866181,
              41.419041
            ],
            [
              -73.862568,
              41.419478
            ],
            [
              -73.862439,
              41.420283
            ],
            [
              -73.858293,
              41.422228
            ],
            [
              -73.853478,
              41.426557
            ],
            [
              -73.85106,
              41.42992
            ],
            [
              -73.847473,
              41.432384
            ],
            [
              -73.844168,
              41.438138
            ],
            [
              -73.843533,
              41.440919
            ],
            [
              -73.844687,
              41.441197
            ],
            [
              -73.844298,
              41.444832
            ],
            [
              -73.842904,
              41.44666
            ],
            [
              -73.841081,
              41.446848
            ],
            [
              -73.837044,
              41.451023
            ],
            [
              -73.836033,
              41.453337
            ],
            [
              -73.837966,
              41.452631
            ],
            [
              -73.840684,
              41.453505
            ],
            [
              -73.836252,
              41.460419
            ],
            [
              -73.836191,
              41.462571
            ],
            [
              -73.833868,
              41.465024
            ],
            [
              -73.832386,
              41.465315
            ],
            [
              -73.829326,
              41.469482
            ],
            [
              -73.830125,
              41.470764
            ],
            [
              -73.826861,
              41.47369
            ],
            [
              -73.82654,
              41.472444
            ],
            [
              -73.823868,
              41.475078
            ],
            [
              -73.82436,
              41.476659
            ],
            [
              -73.821417,
              41.480547
            ],
            [
              -73.817612,
              41.489813
            ],
            [
              -73.818193,
              41.491206
            ],
            [
              -73.817196,
              41.493569
            ],
            [
              -73.815372,
              41.495194
            ],
            [
              -73.812517,
              41.503199
            ],
            [
              -73.813576,
              41.505214
            ],
            [
              -73.812046,
              41.507959
            ],
            [
              -73.809689,
              41.5087
            ],
            [
              -73.808473,
              41.510696
            ],
            [
              -73.806916,
              41.511477
            ],
            [
              -73.805263,
              41.51137
            ],
            [
              -73.804956,
              41.510687
            ],
            [
              -73.802217,
              41.510654
            ],
            [
              -73.801445,
              41.51442
            ],
            [
              -73.798631,
              41.516998
            ],
            [
              -73.795646,
              41.515625
            ],
            [
              -73.795565,
              41.516196
            ],
            [
              -73.78756,
              41.51209
            ],
            [
              -73.78689,
              41.513119
            ],
            [
              -73.782403,
              41.513765
            ],
            [
              -73.773728,
              41.522004
            ],
            [
              -73.773004,
              41.524271
            ],
            [
              -73.772267,
              41.524443
            ],
            [
              -73.771488,
              41.5267
            ],
            [
              -73.763189,
              41.535907
            ],
            [
              -73.759925,
              41.536164
            ],
            [
              -73.758831,
              41.53717
            ],
            [
              -73.758155,
              41.536821
            ],
            [
              -73.753928,
              41.541333
            ],
            [
              -73.751257,
              41.540822
            ],
            [
              -73.747651,
              41.543629
            ],
            [
              -73.743095,
              41.544286
            ],
            [
              -73.738539,
              41.54189
            ],
            [
              -73.737125,
              41.539965
            ],
            [
              -73.736066,
              41.541007
            ],
            [
              -73.735527,
              41.539776
            ],
            [
              -73.732296,
              41.541065
            ],
            [
              -73.728581,
              41.54378
            ],
            [
              -73.725043,
              41.544281
            ],
            [
              -73.723649,
              41.543662
            ],
            [
              -73.718499,
              41.54514
            ],
            [
              -73.718185,
              41.544232
            ],
            [
              -73.71576,
              41.542962
            ],
            [
              -73.710242,
              41.54653
            ],
            [
              -73.710474,
              41.548419
            ],
            [
              -73.709189,
              41.548918
            ],
            [
              -73.708691,
              41.550174
            ],
            [
              -73.704668,
              41.553308
            ],
            [
              -73.702845,
              41.553702
            ],
            [
              -73.701247,
              41.555147
            ],
            [
              -73.701061,
              41.5581
            ],
            [
              -73.695912,
              41.562657
            ],
            [
              -73.694628,
              41.562193
            ],
            [
              -73.69191,
              41.564855
            ],
            [
              -73.689977,
              41.565184
            ],
            [
              -73.68788,
              41.564196
            ],
            [
              -73.687292,
              41.567639
            ],
            [
              -73.686479,
              41.567027
            ],
            [
              -73.684669,
              41.569343
            ],
            [
              -73.681568,
              41.569997
            ],
            [
              -73.679369,
              41.57293
            ],
            [
              -73.673994,
              41.574026
            ],
            [
              -73.672799,
              41.575345
            ],
            [
              -73.67176,
              41.57545
            ],
            [
              -73.667792,
              41.578863
            ],
            [
              -73.66601,
              41.582796
            ],
            [
              -73.663988,
              41.584817
            ],
            [
              -73.663933,
              41.58755
            ],
            [
              -73.662942,
              41.588354
            ],
            [
              -73.658072,
              41.587847
            ],
            [
              -73.657964,
              41.59107
            ],
            [
              -73.659357,
              41.592118
            ],
            [
              -73.655669,
              41.594335
            ],
            [
              -73.652206,
              41.59497
            ],
            [
              -73.651482,
              41.59421
            ],
            [
              -73.649378,
              41.594789
            ],
            [
              -73.64737,
              41.597638
            ],
            [
              -73.646448,
              41.601811
            ],
            [
              -73.644645,
              41.601664
            ],
            [
              -73.644507,
              41.605576
            ],
            [
              -73.642875,
              41.607934
            ],
            [
              -73.632951,
              41.608519
            ],
            [
              -73.625786,
              41.610127
            ],
            [
              -73.623977,
              41.609921
            ],
            [
              -73.622139,
              41.610917
            ],
            [
              -73.6205,
              41.610546
            ],
            [
              -73.619093,
              41.607471
            ],
            [
              -73.620186,
              41.6068
            ],
            [
              -73.620295,
              41.605558
            ],
            [
              -73.617972,
              41.60553
            ],
            [
              -73.616088,
              41.606376
            ],
            [
              -73.613472,
              41.605305
            ],
            [
              -73.612433,
              41.603549
            ],
            [
              -73.610876,
              41.602774
            ],
            [
              -73.599415,
              41.603986
            ],
            [
              -73.599654,
              41.605484
            ],
            [
              -73.595651,
              41.604877
            ],
            [
              -73.594169,
              41.605507
            ],
            [
              -73.592175,
              41.602416
            ],
            [
              -73.593718,
              41.600737
            ],
            [
              -73.592912,
              41.593994
            ],
            [
              -73.591492,
              41.592576
            ],
            [
              -73.587401,
              41.592738
            ],
            [
              -73.586936,
              41.593903
            ],
            [
              -73.582961,
              41.593899
            ],
            [
              -73.580802,
              41.59516
            ],
            [
              -73.579007,
              41.594494
            ],
            [
              -73.576568,
              41.595405
            ],
            [
              -73.576527,
              41.598796
            ],
            [
              -73.573474,
              41.599181
            ],
            [
              -73.571405,
              41.603083
            ],
            [
              -73.570162,
              41.603157
            ],
            [
              -73.568611,
              41.604858
            ],
            [
              -73.568331,
              41.606715
            ],
            [
              -73.564041,
              41.610881
            ],
            [
              -73.56247,
              41.61106
            ],
            [
              -73.564164,
              41.616062
            ],
            [
              -73.560373,
              41.618234
            ],
            [
              -73.561323,
              41.619687
            ],
            [
              -73.560469,
              41.620195
            ],
            [
              -73.558659,
              41.619915
            ],
            [
              -73.557273,
              41.6221
            ],
            [
              -73.554698,
              41.622923
            ],
            [
              -73.553673,
              41.626081
            ],
            [
              -73.554261,
              41.628723
            ],
            [
              -73.552355,
              41.629735
            ],
            [
              -73.552772,
              41.632766
            ],
            [
              -73.550825,
              41.633133
            ],
            [
              -73.548202,
              41.635757
            ],
            [
              -73.543025,
              41.635516
            ],
            [
              -73.541877,
              41.634673
            ],
            [
              -73.538476,
              41.63454
            ],
            [
              -73.537178,
              41.635176
            ],
            [
              -73.534829,
              41.634534
            ],
            [
              -73.533859,
              41.637133
            ],
            [
              -73.532178,
              41.637769
            ],
            [
              -73.53142,
              41.636386
            ],
            [
              -73.529597,
              41.638178
            ],
            [
              -73.525759,
              41.636877
            ],
            [
              -73.525758,
              41.639781
            ],
            [
              -73.521441,
              41.640343
            ],
            [
              -73.520622,
              41.641679
            ],
            [
              -73.520103,
              41.641091
            ],
            [
              -73.518648,
              41.641649
            ],
            [
              -73.519174,
              41.643718
            ],
            [
              -73.517111,
              41.644705
            ],
            [
              -73.516319,
              41.646631
            ],
            [
              -73.518539,
              41.649245
            ],
            [
              -73.518149,
              41.65101
            ],
            [
              -73.515643,
              41.650703
            ],
            [
              -73.518347,
              41.65239
            ],
            [
              -73.517535,
              41.656703
            ],
            [
              -73.515793,
              41.65823
            ],
            [
              -73.515765,
              41.660206
            ],
            [
              -73.512412,
              41.661465
            ],
            [
              -73.516093,
              41.6623
            ],
            [
              -73.511538,
              41.66602
            ],
            [
              -73.507324,
              41.665911
            ],
            [
              -73.504271,
              41.669253
            ],
            [
              -73.504196,
              41.670959
            ],
            [
              -73.506251,
              41.671882
            ],
            [
              -73.509441,
              41.672144
            ],
            [
              -73.512392,
              41.673682
            ],
            [
              -73.512904,
              41.674927
            ],
            [
              -73.514529,
              41.675736
            ],
            [
              -73.512153,
              41.681582
            ],
            [
              -73.512337,
              41.683197
            ],
            [
              -73.515219,
              41.682338
            ],
            [
              -73.514366,
              41.683147
            ],
            [
              -73.514427,
              41.685251
            ],
            [
              -73.515315,
              41.684578
            ],
            [
              -73.5175,
              41.685682
            ],
            [
              -73.520561,
              41.68456
            ],
            [
              -73.521605,
              41.681804
            ],
            [
              -73.523231,
              41.681406
            ],
            [
              -73.52291,
              41.683923
            ],
            [
              -73.523866,
              41.686151
            ],
            [
              -73.523757,
              41.689541
            ],
            [
              -73.520274,
              41.690748
            ],
            [
              -73.519495,
              41.694962
            ],
            [
              -73.515595,
              41.695844
            ],
            [
              -73.510828,
              41.695143
            ],
            [
              -73.50886,
              41.697567
            ],
            [
              -73.507064,
              41.697323
            ],
            [
              -73.505473,
              41.69796
            ],
            [
              -73.504844,
              41.697439
            ],
            [
              -73.504564,
              41.699664
            ],
            [
              -73.50341,
              41.699807
            ],
            [
              -73.50119,
              41.704448
            ],
            [
              -73.502276,
              41.708087
            ],
            [
              -73.500999,
              41.713817
            ],
            [
              -73.501955,
              41.714068
            ],
            [
              -73.502467,
              41.715516
            ],
            [
              -73.500978,
              41.716825
            ],
            [
              -73.501162,
              41.719543
            ],
            [
              -73.500357,
              41.72019
            ],
            [
              -73.500664,
              41.720986
            ],
            [
              -73.495364,
              41.722768
            ],
            [
              -73.49423,
              41.724676
            ],
            [
              -73.496695,
              41.730612
            ],
            [
              -73.496232,
              41.731102
            ],
            [
              -73.490876,
              41.730369
            ],
            [
              -73.490541,
              41.731099
            ],
            [
              -73.488424,
              41.731274
            ],
            [
              -73.484675,
              41.733985
            ],
            [
              -73.482066,
              41.733406
            ],
            [
              -73.481997,
              41.734436
            ],
            [
              -73.480331,
              41.735936
            ],
            [
              -73.479647,
              41.741056
            ],
            [
              -73.477189,
              41.74129
            ],
            [
              -73.474006,
              41.742621
            ],
            [
              -73.472968,
              41.744116
            ],
            [
              -73.473808,
              41.745032
            ],
            [
              -73.475707,
              41.744782
            ],
            [
              -73.475761,
              41.746449
            ],
            [
              -73.477592,
              41.748887
            ],
            [
              -73.475816,
              41.750508
            ],
            [
              -73.474798,
              41.748927
            ],
            [
              -73.473527,
              41.748946
            ],
            [
              -73.473719,
              41.750066
            ],
            [
              -73.470543,
              41.750136
            ],
            [
              -73.469758,
              41.749261
            ],
            [
              -73.465693,
              41.752697
            ],
            [
              -73.4665,
              41.75359
            ],
            [
              -73.466042,
              41.755021
            ],
            [
              -73.465714,
              41.754476
            ],
            [
              -73.461391,
              41.755337
            ],
            [
              -73.459116,
              41.757216
            ],
            [
              -73.456111,
              41.757481
            ],
            [
              -73.454744,
              41.758467
            ],
            [
              -73.453761,
              41.757693
            ],
            [
              -73.452197,
              41.757942
            ],
            [
              -73.451384,
              41.757386
            ],
            [
              -73.44465,
              41.765509
            ],
            [
              -73.438509,
              41.767844
            ],
            [
              -73.436379,
              41.768027
            ],
            [
              -73.431686,
              41.77085
            ],
            [
              -73.429255,
              41.771307
            ],
            [
              -73.425464,
              41.773543
            ],
            [
              -73.42422,
              41.77589
            ],
            [
              -73.41918,
              41.777694
            ],
            [
              -73.413756,
              41.783357
            ],
            [
              -73.407234,
              41.793003
            ],
            [
              -73.402815,
              41.796215
            ],
            [
              -73.397268,
              41.803361
            ],
            [
              -73.396572,
              41.80323
            ],
            [
              -73.393764,
              41.806361
            ],
            [
              -73.394229,
              41.807151
            ],
            [
              -73.391005,
              41.810605
            ],
            [
              -73.389954,
              41.8139
            ],
            [
              -73.388786,
              41.814379
            ],
            [
              -73.391681,
              41.815127
            ],
            [
              -73.390732,
              41.819297
            ],
            [
              -73.386798,
              41.82103
            ],
            [
              -73.385569,
              41.822269
            ],
            [
              -73.386375,
              41.82242
            ],
            [
              -73.387918,
              41.824968
            ],
            [
              -73.387215,
              41.825476
            ],
            [
              -73.388499,
              41.830299
            ],
            [
              -73.389933,
              41.832165
            ],
            [
              -73.389496,
              41.836176
            ],
            [
              -73.392269,
              41.83812
            ],
            [
              -73.391552,
              41.839204
            ],
            [
              -73.388718,
              41.840569
            ],
            [
              -73.387686,
              41.840321
            ],
            [
              -73.388389,
              41.843177
            ],
            [
              -73.384818,
              41.844842
            ],
            [
              -73.384879,
              41.848229
            ],
            [
              -73.38186,
              41.848543
            ],
            [
              -73.382987,
              41.850589
            ],
            [
              -73.382659,
              41.853832
            ],
            [
              -73.383772,
              41.854978
            ],
            [
              -73.383431,
              41.856689
            ],
            [
              -73.385815,
              41.858969
            ],
            [
              -73.389045,
              41.859843
            ],
            [
              -73.389639,
              41.862608
            ],
            [
              -73.388362,
              41.863513
            ],
            [
              -73.389154,
              41.864384
            ],
            [
              -73.389052,
              41.866553
            ],
            [
              -73.392009,
              41.869693
            ],
            [
              -73.392214,
              41.871736
            ],
            [
              -73.391265,
              41.873483
            ],
            [
              -73.385978,
              41.872945
            ],
            [
              -73.389667,
              41.877023
            ],
            [
              -73.389557,
              41.87798
            ],
            [
              -73.393806,
              41.882958
            ],
            [
              -73.395834,
              41.88399
            ],
            [
              -73.397173,
              41.885797
            ],
            [
              -73.396661,
              41.886618
            ],
            [
              -73.399898,
              41.891157
            ],
            [
              -73.401886,
              41.892347
            ],
            [
              -73.403224,
              41.894743
            ],
            [
              -73.40291,
              41.897995
            ],
            [
              -73.397644,
              41.901763
            ],
            [
              -73.396845,
              41.904354
            ],
            [
              -73.397617,
              41.907044
            ],
            [
              -73.392297,
              41.911883
            ],
            [
              -73.392618,
              41.912707
            ],
            [
              -73.391361,
              41.914878
            ],
            [
              -73.387843,
              41.915851
            ],
            [
              -73.388335,
              41.916867
            ],
            [
              -73.387645,
              41.917938
            ],
            [
              -73.385787,
              41.916925
            ],
            [
              -73.384469,
              41.917096
            ],
            [
              -73.383827,
              41.91606
            ],
            [
              -73.38061,
              41.917078
            ],
            [
              -73.379182,
              41.916423
            ],
            [
              -73.373363,
              41.917822
            ],
            [
              -73.37311,
              41.918399
            ]
          ],
          [
            [
              -73.372359,
              41.916821
            ],
            [
              -73.370241,
              41.917908
            ],
            [
              -73.36727,
              41.922554
            ],
            [
              -73.367393,
              41.923875
            ],
            [
              -73.365994,
              41.924256
            ],
            [
              -73.36615,
              41.925127
            ],
            [
              -73.363671,
              41.925884
            ],
            [
              -73.361786,
              41.929028
            ],
            [
              -73.363623,
              41.930621
            ],
            [
              -73.362045,
              41.930815
            ],
            [
              -73.361984,
              41.933106
            ],
            [
              -73.363261,
              41.93262
            ],
            [
              -73.361246,
              41.935072
            ],
            [
              -73.362626,
              41.945017
            ],
            [
              -73.361643,
              41.945854
            ],
            [
              -73.362223,
              41.947105
            ],
            [
              -73.366212,
              41.947369
            ],
            [
              -73.369319,
              41.951142
            ],
            [
              -73.369122,
              41.954854
            ],
            [
              -73.367687,
              41.956135
            ],
            [
              -73.370051,
              41.958488
            ],
            [
              -73.371164,
              41.95809
            ],
            [
              -73.373144,
              41.959252
            ],
            [
              -73.373848,
              41.960825
            ],
            [
              -73.373438,
              41.962756
            ],
            [
              -73.37238,
              41.962808
            ],
            [
              -73.375193,
              41.964663
            ],
            [
              -73.375549,
              41.966221
            ],
            [
              -73.377605,
              41.967187
            ],
            [
              -73.377359,
              41.971529
            ],
            [
              -73.375528,
              41.972372
            ],
            [
              -73.374285,
              41.971814
            ],
            [
              -73.377304,
              41.975077
            ],
            [
              -73.382646,
              41.978079
            ],
            [
              -73.383868,
              41.977876
            ],
            [
              -73.384053,
              41.978793
            ],
            [
              -73.38604,
              41.9801
            ],
            [
              -73.388587,
              41.980158
            ],
            [
              -73.389599,
              41.981618
            ],
            [
              -73.392084,
              41.982616
            ],
            [
              -73.392809,
              41.980541
            ],
            [
              -73.395138,
              41.980673
            ],
            [
              -73.394783,
              41.977565
            ],
            [
              -73.395814,
              41.975747
            ],
            [
              -73.397754,
              41.975333
            ],
            [
              -73.398307,
              41.976147
            ],
            [
              -73.400691,
              41.973532
            ],
            [
              -73.401087,
              41.974091
            ],
            [
              -73.400287,
              41.974103
            ],
            [
              -73.400028,
              41.977576
            ],
            [
              -73.401346,
              41.978499
            ],
            [
              -73.407282,
              41.979262
            ],
            [
              -73.408272,
              41.980059
            ],
            [
              -73.406954,
              41.98127
            ],
            [
              -73.405786,
              41.984514
            ],
            [
              -73.408115,
              41.988941
            ],
            [
              -73.408908,
              41.993383
            ],
            [
              -73.40983,
              41.993482
            ],
            [
              -73.410233,
              41.994784
            ],
            [
              -73.412247,
              41.9932
            ],
            [
              -73.41362,
              41.993224
            ],
            [
              -73.417663,
              41.989186
            ],
            [
              -73.419112,
              41.99008
            ],
            [
              -73.421482,
              41.990238
            ],
            [
              -73.422369,
              41.99297
            ],
            [
              -73.424153,
              41.99404
            ],
            [
              -73.426209,
              41.993581
            ],
            [
              -73.426898,
              41.994221
            ],
            [
              -73.427745,
              41.993233
            ],
            [
              -73.430259,
              41.997496
            ],
            [
              -73.432854,
              41.997653
            ],
            [
              -73.434213,
              41.998491
            ],
            [
              -73.434111,
              42.001696
            ],
            [
              -73.436153,
              42.004489
            ],
            [
              -73.437854,
              42.005125
            ],
            [
              -73.438434,
              42.007465
            ],
            [
              -73.439678,
              42.008464
            ],
            [
              -73.441515,
              42.008466
            ],
            [
              -73.446166,
              42.004364
            ],
            [
              -73.446787,
              42.004935
            ],
            [
              -73.446296,
              42.006793
            ],
            [
              -73.448447,
              42.010478
            ],
            [
              -73.451378,
              42.011936
            ],
            [
              -73.451951,
              42.014146
            ],
            [
              -73.455544,
              42.017473
            ],
            [
              -73.454547,
              42.021539
            ],
            [
              -73.455065,
              42.02256
            ],
            [
              -73.45247,
              42.024947
            ],
            [
              -73.45383,
              42.028784
            ],
            [
              -73.452757,
              42.030733
            ],
            [
              -73.453392,
              42.032444
            ],
            [
              -73.454868,
              42.032842
            ],
            [
              -73.454649,
              42.034951
            ],
            [
              -73.456705,
              42.03705
            ],
            [
              -73.455783,
              42.037754
            ],
            [
              -73.455066,
              42.043125
            ],
            [
              -73.452942,
              42.047366
            ],
            [
              -73.45441,
              42.04902
            ],
            [
              -73.4554,
              42.052834
            ],
            [
              -73.454444,
              42.05351
            ],
            [
              -73.447252,
              42.051986
            ],
            [
              -73.446234,
              42.052463
            ],
            [
              -73.443947,
              42.052067
            ],
            [
              -73.442813,
              42.05252
            ],
            [
              -73.438038,
              42.051825
            ],
            [
              -73.436392,
              42.057575
            ],
            [
              -73.437471,
              42.060814
            ],
            [
              -73.437389,
              42.066086
            ],
            [
              -73.436132,
              42.068883
            ],
            [
              -73.43493,
              42.06902
            ],
            [
              -73.433674,
              42.072912
            ],
            [
              -73.431618,
              42.075594
            ],
            [
              -73.431529,
              42.08115
            ],
            [
              -73.432602,
              42.083241
            ],
            [
              -73.434261,
              42.084096
            ],
            [
              -73.435183,
              42.087378
            ],
            [
              -73.436836,
              42.089008
            ],
            [
              -73.437621,
              42.091257
            ],
            [
              -73.436563,
              42.093584
            ],
            [
              -73.43435,
              42.094275
            ],
            [
              -73.433482,
              42.097622
            ],
            [
              -73.432212,
              42.09819
            ],
            [
              -73.43258,
              42.102005
            ],
            [
              -73.431037,
              42.101439
            ],
            [
              -73.431003,
              42.102789
            ],
            [
              -73.432062,
              42.103592
            ],
            [
              -73.431543,
              42.104111
            ],
            [
              -73.43558,
              42.106886
            ],
            [
              -73.434199,
              42.108601
            ],
            [
              -73.430122,
              42.110131
            ],
            [
              -73.429446,
              42.111288
            ],
            [
              -73.429849,
              42.11391
            ],
            [
              -73.432404,
              42.118191
            ],
            [
              -73.431064,
              42.119024
            ],
            [
              -73.431393,
              42.120091
            ],
            [
              -73.428435,
              42.124481
            ],
            [
              -73.433783,
              42.135155
            ],
            [
              -73.435326,
              42.136103
            ],
            [
              -73.438195,
              42.143591
            ],
            [
              -73.434528,
              42.140744
            ],
            [
              -73.433851,
              42.142401
            ],
            [
              -73.432929,
              42.142375
            ],
            [
              -73.433086,
              42.143615
            ],
            [
              -73.431686,
              42.1446
            ],
            [
              -73.428285,
              42.145103
            ],
            [
              -73.42392,
              42.143972
            ],
            [
              -73.421571,
              42.145061
            ],
            [
              -73.412104,
              42.14688
            ],
            [
              -73.406558,
              42.144961
            ],
            [
              -73.399502,
              42.146331
            ],
            [
              -73.394482,
              42.146414
            ],
            [
              -73.392747,
              42.147259
            ],
            [
              -73.389831,
              42.146227
            ],
            [
              -73.389277,
              42.146854
            ],
            [
              -73.385903,
              42.146762
            ],
            [
              -73.381743,
              42.147716
            ],
            [
              -73.378773,
              42.146571
            ],
            [
              -73.377106,
              42.149069
            ],
            [
              -73.377475,
              42.150556
            ],
            [
              -73.376123,
              42.150789
            ],
            [
              -73.376655,
              42.153399
            ],
            [
              -73.375063,
              42.154471
            ],
            [
              -73.372215,
              42.152787
            ],
            [
              -73.368766,
              42.151891
            ],
            [
              -73.366778,
              42.152124
            ],
            [
              -73.366198,
              42.153372
            ],
            [
              -73.362277,
              42.153537
            ],
            [
              -73.362551,
              42.152654
            ],
            [
              -73.361506,
              42.152418
            ],
            [
              -73.36169,
              42.150696
            ],
            [
              -73.359375,
              42.146741
            ],
            [
              -73.360071,
              42.144369
            ],
            [
              -73.360714,
              42.144338
            ],
            [
              -73.358985,
              42.143457
            ],
            [
              -73.358056,
              42.144255
            ],
            [
              -73.356376,
              42.143677
            ],
            [
              -73.350297,
              42.144823
            ],
            [
              -73.350085,
              42.145559
            ],
            [
              -73.347306,
              42.146019
            ],
            [
              -73.345141,
              42.145136
            ],
            [
              -73.344349,
              42.147052
            ],
            [
              -73.3423,
              42.148067
            ],
            [
              -73.342948,
              42.150171
            ],
            [
              -73.34193,
              42.150809
            ],
            [
              -73.342743,
              42.153518
            ],
            [
              -73.342067,
              42.153269
            ],
            [
              -73.341172,
              42.155004
            ],
            [
              -73.338672,
              42.155611
            ],
            [
              -73.337593,
              42.156956
            ],
            [
              -73.336801,
              42.15666
            ],
            [
              -73.336521,
              42.158359
            ],
            [
              -73.334957,
              42.158439
            ],
            [
              -73.334049,
              42.157485
            ],
            [
              -73.333619,
              42.158073
            ],
            [
              -73.328441,
              42.151797
            ],
            [
              -73.327751,
              42.153314
            ],
            [
              -73.323257,
              42.155684
            ],
            [
              -73.324363,
              42.158564
            ],
            [
              -73.322908,
              42.159552
            ],
            [
              -73.320832,
              42.159697
            ],
            [
              -73.320122,
              42.162582
            ],
            [
              -73.320744,
              42.163357
            ],
            [
              -73.319384,
              42.166691
            ],
            [
              -73.318162,
              42.166466
            ],
            [
              -73.317089,
              42.165109
            ],
            [
              -73.314227,
              42.1639
            ],
            [
              -73.311693,
              42.164759
            ],
            [
              -73.309787,
              42.164281
            ],
            [
              -73.305033,
              42.165368
            ],
            [
              -73.303756,
              42.169614
            ],
            [
              -73.292582,
              42.174622
            ],
            [
              -73.291264,
              42.176147
            ],
            [
              -73.290554,
              42.184129
            ],
            [
              -73.291469,
              42.186488
            ],
            [
              -73.290772,
              42.186582
            ],
            [
              -73.290684,
              42.188715
            ],
            [
              -73.287009,
              42.188543
            ],
            [
              -73.286708,
              42.191821
            ],
            [
              -73.287384,
              42.192597
            ],
            [
              -73.284236,
              42.1954
            ],
            [
              -73.284038,
              42.196734
            ],
            [
              -73.283081,
              42.196662
            ],
            [
              -73.28274,
              42.198899
            ],
            [
              -73.281183,
              42.199038
            ],
            [
              -73.282167,
              42.201398
            ],
            [
              -73.28104,
              42.202624
            ],
            [
              -73.278922,
              42.202624
            ],
            [
              -73.277904,
              42.203982
            ],
            [
              -73.277863,
              42.203419
            ],
            [
              -73.274161,
              42.202044
            ],
            [
              -73.271313,
              42.203928
            ],
            [
              -73.270992,
              42.205864
            ],
            [
              -73.269182,
              42.206391
            ],
            [
              -73.269175,
              42.208165
            ],
            [
              -73.263527,
              42.209147
            ],
            [
              -73.260952,
              42.208459
            ],
            [
              -73.260856,
              42.213271
            ],
            [
              -73.259401,
              42.214744
            ],
            [
              -73.26018,
              42.215949
            ],
            [
              -73.259463,
              42.216916
            ],
            [
              -73.257776,
              42.216903
            ],
            [
              -73.255761,
              42.221921
            ],
            [
              -73.254394,
              42.221544
            ],
            [
              -73.25335,
              42.222271
            ],
            [
              -73.253719,
              42.223619
            ],
            [
              -73.252707,
              42.223955
            ],
            [
              -73.253841,
              42.226471
            ],
            [
              -73.251956,
              42.226708
            ],
            [
              -73.251389,
              42.227726
            ],
            [
              -73.248978,
              42.22818
            ],
            [
              -73.247579,
              42.229248
            ],
            [
              -73.247776,
              42.233088
            ],
            [
              -73.245318,
              42.235928
            ],
            [
              -73.249443,
              42.238665
            ],
            [
              -73.246902,
              42.239779
            ],
            [
              -73.244273,
              42.242477
            ],
            [
              -73.243037,
              42.242278
            ],
            [
              -73.235714,
              42.245124
            ],
            [
              -73.234485,
              42.247032
            ],
            [
              -73.235038,
              42.248473
            ],
            [
              -73.233726,
              42.248268
            ],
            [
              -73.233003,
              42.247131
            ],
            [
              -73.231322,
              42.247434
            ],
            [
              -73.230571,
              42.248687
            ],
            [
              -73.229287,
              42.24869
            ],
            [
              -73.229533,
              42.24932
            ],
            [
              -73.228304,
              42.249044
            ],
            [
              -73.22829,
              42.249927
            ],
            [
              -73.227341,
              42.250065
            ],
            [
              -73.225756,
              42.252292
            ],
            [
              -73.218578,
              42.250789
            ],
            [
              -73.217532,
              42.251538
            ],
            [
              -73.213892,
              42.250063
            ],
            [
              -73.215046,
              42.250176
            ],
            [
              -73.214541,
              42.249416
            ],
            [
              -73.215148,
              42.249705
            ],
            [
              -73.214309,
              42.248908
            ],
            [
              -73.21508,
              42.24874
            ],
            [
              -73.214329,
              42.24677
            ],
            [
              -73.212662,
              42.245514
            ],
            [
              -73.212621,
              42.24242
            ],
            [
              -73.209999,
              42.239912
            ],
            [
              -73.2095,
              42.237887
            ],
            [
              -73.204589,
              42.234469
            ],
            [
              -73.202854,
              42.234599
            ],
            [
              -73.199152,
              42.232933
            ],
            [
              -73.196851,
              42.234311
            ],
            [
              -73.193155,
              42.234892
            ],
            [
              -73.187493,
              42.239153
            ],
            [
              -73.187172,
              42.241381
            ],
            [
              -73.182152,
              42.246917
            ],
            [
              -73.18235,
              42.248091
            ],
            [
              -73.180198,
              42.248394
            ],
            [
              -73.180492,
              42.249718
            ],
            [
              -73.179481,
              42.250283
            ],
            [
              -73.180096,
              42.249901
            ],
            [
              -73.178436,
              42.251082
            ],
            [
              -73.178907,
              42.252476
            ],
            [
              -73.176189,
              42.254846
            ],
            [
              -73.177132,
              42.255708
            ],
            [
              -73.17677,
              42.256382
            ],
            [
              -73.180847,
              42.257523
            ],
            [
              -73.180171,
              42.258332
            ],
            [
              -73.181107,
              42.259094
            ],
            [
              -73.181285,
              42.262317
            ],
            [
              -73.184037,
              42.264715
            ],
            [
              -73.182452,
              42.26741
            ],
            [
              -73.183914,
              42.268955
            ],
            [
              -73.188054,
              42.27052
            ],
            [
              -73.187555,
              42.272151
            ],
            [
              -73.181715,
              42.277088
            ],
            [
              -73.181878,
              42.277866
            ],
            [
              -73.183614,
              42.277875
            ],
            [
              -73.184488,
              42.278866
            ],
            [
              -73.183689,
              42.281276
            ],
            [
              -73.184843,
              42.281506
            ],
            [
              -73.184358,
              42.282277
            ],
            [
              -73.180629,
              42.282794
            ],
            [
              -73.173218,
              42.2802
            ],
            [
              -73.1683,
              42.282134
            ],
            [
              -73.165254,
              42.279172
            ],
            [
              -73.163505,
              42.280405
            ],
            [
              -73.163546,
              42.28159
            ],
            [
              -73.169598,
              42.285343
            ],
            [
              -73.171804,
              42.285914
            ],
            [
              -73.173081,
              42.28815
            ],
            [
              -73.165104,
              42.28492
            ],
            [
              -73.159189,
              42.286847
            ],
            [
              -73.158062,
              42.28904
            ],
            [
              -73.157249,
              42.288653
            ],
            [
              -73.156955,
              42.28945
            ],
            [
              -73.158287,
              42.290453
            ],
            [
              -73.157372,
              42.291721
            ],
            [
              -73.152748,
              42.29099
            ],
            [
              -73.150918,
              42.291554
            ],
            [
              -73.150781,
              42.293515
            ],
            [
              -73.149046,
              42.295482
            ],
            [
              -73.150316,
              42.296583
            ],
            [
              -73.149859,
              42.300521
            ],
            [
              -73.146737,
              42.300628
            ],
            [
              -73.145754,
              42.301787
            ],
            [
              -73.150501,
              42.305376
            ],
            [
              -73.151314,
              42.306821
            ],
            [
              -73.157146,
              42.30886
            ],
            [
              -73.157372,
              42.310089
            ],
            [
              -73.160678,
              42.312528
            ],
            [
              -73.164209,
              42.313139
            ],
            [
              -73.166046,
              42.312083
            ],
            [
              -73.167679,
              42.312118
            ],
            [
              -73.170056,
              42.315231
            ],
            [
              -73.170315,
              42.317546
            ],
            [
              -73.167337,
              42.317984
            ],
            [
              -73.165432,
              42.319129
            ],
            [
              -73.165459,
              42.320602
            ],
            [
              -73.167071,
              42.322852
            ],
            [
              -73.166012,
              42.324452
            ],
            [
              -73.168779,
              42.328368
            ],
            [
              -73.168328,
              42.330342
            ],
            [
              -73.166825,
              42.330859
            ],
            [
              -73.166422,
              42.33228
            ],
            [
              -73.163444,
              42.331993
            ],
            [
              -73.161893,
              42.333319
            ],
            [
              -73.16298,
              42.343144
            ],
            [
              -73.163894,
              42.344672
            ],
            [
              -73.163082,
              42.346127
            ],
            [
              -73.159968,
              42.348346
            ],
            [
              -73.160473,
              42.350606
            ],
            [
              -73.157673,
              42.352853
            ],
            [
              -73.155269,
              42.353498
            ],
            [
              -73.152659,
              42.356559
            ],
            [
              -73.153267,
              42.362805
            ],
            [
              -73.147065,
              42.368234
            ],
            [
              -73.14934,
              42.374102
            ],
            [
              -73.151655,
              42.376742
            ],
            [
              -73.148964,
              42.378
            ],
            [
              -73.148951,
              42.379472
            ],
            [
              -73.151751,
              42.382917
            ],
            [
              -73.15216,
              42.385315
            ],
            [
              -73.15339,
              42.386609
            ],
            [
              -73.155392,
              42.387163
            ],
            [
              -73.154688,
              42.38817
            ],
            [
              -73.15649,
              42.391071
            ],
            [
              -73.155446,
              42.394247
            ],
            [
              -73.152673,
              42.396188
            ],
            [
              -73.149483,
              42.401594
            ],
            [
              -73.149736,
              42.404975
            ],
            [
              -73.151313,
              42.406235
            ],
            [
              -73.149921,
              42.409819
            ],
            [
              -73.152598,
              42.410447
            ],
            [
              -73.153724,
              42.413334
            ],
            [
              -73.154852,
              42.414135
            ],
            [
              -73.152154,
              42.417366
            ],
            [
              -73.154292,
              42.420021
            ],
            [
              -73.153663,
              42.423595
            ],
            [
              -73.155405,
              42.426171
            ],
            [
              -73.158137,
              42.427485
            ],
            [
              -73.157631,
              42.428675
            ],
            [
              -73.158451,
              42.431169
            ],
            [
              -73.15757,
              42.434109
            ],
            [
              -73.158226,
              42.438712
            ],
            [
              -73.159326,
              42.440459
            ],
            [
              -73.161511,
              42.44166
            ],
            [
              -73.162378,
              42.44492
            ],
            [
              -73.164462,
              42.447039
            ],
            [
              -73.163997,
              42.449237
            ],
            [
              -73.166224,
              42.450066
            ],
            [
              -73.16578,
              42.451562
            ],
            [
              -73.163157,
              42.454195
            ],
            [
              -73.163731,
              42.455704
            ],
            [
              -73.16164,
              42.456409
            ],
            [
              -73.162098,
              42.458114
            ],
            [
              -73.161456,
              42.458121
            ],
            [
              -73.164632,
              42.459811
            ],
            [
              -73.159967,
              42.460912
            ],
            [
              -73.160302,
              42.463249
            ],
            [
              -73.16246,
              42.464144
            ],
            [
              -73.166626,
              42.462666
            ],
            [
              -73.168437,
              42.464631
            ],
            [
              -73.166496,
              42.466492
            ],
            [
              -73.159517,
              42.468712
            ],
            [
              -73.156327,
              42.47238
            ],
            [
              -73.156498,
              42.474035
            ],
            [
              -73.161777,
              42.474845
            ],
            [
              -73.165267,
              42.477157
            ],
            [
              -73.178258,
              42.481597
            ],
            [
              -73.181072,
              42.484141
            ],
            [
              -73.181148,
              42.485641
            ],
            [
              -73.17567,
              42.493564
            ],
            [
              -73.175943,
              42.496275
            ],
            [
              -73.174946,
              42.495291
            ],
            [
              -73.172897,
              42.497595
            ],
            [
              -73.172289,
              42.499634
            ],
            [
              -73.170957,
              42.500433
            ],
            [
              -73.170575,
              42.50211
            ],
            [
              -73.16871,
              42.503936
            ],
            [
              -73.169168,
              42.505343
            ],
            [
              -73.165596,
              42.508925
            ],
            [
              -73.16507,
              42.511465
            ],
            [
              -73.159886,
              42.51764
            ],
            [
              -73.158083,
              42.518723
            ],
            [
              -73.158451,
              42.519279
            ],
            [
              -73.154441,
              42.52419
            ],
            [
              -73.15602,
              42.528538
            ],
            [
              -73.151881,
              42.532303
            ],
            [
              -73.150501,
              42.532663
            ],
            [
              -73.149579,
              42.534157
            ],
            [
              -73.148438,
              42.534089
            ],
            [
              -73.145753,
              42.5407
            ],
            [
              -73.146792,
              42.541829
            ],
            [
              -73.148151,
              42.548326
            ],
            [
              -73.147126,
              42.549525
            ],
            [
              -73.148377,
              42.550797
            ],
            [
              -73.147967,
              42.552286
            ],
            [
              -73.154769,
              42.556133
            ],
            [
              -73.154728,
              42.561576
            ],
            [
              -73.157666,
              42.562141
            ],
            [
              -73.156033,
              42.565384
            ],
            [
              -73.159045,
              42.567111
            ],
            [
              -73.159571,
              42.568907
            ],
            [
              -73.158615,
              42.569667
            ],
            [
              -73.158841,
              42.571998
            ],
            [
              -73.160931,
              42.574661
            ],
            [
              -73.163239,
              42.575837
            ],
            [
              -73.167405,
              42.576233
            ],
            [
              -73.167651,
              42.575773
            ],
            [
              -73.16994,
              42.576417
            ],
            [
              -73.172466,
              42.578561
            ],
            [
              -73.176524,
              42.577549
            ],
            [
              -73.177781,
              42.578384
            ],
            [
              -73.177719,
              42.580648
            ],
            [
              -73.172289,
              42.586793
            ],
            [
              -73.174687,
              42.590145
            ],
            [
              -73.174434,
              42.59205
            ],
            [
              -73.175533,
              42.594094
            ],
            [
              -73.177166,
              42.594746
            ],
            [
              -73.177384,
              42.597631
            ],
            [
              -73.18011,
              42.603343
            ],
            [
              -73.182726,
              42.60456
            ],
            [
              -73.186393,
              42.608157
            ],
            [
              -73.190095,
              42.610454
            ],
            [
              -73.191721,
              42.614581
            ],
            [
              -73.18959,
              42.615493
            ],
            [
              -73.189556,
              42.61796
            ],
            [
              -73.18291,
              42.625203
            ],
            [
              -73.177698,
              42.628925
            ],
            [
              -73.178231,
              42.631014
            ],
            [
              -73.174816,
              42.631644
            ],
            [
              -73.171955,
              42.634075
            ],
            [
              -73.171551,
              42.633713
            ],
            [
              -73.169728,
              42.635273
            ],
            [
              -73.168368,
              42.635359
            ],
            [
              -73.168164,
              42.636945
            ],
            [
              -73.165596,
              42.637656
            ],
            [
              -73.162153,
              42.643612
            ],
            [
              -73.15938,
              42.64572
            ],
            [
              -73.158198,
              42.649938
            ],
            [
              -73.158649,
              42.659909
            ],
            [
              -73.157665,
              42.660844
            ],
            [
              -73.157891,
              42.668547
            ],
            [
              -73.159872,
              42.667939
            ]
          ],
          [
            [
              -73.160029,
              42.668473
            ],
            [
              -73.163615,
              42.668166
            ],
            [
              -73.165138,
              42.670248
            ],
            [
              -73.16623,
              42.67
            ],
            [
              -73.167788,
              42.670916
            ],
            [
              -73.170732,
              42.670815
            ],
            [
              -73.171695,
              42.66979
            ],
            [
              -73.174051,
              42.672687
            ],
            [
              -73.170185,
              42.678523
            ],
            [
              -73.165787,
              42.681654
            ],
            [
              -73.164469,
              42.681323
            ],
            [
              -73.160042,
              42.685673
            ],
            [
              -73.15951,
              42.690347
            ],
            [
              -73.157481,
              42.692035
            ],
            [
              -73.155111,
              42.701173
            ],
            [
              -73.152318,
              42.701132
            ],
            [
              -73.152291,
              42.702789
            ],
            [
              -73.14852,
              42.709477
            ],
            [
              -73.150446,
              42.716168
            ],
            [
              -73.150063,
              42.718242
            ],
            [
              -73.151874,
              42.719964
            ],
            [
              -73.15382,
              42.720279
            ],
            [
              -73.155275,
              42.725098
            ],
            [
              -73.160992,
              42.727288
            ],
            [
              -73.159694,
              42.728874
            ],
            [
              -73.159025,
              42.735572
            ],
            [
              -73.157522,
              42.735332
            ],
            [
              -73.155227,
              42.74113
            ],
            [
              -73.155889,
              42.743699
            ],
            [
              -73.15326,
              42.746538
            ],
            [
              -73.151286,
              42.746497
            ],
            [
              -73.142742,
              42.749677
            ],
            [
              -73.140556,
              42.755297
            ],
            [
              -73.137633,
              42.757847
            ],
            [
              -73.136697,
              42.759921
            ],
            [
              -73.137748,
              42.76128
            ],
            [
              -73.136881,
              42.766457
            ],
            [
              -73.137749,
              42.767575
            ],
            [
              -73.13669,
              42.769282
            ],
            [
              -73.135385,
              42.769756
            ],
            [
              -73.133186,
              42.775056
            ],
            [
              -73.131274,
              42.775141
            ],
            [
              -73.126158,
              42.777669
            ],
            [
              -73.125393,
              42.78012
            ],
            [
              -73.125932,
              42.781106
            ],
            [
              -73.125079,
              42.782996
            ],
            [
              -73.124164,
              42.78326
            ],
            [
              -73.124006,
              42.785495
            ],
            [
              -73.121985,
              42.787259
            ],
            [
              -73.119738,
              42.788032
            ],
            [
              -73.118583,
              42.79139
            ],
            [
              -73.117586,
              42.791928
            ],
            [
              -73.117094,
              42.796598
            ],
            [
              -73.117982,
              42.800111
            ],
            [
              -73.115988,
              42.806012
            ],
            [
              -73.116999,
              42.807294
            ],
            [
              -73.117538,
              42.810675
            ],
            [
              -73.120338,
              42.811266
            ],
            [
              -73.12251,
              42.815219
            ],
            [
              -73.122148,
              42.822287
            ],
            [
              -73.123679,
              42.825851
            ],
            [
              -73.123522,
              42.827559
            ],
            [
              -73.1251,
              42.830827
            ],
            [
              -73.122975,
              42.834574
            ],
            [
              -73.121575,
              42.835028
            ],
            [
              -73.11622,
              42.840028
            ],
            [
              -73.110018,
              42.841254
            ],
            [
              -73.110968,
              42.84303
            ],
            [
              -73.10911,
              42.847196
            ],
            [
              -73.109902,
              42.84806
            ],
            [
              -73.113659,
              42.848315
            ],
            [
              -73.116527,
              42.849718
            ],
            [
              -73.122701,
              42.851008
            ],
            [
              -73.127545,
              42.854081
            ],
            [
              -73.131588,
              42.861388
            ],
            [
              -73.130748,
              42.862905
            ],
            [
              -73.131417,
              42.866414
            ],
            [
              -73.132606,
              42.867699
            ],
            [
              -73.132838,
              42.870679
            ],
            [
              -73.129833,
              42.874348
            ],
            [
              -73.127182,
              42.875904
            ],
            [
              -73.122879,
              42.884748
            ],
            [
              -73.119348,
              42.88605
            ],
            [
              -73.115237,
              42.885149
            ],
            [
              -73.115195,
              42.884365
            ],
            [
              -73.114567,
              42.884832
            ],
            [
              -73.114396,
              42.884383
            ],
            [
              -73.113248,
              42.884945
            ],
            [
              -73.113064,
              42.885978
            ],
            [
              -73.112463,
              42.885419
            ],
            [
              -73.111124,
              42.886076
            ],
            [
              -73.107012,
              42.885347
            ],
            [
              -73.106904,
              42.884701
            ],
            [
              -73.099814,
              42.885313
            ],
            [
              -73.096747,
              42.887436
            ],
            [
              -73.095033,
              42.891586
            ],
            [
              -73.092123,
              42.893168
            ],
            [
              -73.092902,
              42.898872
            ],
            [
              -73.091837,
              42.900254
            ],
            [
              -73.091816,
              42.902951
            ],
            [
              -73.087854,
              42.905582
            ],
            [
              -73.087062,
              42.908963
            ],
            [
              -73.080355,
              42.913466
            ],
            [
              -73.079631,
              42.918042
            ],
            [
              -73.077869,
              42.91876
            ],
            [
              -73.078053,
              42.91937
            ],
            [
              -73.073969,
              42.922845
            ],
            [
              -73.07276,
              42.923109
            ],
            [
              -73.071325,
              42.925727
            ],
            [
              -73.072623,
              42.929293
            ],
            [
              -73.065663,
              42.935663
            ],
            [
              -73.058867,
              42.93824
            ],
            [
              -73.062534,
              42.940365
            ],
            [
              -73.064256,
              42.942388
            ],
            [
              -73.062371,
              42.945985
            ],
            [
              -73.063798,
              42.948544
            ],
            [
              -73.0608,
              42.955333
            ],
            [
              -73.061374,
              42.956279
            ],
            [
              -73.060629,
              42.959463
            ],
            [
              -73.057009,
              42.96376
            ],
            [
              -73.056094,
              42.966023
            ],
            [
              -73.059939,
              42.973031
            ],
            [
              -73.067903,
              42.974395
            ],
            [
              -73.072165,
              42.974111
            ],
            [
              -73.071613,
              42.977856
            ],
            [
              -73.069604,
              42.981339
            ],
            [
              -73.067931,
              42.987078
            ],
            [
              -73.070021,
              42.991328
            ],
            [
              -73.068518,
              42.993405
            ],
            [
              -73.069495,
              42.995524
            ],
            [
              -73.067862,
              42.99678
            ],
            [
              -73.06789,
              42.997703
            ],
            [
              -73.064932,
              43.000098
            ],
            [
              -73.063894,
              43.00017
            ],
            [
              -73.062132,
              43.003063
            ],
            [
              -73.062283,
              43.004362
            ],
            [
              -73.058826,
              43.004897
            ],
            [
              -73.057125,
              43.006152
            ],
            [
              -73.049775,
              43.007913
            ],
            [
              -73.047372,
              43.007296
            ],
            [
              -73.047631,
              43.010186
            ],
            [
              -73.04645,
              43.011994
            ],
            [
              -73.044278,
              43.013308
            ],
            [
              -73.035828,
              43.022141
            ],
            [
              -73.037871,
              43.024166
            ],
            [
              -73.03699,
              43.027478
            ],
            [
              -73.038424,
              43.030663
            ],
            [
              -73.041716,
              43.031467
            ],
            [
              -73.042085,
              43.032869
            ],
            [
              -73.038698,
              43.035211
            ],
            [
              -73.037393,
              43.035224
            ],
            [
              -73.034647,
              43.033277
            ],
            [
              -73.02764,
              43.032715
            ],
            [
              -73.02529,
              43.033877
            ],
            [
              -73.024149,
              43.041047
            ],
            [
              -73.019552,
              43.040842
            ],
            [
              -73.019258,
              43.041917
            ],
            [
              -73.014252,
              43.045315
            ],
            [
              -73.013883,
              43.048632
            ],
            [
              -73.008187,
              43.054444
            ],
            [
              -73.005858,
              43.055174
            ],
            [
              -73.003058,
              43.05453
            ],
            [
              -73.002463,
              43.055988
            ],
            [
              -72.997737,
              43.05536
            ],
            [
              -72.997061,
              43.056195
            ],
            [
              -72.991446,
              43.055642
            ],
            [
              -72.990101,
              43.053772
            ],
            [
              -72.986768,
              43.053133
            ],
            [
              -72.985101,
              43.051717
            ],
            [
              -72.982485,
              43.051612
            ],
            [
              -72.979746,
              43.053572
            ],
            [
              -72.972991,
              43.052727
            ],
            [
              -72.971495,
              43.053543
            ],
            [
              -72.971345,
              43.05567
            ],
            [
              -72.968715,
              43.058342
            ],
            [
              -72.970212,
              43.059387
            ],
            [
              -72.969378,
              43.061164
            ],
            [
              -72.967629,
              43.061056
            ],
            [
              -72.966578,
              43.062303
            ],
            [
              -72.963491,
              43.06168
            ],
            [
              -72.954255,
              43.064113
            ],
            [
              -72.952589,
              43.066663
            ],
            [
              -72.951852,
              43.066367
            ],
            [
              -72.949045,
              43.067329
            ],
            [
              -72.948928,
              43.068736
            ],
            [
              -72.947699,
              43.069345
            ],
            [
              -72.94535,
              43.068951
            ],
            [
              -72.943198,
              43.071015
            ],
            [
              -72.9422,
              43.070939
            ],
            [
              -72.942836,
              43.072355
            ],
            [
              -72.941736,
              43.072398
            ],
            [
              -72.938273,
              43.07592
            ],
            [
              -72.932311,
              43.077676
            ],
            [
              -72.931982,
              43.079228
            ],
            [
              -72.928328,
              43.080625
            ],
            [
              -72.926156,
              43.0824
            ],
            [
              -72.926935,
              43.083409
            ],
            [
              -72.925596,
              43.083817
            ],
            [
              -72.926075,
              43.084704
            ],
            [
              -72.924824,
              43.085329
            ],
            [
              -72.925433,
              43.087204
            ],
            [
              -72.928683,
              43.090176
            ],
            [
              -72.93059,
              43.08976
            ],
            [
              -72.931566,
              43.091516
            ],
            [
              -72.932433,
              43.091009
            ],
            [
              -72.934742,
              43.091276
            ],
            [
              -72.93507,
              43.093196
            ],
            [
              -72.93576,
              43.092861
            ],
            [
              -72.939496,
              43.095013
            ],
            [
              -72.940103,
              43.096956
            ],
            [
              -72.942214,
              43.098506
            ],
            [
              -72.94804,
              43.100736
            ],
            [
              -72.950452,
              43.100154
            ],
            [
              -72.952125,
              43.100737
            ],
            [
              -72.953457,
              43.10245
            ],
            [
              -72.955479,
              43.101878
            ],
            [
              -72.963668,
              43.10192
            ],
            [
              -72.964624,
              43.103234
            ],
            [
              -72.963654,
              43.109088
            ],
            [
              -72.965478,
              43.113069
            ],
            [
              -72.966666,
              43.118844
            ],
            [
              -72.975799,
              43.122279
            ],
            [
              -72.976611,
              43.123644
            ],
            [
              -72.977335,
              43.123567
            ],
            [
              -72.97823,
              43.125676
            ],
            [
              -72.97575,
              43.126028
            ],
            [
              -72.974228,
              43.12877
            ],
            [
              -72.972827,
              43.129651
            ],
            [
              -72.973094,
              43.131254
            ],
            [
              -72.971188,
              43.134052
            ],
            [
              -72.979029,
              43.139368
            ],
            [
              -72.979384,
              43.142828
            ],
            [
              -72.981447,
              43.144949
            ],
            [
              -72.987403,
              43.146044
            ],
            [
              -72.992033,
              43.150479
            ],
            [
              -72.994417,
              43.149958
            ],
            [
              -72.998871,
              43.151099
            ],
            [
              -73.003617,
              43.15124
            ],
            [
              -73.007374,
              43.152508
            ],
            [
              -73.008269,
              43.154131
            ],
            [
              -73.006964,
              43.154972
            ],
            [
              -72.997744,
              43.170051
            ],
            [
              -72.998208,
              43.17227
            ],
            [
              -72.997252,
              43.175166
            ],
            [
              -72.994841,
              43.176695
            ],
            [
              -72.993502,
              43.184933
            ],
            [
              -72.990838,
              43.188952
            ],
            [
              -72.986378,
              43.191548
            ],
            [
              -72.983687,
              43.195701
            ],
            [
              -72.980778,
              43.197118
            ],
            [
              -72.979514,
              43.200368
            ],
            [
              -72.977349,
              43.199168
            ],
            [
              -72.973449,
              43.200653
            ],
            [
              -72.970812,
              43.206887
            ],
            [
              -72.968927,
              43.207384
            ],
            [
              -72.968695,
              43.21086
            ],
            [
              -72.96377,
              43.216914
            ],
            [
              -72.961489,
              43.217494
            ],
            [
              -72.959598,
              43.219626
            ],
            [
              -72.954283,
              43.221058
            ],
            [
              -72.951388,
              43.220474
            ],
            [
              -72.949584,
              43.221509
            ],
            [
              -72.949482,
              43.223569
            ],
            [
              -72.947412,
              43.225419
            ],
            [
              -72.947563,
              43.226227
            ],
            [
              -72.944974,
              43.227829
            ],
            [
              -72.940165,
              43.22812
            ],
            [
              -72.93729,
              43.231067
            ],
            [
              -72.936422,
              43.233694
            ],
            [
              -72.935998,
              43.243289
            ],
            [
              -72.937754,
              43.246639
            ],
            [
              -72.937624,
              43.248627
            ],
            [
              -72.935719,
              43.250641
            ],
            [
              -72.936088,
              43.252435
            ],
            [
              -72.935377,
              43.252584
            ],
            [
              -72.938001,
              43.25531
            ],
            [
              -72.937611,
              43.256492
            ],
            [
              -72.9405,
              43.260762
            ],
            [
              -72.939653,
              43.263408
            ],
            [
              -72.942187,
              43.266731
            ],
            [
              -72.941504,
              43.267394
            ],
            [
              -72.942782,
              43.267098
            ],
            [
              -72.943198,
              43.268807
            ],
            [
              -72.941914,
              43.27085
            ],
            [
              -72.938075,
              43.273455
            ],
            [
              -72.938116,
              43.275928
            ],
            [
              -72.936778,
              43.277858
            ],
            [
              -72.939086,
              43.284436
            ],
            [
              -72.938465,
              43.28764
            ],
            [
              -72.939223,
              43.291232
            ],
            [
              -72.936395,
              43.296143
            ],
            [
              -72.937106,
              43.297344
            ],
            [
              -72.944209,
              43.295995
            ],
            [
              -72.945889,
              43.296886
            ],
            [
              -72.945937,
              43.297845
            ],
            [
              -72.950451,
              43.301357
            ],
            [
              -72.956572,
              43.301498
            ],
            [
              -72.95748,
              43.302689
            ],
            [
              -72.95836,
              43.308945
            ],
            [
              -72.953409,
              43.3128
            ],
            [
              -72.952678,
              43.316835
            ],
            [
              -72.956626,
              43.321826
            ],
            [
              -72.962527,
              43.321652
            ],
            [
              -72.965403,
              43.323599
            ],
            [
              -72.96097,
              43.326212
            ],
            [
              -72.959072,
              43.330518
            ],
            [
              -72.960342,
              43.333657
            ],
            [
              -72.958798,
              43.336402
            ],
            [
              -72.957732,
              43.336901
            ],
            [
              -72.95804,
              43.339936
            ],
            [
              -72.956626,
              43.342689
            ],
            [
              -72.952324,
              43.345502
            ],
            [
              -72.952227,
              43.351002
            ],
            [
              -72.949304,
              43.358522
            ],
            [
              -72.949455,
              43.36042
            ],
            [
              -72.948259,
              43.361506
            ],
            [
              -72.943239,
              43.361385
            ],
            [
              -72.941955,
              43.36219
            ],
            [
              -72.943102,
              43.363255
            ],
            [
              -72.945063,
              43.363241
            ],
            [
              -72.948703,
              43.365562
            ],
            [
              -72.959591,
              43.367445
            ],
            [
              -72.962431,
              43.373371
            ],
            [
              -72.960505,
              43.374908
            ],
            [
              -72.961489,
              43.377915
            ],
            [
              -72.960178,
              43.381448
            ],
            [
              -72.957344,
              43.384008
            ],
            [
              -72.955362,
              43.389718
            ],
            [
              -72.954714,
              43.395586
            ],
            [
              -72.955472,
              43.398872
            ],
            [
              -72.953928,
              43.401163
            ],
            [
              -72.954802,
              43.402075
            ],
            [
              -72.953751,
              43.403852
            ],
            [
              -72.94272,
              43.410691
            ],
            [
              -72.937829,
              43.411526
            ],
            [
              -72.937413,
              43.41566
            ],
            [
              -72.938758,
              43.416756
            ],
            [
              -72.943006,
              43.417499
            ],
            [
              -72.945315,
              43.418796
            ],
            [
              -72.946135,
              43.42144
            ],
            [
              -72.944469,
              43.429266
            ],
            [
              -72.942255,
              43.433296
            ],
            [
              -72.943874,
              43.433393
            ],
            [
              -72.945103,
              43.435126
            ],
            [
              -72.945172,
              43.437617
            ],
            [
              -72.942549,
              43.442909
            ],
            [
              -72.940234,
              43.443223
            ],
            [
              -72.93755,
              43.442531
            ],
            [
              -72.933683,
              43.44469
            ],
            [
              -72.936477,
              43.445942
            ],
            [
              -72.937002,
              43.447541
            ],
            [
              -72.936395,
              43.447611
            ],
            [
              -72.937686,
              43.448467
            ],
            [
              -72.936579,
              43.448627
            ],
            [
              -72.93787,
              43.449276
            ],
            [
              -72.938116,
              43.450834
            ],
            [
              -72.936087,
              43.452251
            ],
            [
              -72.935603,
              43.455061
            ],
            [
              -72.932392,
              43.456984
            ],
            [
              -72.934216,
              43.456868
            ],
            [
              -72.933055,
              43.457635
            ],
            [
              -72.935985,
              43.460443
            ],
            [
              -72.934039,
              43.46374
            ],
            [
              -72.93565,
              43.464367
            ],
            [
              -72.935303,
              43.465532
            ],
            [
              -72.93604,
              43.465347
            ],
            [
              -72.935807,
              43.466594
            ],
            [
              -72.936511,
              43.466404
            ],
            [
              -72.938725,
              43.468871
            ],
            [
              -72.938369,
              43.4741
            ],
            [
              -72.937139,
              43.474501
            ],
            [
              -72.937153,
              43.47637
            ],
            [
              -72.93619,
              43.477131
            ],
            [
              -72.935766,
              43.476574
            ],
            [
              -72.935083,
              43.477413
            ],
            [
              -72.933874,
              43.476437
            ],
            [
              -72.932304,
              43.477111
            ],
            [
              -72.929182,
              43.481804
            ],
            [
              -72.925788,
              43.483214
            ],
            [
              -72.926334,
              43.484165
            ],
            [
              -72.924162,
              43.490334
            ],
            [
              -72.925944,
              43.492455
            ],
            [
              -72.924872,
              43.493944
            ],
            [
              -72.92548,
              43.494473
            ],
            [
              -72.924415,
              43.49946
            ],
            [
              -72.927318,
              43.502151
            ],
            [
              -72.926136,
              43.50352
            ],
            [
              -72.927004,
              43.507736
            ],
            [
              -72.926238,
              43.509361
            ],
            [
              -72.927523,
              43.512585
            ],
            [
              -72.925487,
              43.518401
            ],
            [
              -72.925521,
              43.52077
            ],
            [
              -72.92201,
              43.526239
            ],
            [
              -72.92197,
              43.525617
            ],
            [
              -72.92046,
              43.525292
            ],
            [
              -72.918418,
              43.526241
            ],
            [
              -72.914668,
              43.525628
            ],
            [
              -72.913028,
              43.524297
            ],
            [
              -72.905905,
              43.525351
            ],
            [
              -72.905837,
              43.524913
            ],
            [
              -72.903924,
              43.527048
            ],
            [
              -72.898337,
              43.528106
            ],
            [
              -72.894813,
              43.527735
            ],
            [
              -72.889956,
              43.531063
            ],
            [
              -72.889841,
              43.532519
            ],
            [
              -72.883721,
              43.530709
            ],
            [
              -72.88275,
              43.531497
            ],
            [
              -72.875688,
              43.533167
            ],
            [
              -72.875559,
              43.532705
            ],
            [
              -72.874267,
              43.533199
            ],
            [
              -72.874015,
              43.534774
            ],
            [
              -72.872956,
              43.535263
            ],
            [
              -72.872253,
              43.537758
            ],
            [
              -72.871453,
              43.537099
            ],
            [
              -72.868714,
              43.539087
            ],
            [
              -72.859009,
              43.540842
            ],
            [
              -72.859501,
              43.54109
            ],
            [
              -72.857117,
              43.5429
            ],
            [
              -72.855983,
              43.546196
            ],
            [
              -72.85683,
              43.547185
            ],
            [
              -72.856352,
              43.552889
            ],
            [
              -72.854385,
              43.554252
            ],
            [
              -72.85252,
              43.557292
            ],
            [
              -72.853176,
              43.557169
            ],
            [
              -72.852043,
              43.562433
            ],
            [
              -72.849461,
              43.56477
            ],
            [
              -72.847828,
              43.564785
            ],
            [
              -72.843231,
              43.566728
            ],
            [
              -72.8372,
              43.571454
            ],
            [
              -72.836066,
              43.575979
            ],
            [
              -72.834195,
              43.577925
            ],
            [
              -72.824981,
              43.583418
            ],
            [
              -72.822604,
              43.586816
            ],
            [
              -72.817311,
              43.589552
            ],
            [
              -72.820213,
              43.589432
            ],
            [
              -72.820644,
              43.590709
            ],
            [
              -72.821983,
              43.590897
            ],
            [
              -72.823738,
              43.59383
            ],
            [
              -72.821088,
              43.597493
            ],
            [
              -72.822392,
              43.60021
            ],
            [
              -72.821921,
              43.601493
            ],
            [
              -72.822925,
              43.602098
            ],
            [
              -72.822317,
              43.605859
            ],
            [
              -72.8241,
              43.606905
            ],
            [
              -72.82397,
              43.609172
            ],
            [
              -72.822249,
              43.610044
            ],
            [
              -72.820391,
              43.612732
            ],
            [
              -72.821292,
              43.616067
            ],
            [
              -72.820343,
              43.617449
            ],
            [
              -72.820644,
              43.619008
            ],
            [
              -72.821928,
              43.61987
            ],
            [
              -72.821122,
              43.62071
            ],
            [
              -72.826081,
              43.623807
            ],
            [
              -72.826183,
              43.627861
            ],
            [
              -72.830548,
              43.634143
            ],
            [
              -72.834529,
              43.636753
            ],
            [
              -72.836381,
              43.637112
            ],
            [
              -72.839754,
              43.636573
            ],
            [
              -72.844078,
              43.637911
            ],
            [
              -72.845738,
              43.639612
            ],
            [
              -72.845608,
              43.641766
            ],
            [
              -72.846264,
              43.641436
            ],
            [
              -72.847145,
              43.643267
            ],
            [
              -72.851018,
              43.645942
            ],
            [
              -72.852534,
              43.645624
            ],
            [
              -72.853012,
              43.647164
            ],
            [
              -72.854966,
              43.648731
            ],
            [
              -72.855328,
              43.648238
            ],
            [
              -72.855635,
              43.649396
            ],
            [
              -72.853798,
              43.65146
            ],
            [
              -72.855437,
              43.652638
            ],
            [
              -72.852008,
              43.657026
            ],
            [
              -72.853012,
              43.662664
            ],
            [
              -72.85153,
              43.663757
            ],
            [
              -72.850649,
              43.666383
            ],
            [
              -72.849911,
              43.666558
            ],
            [
              -72.848805,
              43.67225
            ],
            [
              -72.845226,
              43.674758
            ],
            [
              -72.840622,
              43.674207
            ],
            [
              -72.835172,
              43.675504
            ],
            [
              -72.830199,
              43.671259
            ],
            [
              -72.828901,
              43.670964
            ],
            [
              -72.827659,
              43.668829
            ],
            [
              -72.824094,
              43.669405
            ],
            [
              -72.821286,
              43.668325
            ],
            [
              -72.819346,
              43.670269
            ],
            [
              -72.819578,
              43.671142
            ],
            [
              -72.813834,
              43.675228
            ],
            [
              -72.81033,
              43.674985
            ],
            [
              -72.807708,
              43.673594
            ],
            [
              -72.806362,
              43.674545
            ],
            [
              -72.800488,
              43.672244
            ],
            [
              -72.796233,
              43.673548
            ],
            [
              -72.791923,
              43.673245
            ],
            [
              -72.786131,
              43.675091
            ],
            [
              -72.787818,
              43.679783
            ],
            [
              -72.784007,
              43.676535
            ],
            [
              -72.782927,
              43.677847
            ],
            [
              -72.78124,
              43.678368
            ],
            [
              -72.780517,
              43.68024
            ]
          ],
          [
            [
              -72.779963,
              43.679387
            ],
            [
              -72.779185,
              43.679899
            ],
            [
              -72.777483,
              43.679272
            ],
            [
              -72.773508,
              43.680671
            ],
            [
              -72.773632,
              43.681169
            ],
            [
              -72.772396,
              43.681239
            ],
            [
              -72.771993,
              43.683014
            ],
            [
              -72.770866,
              43.683267
            ],
            [
              -72.772163,
              43.686092
            ],
            [
              -72.769069,
              43.689066
            ],
            [
              -72.760525,
              43.692185
            ],
            [
              -72.757683,
              43.694133
            ],
            [
              -72.755661,
              43.694476
            ],
            [
              -72.749275,
              43.690096
            ],
            [
              -72.745375,
              43.691536
            ],
            [
              -72.740478,
              43.690975
            ],
            [
              -72.739931,
              43.69209
            ],
            [
              -72.73474,
              43.693563
            ],
            [
              -72.729843,
              43.692093
            ],
            [
              -72.726797,
              43.69286
            ],
            [
              -72.724646,
              43.69153
            ],
            [
              -72.720746,
              43.691578
            ],
            [
              -72.71981,
              43.690772
            ],
            [
              -72.717399,
              43.692434
            ],
            [
              -72.716299,
              43.691192
            ],
            [
              -72.716682,
              43.690129
            ],
            [
              -72.712788,
              43.688723
            ],
            [
              -72.704578,
              43.687496
            ],
            [
              -72.702522,
              43.686198
            ],
            [
              -72.700542,
              43.685942
            ],
            [
              -72.696997,
              43.686848
            ],
            [
              -72.695324,
              43.685738
            ],
            [
              -72.689689,
              43.687817
            ],
            [
              -72.689299,
              43.688984
            ],
            [
              -72.687523,
              43.690145
            ],
            [
              -72.688903,
              43.692109
            ],
            [
              -72.686492,
              43.692155
            ],
            [
              -72.684525,
              43.693006
            ],
            [
              -72.681984,
              43.691793
            ],
            [
              -72.680058,
              43.69229
            ],
            [
              -72.677483,
              43.69086
            ],
            [
              -72.678002,
              43.690173
            ],
            [
              -72.676308,
              43.690021
            ],
            [
              -72.675331,
              43.69065
            ],
            [
              -72.675475,
              43.689734
            ],
            [
              -72.674382,
              43.68982
            ],
            [
              -72.670175,
              43.685849
            ],
            [
              -72.668528,
              43.686117
            ],
            [
              -72.668549,
              43.685636
            ],
            [
              -72.666794,
              43.685974
            ],
            [
              -72.666657,
              43.684265
            ],
            [
              -72.665871,
              43.684285
            ],
            [
              -72.665544,
              43.683247
            ],
            [
              -72.664035,
              43.68328
            ],
            [
              -72.663412,
              43.682011
            ],
            [
              -72.661166,
              43.68255
            ],
            [
              -72.658392,
              43.681597
            ],
            [
              -72.651453,
              43.682112
            ],
            [
              -72.648742,
              43.679076
            ],
            [
              -72.646256,
              43.67835
            ],
            [
              -72.644917,
              43.678943
            ],
            [
              -72.639834,
              43.677718
            ],
            [
              -72.640942,
              43.675958
            ],
            [
              -72.639385,
              43.670879
            ],
            [
              -72.636222,
              43.669188
            ],
            [
              -72.635245,
              43.66784
            ],
            [
              -72.637505,
              43.665429
            ],
            [
              -72.637683,
              43.664145
            ],
            [
              -72.63338,
              43.660112
            ],
            [
              -72.631564,
              43.65971
            ],
            [
              -72.630232,
              43.658192
            ],
            [
              -72.629146,
              43.658697
            ],
            [
              -72.625253,
              43.658553
            ],
            [
              -72.624536,
              43.659303
            ],
            [
              -72.621728,
              43.659443
            ],
            [
              -72.620683,
              43.660506
            ],
            [
              -72.612446,
              43.660519
            ],
            [
              -72.604926,
              43.657782
            ],
            [
              -72.604086,
              43.659398
            ],
            [
              -72.602911,
              43.658581
            ],
            [
              -72.598103,
              43.659957
            ],
            [
              -72.586915,
              43.656728
            ],
            [
              -72.584087,
              43.654246
            ],
            [
              -72.582981,
              43.654249
            ],
            [
              -72.58242,
              43.653324
            ],
            [
              -72.580037,
              43.654201
            ],
            [
              -72.579374,
              43.655825
            ],
            [
              -72.577304,
              43.655624
            ],
            [
              -72.574272,
              43.656797
            ],
            [
              -72.572517,
              43.654388
            ],
            [
              -72.57128,
              43.654758
            ],
            [
              -72.570645,
              43.654181
            ],
            [
              -72.566321,
              43.654751
            ],
            [
              -72.566178,
              43.65527
            ],
            [
              -72.565598,
              43.654646
            ],
            [
              -72.563023,
              43.65753
            ],
            [
              -72.561615,
              43.657856
            ],
            [
              -72.563507,
              43.660805
            ],
            [
              -72.561854,
              43.662858
            ],
            [
              -72.562538,
              43.666735
            ],
            [
              -72.561807,
              43.667751
            ],
            [
              -72.558768,
              43.668447
            ],
            [
              -72.559027,
              43.667651
            ],
            [
              -72.554177,
              43.667065
            ],
            [
              -72.553467,
              43.667653
            ],
            [
              -72.554157,
              43.668834
            ],
            [
              -72.55318,
              43.668548
            ],
            [
              -72.554089,
              43.671952
            ],
            [
              -72.550045,
              43.675881
            ],
            [
              -72.547607,
              43.674825
            ],
            [
              -72.543666,
              43.675056
            ],
            [
              -72.542579,
              43.674492
            ],
            [
              -72.540312,
              43.675483
            ],
            [
              -72.538215,
              43.678598
            ],
            [
              -72.5373,
              43.678754
            ],
            [
              -72.536323,
              43.684986
            ],
            [
              -72.534637,
              43.685026
            ],
            [
              -72.531625,
              43.682238
            ],
            [
              -72.52657,
              43.680769
            ],
            [
              -72.527096,
              43.680001
            ],
            [
              -72.523578,
              43.679259
            ],
            [
              -72.522308,
              43.67793
            ],
            [
              -72.518668,
              43.677297
            ],
            [
              -72.514706,
              43.679642
            ],
            [
              -72.51364,
              43.68119
            ],
            [
              -72.514146,
              43.683083
            ],
            [
              -72.511872,
              43.685771
            ],
            [
              -72.510409,
              43.684757
            ],
            [
              -72.507951,
              43.687977
            ],
            [
              -72.503907,
              43.686565
            ],
            [
              -72.50203,
              43.687366
            ],
            [
              -72.501954,
              43.686887
            ],
            [
              -72.501374,
              43.687324
            ],
            [
              -72.501142,
              43.686792
            ],
            [
              -72.500499,
              43.687134
            ],
            [
              -72.498375,
              43.686358
            ],
            [
              -72.498075,
              43.687126
            ],
            [
              -72.497405,
              43.686792
            ],
            [
              -72.493546,
              43.687801
            ],
            [
              -72.485883,
              43.686764
            ],
            [
              -72.482201,
              43.688479
            ],
            [
              -72.479797,
              43.690875
            ],
            [
              -72.479079,
              43.690764
            ],
            [
              -72.477789,
              43.693343
            ],
            [
              -72.478349,
              43.695835
            ],
            [
              -72.477174,
              43.696633
            ],
            [
              -72.474333,
              43.696566
            ],
            [
              -72.47393,
              43.698016
            ],
            [
              -72.472673,
              43.698501
            ],
            [
              -72.470931,
              43.702456
            ],
            [
              -72.469483,
              43.703211
            ],
            [
              -72.467625,
              43.701707
            ],
            [
              -72.46656,
              43.702287
            ],
            [
              -72.466416,
              43.70399
            ],
            [
              -72.464825,
              43.704306
            ],
            [
              -72.46335,
              43.705943
            ],
            [
              -72.463808,
              43.705323
            ],
            [
              -72.460201,
              43.704653
            ],
            [
              -72.458097,
              43.705489
            ],
            [
              -72.455919,
              43.704517
            ],
            [
              -72.453132,
              43.705797
            ],
            [
              -72.452941,
              43.708453
            ],
            [
              -72.451746,
              43.70921
            ],
            [
              -72.448692,
              43.708363
            ],
            [
              -72.448986,
              43.707806
            ],
            [
              -72.445632,
              43.70639
            ],
            [
              -72.439752,
              43.701257
            ],
            [
              -72.439492,
              43.699941
            ],
            [
              -72.437416,
              43.70292
            ],
            [
              -72.437621,
              43.704216
            ],
            [
              -72.434868,
              43.706509
            ],
            [
              -72.433386,
              43.706395
            ],
            [
              -72.433836,
              43.707328
            ],
            [
              -72.43288,
              43.707594
            ],
            [
              -72.433229,
              43.710146
            ],
            [
              -72.431985,
              43.710982
            ],
            [
              -72.430851,
              43.710691
            ],
            [
              -72.430988,
              43.711504
            ],
            [
              -72.427696,
              43.710894
            ],
            [
              -72.426713,
              43.710098
            ],
            [
              -72.424342,
              43.710652
            ],
            [
              -72.422799,
              43.710064
            ],
            [
              -72.421077,
              43.711353
            ],
            [
              -72.417075,
              43.712563
            ],
            [
              -72.416474,
              43.713549
            ],
            [
              -72.417185,
              43.71759
            ],
            [
              -72.413339,
              43.720852
            ],
            [
              -72.407616,
              43.721339
            ],
            [
              -72.400246,
              43.71852
            ],
            [
              -72.398886,
              43.718863
            ],
            [
              -72.398061,
              43.717575
            ],
            [
              -72.393401,
              43.718711
            ],
            [
              -72.388997,
              43.723801
            ],
            [
              -72.389276,
              43.724518
            ],
            [
              -72.386687,
              43.725022
            ],
            [
              -72.386579,
              43.725749
            ],
            [
              -72.379625,
              43.728169
            ],
            [
              -72.373437,
              43.726127
            ],
            [
              -72.372208,
              43.726783
            ],
            [
              -72.37037,
              43.726516
            ],
            [
              -72.369257,
              43.727138
            ],
            [
              -72.363977,
              43.724784
            ],
            [
              -72.363554,
              43.723545
            ],
            [
              -72.361183,
              43.723315
            ],
            [
              -72.36061,
              43.719119
            ],
            [
              -72.358773,
              43.717339
            ],
            [
              -72.353568,
              43.717435
            ],
            [
              -72.352571,
              43.716102
            ],
            [
              -72.350939,
              43.716244
            ],
            [
              -72.349968,
              43.715078
            ],
            [
              -72.348999,
              43.715564
            ],
            [
              -72.348323,
              43.714734
            ],
            [
              -72.341165,
              43.713491
            ],
            [
              -72.340276,
              43.712458
            ],
            [
              -72.337093,
              43.711969
            ],
            [
              -72.333753,
              43.70694
            ],
            [
              -72.331636,
              43.707624
            ],
            [
              -72.330086,
              43.706597
            ],
            [
              -72.327675,
              43.708044
            ],
            [
              -72.3273,
              43.709121
            ],
            [
              -72.326008,
              43.709144
            ],
            [
              -72.325735,
              43.71133
            ],
            [
              -72.323563,
              43.711568
            ],
            [
              -72.322381,
              43.710396
            ],
            [
              -72.317498,
              43.708801
            ],
            [
              -72.308236,
              43.713053
            ],
            [
              -72.305894,
              43.705124
            ],
            [
              -72.296959,
              43.702752
            ],
            [
              -72.288019,
              43.702311
            ],
            [
              -72.282377,
              43.703766
            ],
            [
              -72.280519,
              43.696816
            ],
            [
              -72.269482,
              43.699717
            ],
            [
              -72.267084,
              43.699489
            ],
            [
              -72.26438,
              43.700172
            ],
            [
              -72.261436,
              43.704387
            ],
            [
              -72.259818,
              43.70424
            ],
            [
              -72.257256,
              43.705394
            ],
            [
              -72.254906,
              43.703951
            ],
            [
              -72.252871,
              43.704325
            ],
            [
              -72.253014,
              43.702262
            ],
            [
              -72.25229,
              43.701669
            ],
            [
              -72.250091,
              43.70234
            ],
            [
              -72.250022,
              43.701002
            ],
            [
              -72.242045,
              43.703056
            ],
            [
              -72.236881,
              43.702026
            ],
            [
              -72.229149,
              43.704941
            ],
            [
              -72.226943,
              43.702555
            ],
            [
              -72.223542,
              43.703679
            ],
            [
              -72.218781,
              43.707759
            ],
            [
              -72.215359,
              43.707167
            ],
            [
              -72.213385,
              43.706083
            ],
            [
              -72.212409,
              43.703696
            ],
            [
              -72.208256,
              43.704139
            ],
            [
              -72.205435,
              43.703269
            ],
            [
              -72.20157,
              43.704205
            ],
            [
              -72.199609,
              43.708096
            ],
            [
              -72.193155,
              43.709266
            ],
            [
              -72.192232,
              43.708824
            ],
            [
              -72.189998,
              43.710858
            ],
            [
              -72.185054,
              43.712956
            ],
            [
              -72.182137,
              43.715751
            ],
            [
              -72.174706,
              43.718467
            ],
            [
              -72.170389,
              43.716703
            ],
            [
              -72.168764,
              43.716717
            ],
            [
              -72.167466,
              43.717743
            ],
            [
              -72.159959,
              43.717102
            ],
            [
              -72.155165,
              43.717406
            ],
            [
              -72.152849,
              43.718892
            ],
            [
              -72.14927,
              43.719154
            ],
            [
              -72.146483,
              43.720201
            ],
            [
              -72.149229,
              43.722097
            ],
            [
              -72.150664,
              43.724532
            ],
            [
              -72.149981,
              43.726599
            ],
            [
              -72.15164,
              43.727343
            ],
            [
              -72.147577,
              43.730834
            ],
            [
              -72.138929,
              43.735633
            ],
            [
              -72.136648,
              43.738664
            ],
            [
              -72.137194,
              43.739857
            ],
            [
              -72.134462,
              43.744556
            ],
            [
              -72.134169,
              43.748195
            ],
            [
              -72.13242,
              43.751041
            ],
            [
              -72.131334,
              43.750194
            ],
            [
              -72.126799,
              43.749959
            ],
            [
              -72.124491,
              43.752939
            ],
            [
              -72.125077,
              43.75421
            ],
            [
              -72.122694,
              43.759475
            ],
            [
              -72.12292,
              43.761115
            ],
            [
              -72.121205,
              43.761761
            ],
            [
              -72.121184,
              43.764254
            ],
            [
              -72.119142,
              43.764855
            ],
            [
              -72.113999,
              43.771109
            ],
            [
              -72.10831,
              43.772802
            ],
            [
              -72.106288,
              43.774776
            ],
            [
              -72.107941,
              43.778221
            ],
            [
              -72.107791,
              43.786262
            ],
            [
              -72.106124,
              43.790213
            ],
            [
              -72.103235,
              43.792485
            ],
            [
              -72.09939,
              43.792824
            ],
            [
              -72.095735,
              43.791601
            ],
            [
              -72.092033,
              43.793326
            ],
            [
              -72.087061,
              43.794369
            ],
            [
              -72.079172,
              43.794708
            ],
            [
              -72.078031,
              43.795755
            ],
            [
              -72.071536,
              43.796939
            ],
            [
              -72.066925,
              43.804077
            ],
            [
              -72.066905,
              43.80558
            ],
            [
              -72.065095,
              43.807249
            ],
            [
              -72.063094,
              43.807616
            ],
            [
              -72.06097,
              43.81354
            ],
            [
              -72.060847,
              43.820582
            ],
            [
              -72.054522,
              43.824024
            ],
            [
              -72.052398,
              43.823961
            ],
            [
              -72.044701,
              43.826553
            ],
            [
              -72.044645,
              43.827803
            ],
            [
              -72.042201,
              43.825232
            ],
            [
              -72.04205,
              43.826264
            ],
            [
              -72.041224,
              43.825585
            ],
            [
              -72.034981,
              43.824509
            ],
            [
              -72.032283,
              43.825389
            ],
            [
              -72.030541,
              43.827095
            ],
            [
              -72.030937,
              43.829405
            ],
            [
              -72.029093,
              43.840652
            ],
            [
              -72.029701,
              43.842392
            ],
            [
              -72.029052,
              43.847862
            ],
            [
              -72.03382,
              43.85482
            ],
            [
              -72.036299,
              43.857095
            ],
            [
              -72.039796,
              43.858401
            ],
            [
              -72.04054,
              43.861207
            ],
            [
              -72.035479,
              43.866437
            ],
            [
              -72.035999,
              43.86821
            ],
            [
              -72.03537,
              43.86936
            ],
            [
              -72.033902,
              43.86952
            ],
            [
              -72.032304,
              43.867493
            ],
            [
              -72.029735,
              43.867719
            ],
            [
              -72.030289,
              43.869232
            ],
            [
              -72.029223,
              43.871735
            ],
            [
              -72.030473,
              43.873761
            ],
            [
              -72.02953,
              43.874759
            ],
            [
              -72.032966,
              43.877765
            ],
            [
              -72.02798,
              43.881925
            ],
            [
              -72.027324,
              43.883335
            ],
            [
              -72.021805,
              43.886883
            ],
            [
              -72.020583,
              43.886666
            ],
            [
              -72.019251,
              43.884669
            ],
            [
              -72.017673,
              43.885942
            ],
            [
              -72.018828,
              43.88857
            ],
            [
              -72.010583,
              43.888539
            ],
            [
              -72.005823,
              43.884993
            ],
            [
              -72.004245,
              43.886068
            ],
            [
              -72.002387,
              43.884439
            ],
            [
              -72.000406,
              43.885616
            ],
            [
              -71.99997,
              43.886353
            ],
            [
              -71.99626,
              43.890534
            ],
            [
              -71.994047,
              43.891821
            ],
            [
              -71.989116,
              43.896865
            ],
            [
              -71.988884,
              43.898231
            ],
            [
              -71.985762,
              43.900212
            ],
            [
              -71.985298,
              43.901287
            ],
            [
              -71.982026,
              43.900918
            ],
            [
              -71.979799,
              43.901989
            ],
            [
              -71.976938,
              43.906705
            ],
            [
              -71.976405,
              43.909365
            ],
            [
              -71.971713,
              43.914831
            ],
            [
              -71.969042,
              43.914036
            ],
            [
              -71.9645,
              43.915649
            ],
            [
              -71.96116,
              43.917833
            ],
            [
              -71.959985,
              43.920614
            ],
            [
              -71.955498,
              43.925768
            ],
            [
              -71.955368,
              43.932789
            ],
            [
              -71.954439,
              43.93424
            ],
            [
              -71.95504,
              43.935561
            ],
            [
              -71.953996,
              43.93756
            ],
            [
              -71.951789,
              43.939013
            ],
            [
              -71.950164,
              43.938573
            ],
            [
              -71.950204,
              43.945131
            ],
            [
              -71.948729,
              43.948739
            ],
            [
              -71.945908,
              43.950027
            ],
            [
              -71.945635,
              43.95341
            ],
            [
              -71.94375,
              43.954246
            ],
            [
              -71.94377,
              43.957717
            ],
            [
              -71.939194,
              43.961899
            ],
            [
              -71.938593,
              43.966799
            ],
            [
              -71.934113,
              43.970687
            ],
            [
              -71.933191,
              43.973992
            ],
            [
              -71.929734,
              43.977047
            ],
            [
              -71.928553,
              43.979211
            ],
            [
              -71.926989,
              43.979386
            ],
            [
              -71.928218,
              43.98179
            ],
            [
              -71.927904,
              43.983405
            ],
            [
              -71.924987,
              43.983957
            ],
            [
              -71.923137,
              43.985499
            ],
            [
              -71.918513,
              43.987036
            ],
            [
              -71.914333,
              43.985414
            ],
            [
              -71.91091,
              43.985339
            ],
            [
              -71.907236,
              43.98794
            ],
            [
              -71.903199,
              43.986206
            ],
            [
              -71.901977,
              43.983842
            ],
            [
              -71.899224,
              43.986658
            ],
            [
              -71.899798,
              43.988597
            ],
            [
              -71.899169,
              43.989536
            ],
            [
              -71.899791,
              43.990448
            ],
            [
              -71.893794,
              43.990127
            ],
            [
              -71.891014,
              43.990639
            ],
            [
              -71.889765,
              43.995392
            ],
            [
              -71.886499,
              43.997793
            ],
            [
              -71.882121,
              43.997922
            ],
            [
              -71.878631,
              43.996988
            ],
            [
              -71.875571,
              43.997371
            ],
            [
              -71.875011,
              43.99847
            ],
            [
              -71.871371,
              44.000255
            ],
            [
              -71.866488,
              44.000391
            ],
            [
              -71.863277,
              43.999292
            ],
            [
              -71.85866,
              44.000389
            ],
            [
              -71.849781,
              44.005626
            ],
            [
              -71.849316,
              44.010319
            ],
            [
              -71.847772,
              44.011528
            ],
            [
              -71.842315,
              44.011583
            ],
            [
              -71.839904,
              44.013038
            ],
            [
              -71.837814,
              44.01896
            ],
            [
              -71.831257,
              44.023454
            ],
            [
              -71.830219,
              44.026072
            ],
            [
              -71.8314,
              44.027771
            ],
            [
              -71.825984,
              44.031007
            ],
            [
              -71.825321,
              44.030605
            ],
            [
              -71.823443,
              44.032168
            ],
            [
              -71.823266,
              44.030503
            ],
            [
              -71.821298,
              44.029088
            ],
            [
              -71.816169,
              44.029593
            ],
            [
              -71.811729,
              44.02751
            ],
            [
              -71.810589,
              44.028484
            ],
            [
              -71.811169,
              44.031994
            ],
            [
              -71.80938,
              44.033024
            ],
            [
              -71.808178,
              44.035111
            ],
            [
              -71.797946,
              44.038239
            ],
            [
              -71.795296,
              44.038371
            ],
            [
              -71.794579,
              44.040252
            ],
            [
              -71.79171,
              44.040714
            ],
            [
              -71.790392,
              44.042218
            ],
            [
              -71.790043,
              44.041543
            ],
            [
              -71.785829,
              44.043329
            ],
            [
              -71.785255,
              44.042893
            ],
            [
              -71.782694,
              44.043554
            ],
            [
              -71.780761,
              44.045906
            ],
            [
              -71.773364,
              44.049755
            ],
            [
              -71.769587,
              44.050846
            ],
            [
              -71.767517,
              44.053916
            ],
            [
              -71.769054,
              44.056895
            ],
            [
              -71.768857,
              44.059754
            ],
            [
              -71.766315,
              44.061526
            ],
            [
              -71.764574,
              44.065386
            ],
            [
              -71.760455,
              44.066894
            ],
            [
              -71.75844,
              44.074181
            ],
            [
              -71.756009,
              44.076162
            ],
            [
              -71.755558,
              44.075817
            ],
            [
              -71.752696,
              44.077016
            ],
            [
              -71.750688,
              44.075804
            ],
            [
              -71.752854,
              44.080569
            ],
            [
              -71.75204,
              44.083325
            ],
            [
              -71.753748,
              44.08472
            ],
            [
              -71.753632,
              44.089004
            ],
            [
              -71.752109,
              44.091683
            ],
            [
              -71.756419,
              44.092794
            ],
            [
              -71.755251,
              44.096289
            ],
            [
              -71.748912,
              44.100034
            ],
            [
              -71.745463,
              44.099599
            ],
            [
              -71.741345,
              44.100526
            ],
            [
              -71.741153,
              44.104753
            ],
            [
              -71.740388,
              44.10524
            ],
            [
              -71.740381,
              44.109008
            ],
            [
              -71.741112,
              44.109247
            ],
            [
              -71.740204,
              44.112253
            ],
            [
              -71.742915,
              44.113917
            ],
            [
              -71.744404,
              44.113602
            ],
            [
              -71.743106,
              44.115123
            ],
            [
              -71.740853,
              44.121533
            ],
            [
              -71.736591,
              44.122972
            ],
            [
              -71.735293,
              44.126659
            ],
            [
              -71.73642,
              44.127716
            ],
            [
              -71.736782,
              44.133389
            ],
            [
              -71.734562,
              44.137966
            ],
            [
              -71.725717,
              44.138956
            ],
            [
              -71.723354,
              44.140295
            ],
            [
              -71.718545,
              44.140635
            ],
            [
              -71.71177,
              44.137767
            ],
            [
              -71.70927,
              44.138137
            ],
            [
              -71.706722,
              44.137234
            ],
            [
              -71.702583,
              44.138363
            ],
            [
              -71.701907,
              44.138037
            ],
            [
              -71.70692,
              44.133587
            ],
            [
              -71.703471,
              44.128393
            ],
            [
              -71.696163,
              44.126194
            ],
            [
              -71.693089,
              44.122418
            ],
            [
              -71.690221,
              44.120388
            ],
            [
              -71.688595,
              44.117153
            ],
            [
              -71.68671,
              44.11664
            ],
            [
              -71.684285,
              44.113591
            ],
            [
              -71.683376,
              44.110956
            ],
            [
              -71.681491,
              44.109551
            ],
            [
              -71.679927,
              44.110164
            ],
            [
              -71.677831,
              44.11399
            ]
          ],
          [
            [
              -71.673418,
              44.111284
            ],
            [
              -71.668364,
              44.112321
            ],
            [
              -71.667285,
              44.113264
            ],
            [
              -71.662647,
              44.110996
            ],
            [
              -71.66141,
              44.113046
            ],
            [
              -71.659594,
              44.113952
            ],
            [
              -71.657367,
              44.114027
            ],
            [
              -71.652156,
              44.116367
            ],
            [
              -71.651281,
              44.116
            ],
            [
              -71.647511,
              44.116732
            ],
            [
              -71.642778,
              44.118885
            ],
            [
              -71.646378,
              44.122659
            ],
            [
              -71.647415,
              44.127519
            ],
            [
              -71.648529,
              44.128984
            ],
            [
              -71.646678,
              44.132641
            ],
            [
              -71.647771,
              44.137563
            ],
            [
              -71.644977,
              44.140707
            ],
            [
              -71.643413,
              44.14407
            ],
            [
              -71.644575,
              44.147257
            ],
            [
              -71.64452,
              44.15343
            ],
            [
              -71.643481,
              44.155155
            ],
            [
              -71.644226,
              44.156565
            ],
            [
              -71.64411,
              44.164904
            ],
            [
              -71.64523,
              44.166652
            ],
            [
              -71.640988,
              44.173975
            ],
            [
              -71.639998,
              44.174115
            ],
            [
              -71.636173,
              44.177818
            ],
            [
              -71.63379,
              44.178566
            ],
            [
              -71.631924,
              44.180815
            ],
            [
              -71.628926,
              44.181631
            ],
            [
              -71.627711,
              44.182884
            ],
            [
              -71.62185,
              44.185134
            ],
            [
              -71.61976,
              44.186857
            ],
            [
              -71.611154,
              44.187315
            ],
            [
              -71.609159,
              44.189458
            ],
            [
              -71.603067,
              44.190349
            ],
            [
              -71.599768,
              44.189407
            ],
            [
              -71.598122,
              44.190493
            ],
            [
              -71.595076,
              44.190927
            ],
            [
              -71.592187,
              44.19355
            ],
            [
              -71.587262,
              44.193963
            ],
            [
              -71.585131,
              44.193057
            ],
            [
              -71.582911,
              44.193517
            ],
            [
              -71.580384,
              44.192228
            ],
            [
              -71.579127,
              44.190424
            ],
            [
              -71.573985,
              44.189023
            ],
            [
              -71.569879,
              44.189588
            ],
            [
              -71.568506,
              44.188215
            ],
            [
              -71.567496,
              44.188557
            ],
            [
              -71.555584,
              44.187163
            ],
            [
              -71.554689,
              44.187557
            ],
            [
              -71.551165,
              44.185228
            ],
            [
              -71.550174,
              44.180433
            ],
            [
              -71.54861,
              44.17851
            ],
            [
              -71.544655,
              44.176969
            ],
            [
              -71.542811,
              44.174475
            ],
            [
              -71.536828,
              44.171863
            ],
            [
              -71.535449,
              44.169917
            ],
            [
              -71.535571,
              44.168523
            ],
            [
              -71.534049,
              44.168098
            ],
            [
              -71.531862,
              44.168894
            ],
            [
              -71.531664,
              44.170811
            ],
            [
              -71.530086,
              44.170536
            ],
            [
              -71.527935,
              44.17134
            ],
            [
              -71.523762,
              44.177509
            ],
            [
              -71.521084,
              44.178896
            ],
            [
              -71.516659,
              44.178017
            ],
            [
              -71.511447,
              44.180112
            ],
            [
              -71.508824,
              44.183731
            ],
            [
              -71.506884,
              44.184412
            ],
            [
              -71.501017,
              44.183465
            ],
            [
              -71.49877,
              44.184073
            ],
            [
              -71.496243,
              44.183498
            ],
            [
              -71.497834,
              44.185997
            ],
            [
              -71.497609,
              44.190225
            ],
            [
              -71.495984,
              44.195054
            ],
            [
              -71.492992,
              44.196051
            ],
            [
              -71.490307,
              44.195606
            ],
            [
              -71.482733,
              44.185985
            ],
            [
              -71.47746,
              44.174467
            ],
            [
              -71.475117,
              44.17193
            ],
            [
              -71.469311,
              44.169737
            ],
            [
              -71.466914,
              44.169784
            ],
            [
              -71.464749,
              44.170691
            ],
            [
              -71.461115,
              44.169946
            ],
            [
              -71.459428,
              44.171053
            ],
            [
              -71.43971,
              44.175438
            ],
            [
              -71.437305,
              44.175268
            ],
            [
              -71.435085,
              44.176342
            ],
            [
              -71.431527,
              44.176634
            ],
            [
              -71.418768,
              44.173286
            ],
            [
              -71.416746,
              44.174382
            ],
            [
              -71.408953,
              44.175231
            ],
            [
              -71.407307,
              44.173519
            ],
            [
              -71.404527,
              44.172659
            ],
            [
              -71.393852,
              44.165353
            ],
            [
              -71.388183,
              44.165989
            ],
            [
              -71.387274,
              44.166841
            ],
            [
              -71.385874,
              44.166672
            ],
            [
              -71.386209,
              44.169654
            ],
            [
              -71.387466,
              44.170794
            ],
            [
              -71.385334,
              44.171833
            ],
            [
              -71.381482,
              44.171981
            ],
            [
              -71.37584,
              44.174169
            ],
            [
              -71.376291,
              44.174867
            ],
            [
              -71.373088,
              44.176932
            ],
            [
              -71.374952,
              44.177541
            ],
            [
              -71.379413,
              44.177534
            ],
            [
              -71.383463,
              44.179165
            ],
            [
              -71.382746,
              44.179945
            ],
            [
              -71.384249,
              44.181921
            ],
            [
              -71.38362,
              44.181975
            ],
            [
              -71.385198,
              44.185102
            ],
            [
              -71.384849,
              44.18628
            ],
            [
              -71.387636,
              44.192622
            ],
            [
              -71.388483,
              44.193023
            ],
            [
              -71.388415,
              44.194911
            ],
            [
              -71.389597,
              44.195642
            ],
            [
              -71.386202,
              44.196019
            ],
            [
              -71.384884,
              44.197469
            ],
            [
              -71.383729,
              44.197408
            ],
            [
              -71.380573,
              44.199779
            ],
            [
              -71.379167,
              44.199556
            ],
            [
              -71.375779,
              44.201049
            ],
            [
              -71.375232,
              44.202726
            ],
            [
              -71.376475,
              44.206756
            ],
            [
              -71.376079,
              44.209145
            ],
            [
              -71.377316,
              44.210461
            ],
            [
              -71.37608,
              44.213296
            ],
            [
              -71.376599,
              44.214293
            ],
            [
              -71.375758,
              44.217223
            ],
            [
              -71.3697,
              44.219195
            ],
            [
              -71.369256,
              44.220428
            ],
            [
              -71.370314,
              44.22082
            ],
            [
              -71.370253,
              44.222384
            ],
            [
              -71.366933,
              44.223952
            ],
            [
              -71.364707,
              44.227689
            ],
            [
              -71.363444,
              44.227675
            ],
            [
              -71.358737,
              44.231125
            ],
            [
              -71.356654,
              44.231056
            ],
            [
              -71.354441,
              44.232191
            ],
            [
              -71.354756,
              44.232752
            ],
            [
              -71.352092,
              44.234472
            ],
            [
              -71.350828,
              44.237235
            ],
            [
              -71.344633,
              44.242445
            ],
            [
              -71.339914,
              44.243937
            ],
            [
              -71.335727,
              44.248353
            ],
            [
              -71.332346,
              44.249129
            ],
            [
              -71.325529,
              44.253607
            ],
            [
              -71.32014,
              44.253172
            ],
            [
              -71.318316,
              44.255964
            ],
            [
              -71.319068,
              44.258573
            ],
            [
              -71.316267,
              44.259022
            ],
            [
              -71.30844,
              44.265059
            ],
            [
              -71.307655,
              44.269315
            ],
            [
              -71.305578,
              44.270825
            ],
            [
              -71.304615,
              44.274549
            ],
            [
              -71.308276,
              44.275236
            ],
            [
              -71.312251,
              44.277523
            ],
            [
              -71.316691,
              44.282101
            ],
            [
              -71.317832,
              44.287372
            ],
            [
              -71.316814,
              44.291263
            ],
            [
              -71.317845,
              44.293169
            ],
            [
              -71.316507,
              44.297981
            ],
            [
              -71.311473,
              44.30461
            ],
            [
              -71.3132,
              44.308712
            ],
            [
              -71.312565,
              44.310197
            ],
            [
              -71.311049,
              44.310925
            ],
            [
              -71.309642,
              44.313236
            ],
            [
              -71.306835,
              44.314594
            ],
            [
              -71.304608,
              44.316795
            ],
            [
              -71.301043,
              44.317871
            ],
            [
              -71.296569,
              44.320738
            ],
            [
              -71.295285,
              44.322614
            ],
            [
              -71.283537,
              44.327954
            ],
            [
              -71.278182,
              44.32812
            ],
            [
              -71.274173,
              44.329348
            ],
            [
              -71.271748,
              44.32931
            ],
            [
              -71.264986,
              44.324898
            ],
            [
              -71.261407,
              44.32153
            ],
            [
              -71.259666,
              44.316104
            ],
            [
              -71.257275,
              44.313874
            ],
            [
              -71.25774,
              44.312303
            ],
            [
              -71.256469,
              44.309559
            ],
            [
              -71.254946,
              44.308581
            ],
            [
              -71.261851,
              44.306806
            ],
            [
              -71.26127,
              44.305008
            ],
            [
              -71.263224,
              44.304447
            ],
            [
              -71.260123,
              44.298895
            ],
            [
              -71.255711,
              44.295233
            ],
            [
              -71.255923,
              44.287315
            ],
            [
              -71.254625,
              44.284613
            ],
            [
              -71.252152,
              44.283329
            ],
            [
              -71.253443,
              44.281634
            ],
            [
              -71.253293,
              44.280196
            ],
            [
              -71.254454,
              44.279273
            ],
            [
              -71.25343,
              44.278182
            ],
            [
              -71.253061,
              44.266062
            ],
            [
              -71.254973,
              44.264386
            ],
            [
              -71.252412,
              44.2598
            ],
            [
              -71.253211,
              44.257173
            ],
            [
              -71.251681,
              44.256024
            ],
            [
              -71.251872,
              44.252477
            ],
            [
              -71.250165,
              44.250332
            ],
            [
              -71.251394,
              44.24564
            ],
            [
              -71.248061,
              44.246534
            ],
            [
              -71.243601,
              44.246028
            ],
            [
              -71.241279,
              44.247842
            ],
            [
              -71.232802,
              44.247702
            ],
            [
              -71.230016,
              44.248508
            ],
            [
              -71.227024,
              44.247473
            ],
            [
              -71.226355,
              44.248314
            ],
            [
              -71.223329,
              44.249247
            ],
            [
              -71.22227,
              44.250271
            ],
            [
              -71.216219,
              44.251618
            ],
            [
              -71.213001,
              44.251585
            ],
            [
              -71.20818,
              44.250292
            ],
            [
              -71.202422,
              44.253347
            ],
            [
              -71.201206,
              44.257418
            ],
            [
              -71.201739,
              44.259766
            ],
            [
              -71.200816,
              44.260171
            ],
            [
              -71.201145,
              44.262717
            ],
            [
              -71.195407,
              44.261387
            ],
            [
              -71.19469,
              44.260069
            ],
            [
              -71.19146,
              44.260761
            ],
            [
              -71.187716,
              44.263596
            ],
            [
              -71.186152,
              44.263883
            ],
            [
              -71.183632,
              44.265993
            ],
            [
              -71.180702,
              44.266238
            ],
            [
              -71.176344,
              44.269004
            ],
            [
              -71.175613,
              44.271885
            ],
            [
              -71.173796,
              44.274099
            ],
            [
              -71.170183,
              44.275824
            ],
            [
              -71.171897,
              44.278807
            ],
            [
              -71.173632,
              44.278846
            ],
            [
              -71.172881,
              44.280643
            ],
            [
              -71.173728,
              44.28096
            ],
            [
              -71.173305,
              44.282764
            ],
            [
              -71.176173,
              44.289498
            ],
            [
              -71.174971,
              44.291299
            ],
            [
              -71.175163,
              44.293834
            ],
            [
              -71.172882,
              44.299167
            ],
            [
              -71.167697,
              44.303015
            ],
            [
              -71.168681,
              44.305215
            ],
            [
              -71.166953,
              44.307193
            ],
            [
              -71.16782,
              44.310291
            ],
            [
              -71.164213,
              44.314141
            ],
            [
              -71.164234,
              44.315252
            ],
            [
              -71.159159,
              44.317824
            ],
            [
              -71.156885,
              44.318182
            ],
            [
              -71.152739,
              44.321452
            ],
            [
              -71.150417,
              44.326285
            ],
            [
              -71.148142,
              44.326603
            ],
            [
              -71.147322,
              44.327771
            ],
            [
              -71.148586,
              44.329228
            ],
            [
              -71.14778,
              44.330301
            ],
            [
              -71.143211,
              44.331687
            ],
            [
              -71.142521,
              44.331385
            ],
            [
              -71.141319,
              44.332583
            ],
            [
              -71.139393,
              44.333114
            ],
            [
              -71.137938,
              44.332745
            ],
            [
              -71.131313,
              44.334607
            ],
            [
              -71.129584,
              44.337173
            ],
            [
              -71.131552,
              44.338905
            ],
            [
              -71.131237,
              44.340451
            ],
            [
              -71.130043,
              44.339735
            ],
            [
              -71.128601,
              44.34226
            ],
            [
              -71.125815,
              44.343689
            ],
            [
              -71.122932,
              44.347241
            ],
            [
              -71.117843,
              44.347646
            ],
            [
              -71.115958,
              44.348536
            ],
            [
              -71.112782,
              44.354032
            ],
            [
              -71.112735,
              44.355892
            ],
            [
              -71.11466,
              44.360043
            ],
            [
              -71.112448,
              44.366629
            ],
            [
              -71.112892,
              44.368196
            ],
            [
              -71.109962,
              44.373954
            ],
            [
              -71.107557,
              44.375952
            ],
            [
              -71.107543,
              44.37963
            ],
            [
              -71.106444,
              44.382216
            ],
            [
              -71.104197,
              44.383428
            ],
            [
              -71.10488,
              44.390253
            ],
            [
              -71.11031,
              44.398093
            ],
            [
              -71.109436,
              44.40103
            ],
            [
              -71.112024,
              44.399983
            ],
            [
              -71.114763,
              44.403601
            ],
            [
              -71.114688,
              44.404602
            ],
            [
              -71.116805,
              44.406313
            ],
            [
              -71.120002,
              44.403918
            ],
            [
              -71.123813,
              44.404311
            ],
            [
              -71.126532,
              44.403698
            ],
            [
              -71.138983,
              44.404743
            ],
            [
              -71.14054,
              44.406366
            ],
            [
              -71.140472,
              44.407803
            ],
            [
              -71.142063,
              44.408768
            ],
            [
              -71.142337,
              44.410802
            ],
            [
              -71.147535,
              44.411497
            ],
            [
              -71.146893,
              44.41615
            ],
            [
              -71.15067,
              44.417078
            ],
            [
              -71.152316,
              44.416534
            ],
            [
              -71.157056,
              44.417745
            ],
            [
              -71.156796,
              44.42285
            ],
            [
              -71.154454,
              44.426397
            ],
            [
              -71.15556,
              44.429378
            ],
            [
              -71.158237,
              44.431155
            ],
            [
              -71.158299,
              44.432446
            ],
            [
              -71.156578,
              44.433081
            ],
            [
              -71.156311,
              44.434266
            ],
            [
              -71.153811,
              44.435515
            ],
            [
              -71.150581,
              44.434063
            ],
            [
              -71.150068,
              44.435986
            ],
            [
              -71.147787,
              44.437672
            ],
            [
              -71.140991,
              44.438407
            ],
            [
              -71.136149,
              44.440681
            ],
            [
              -71.134837,
              44.440233
            ],
            [
              -71.129981,
              44.44112
            ],
            [
              -71.12563,
              44.440765
            ],
            [
              -71.120624,
              44.442217
            ],
            [
              -71.1135,
              44.440986
            ],
            [
              -71.11031,
              44.441085
            ],
            [
              -71.109237,
              44.442811
            ],
            [
              -71.099552,
              44.44375
            ],
            [
              -71.098739,
              44.44304
            ],
            [
              -71.093986,
              44.443866
            ],
            [
              -71.092681,
              44.445528
            ],
            [
              -71.09331,
              44.446264
            ],
            [
              -71.086875,
              44.452045
            ],
            [
              -71.08316,
              44.451986
            ],
            [
              -71.079725,
              44.453782
            ],
            [
              -71.078242,
              44.453759
            ],
            [
              -71.073147,
              44.455711
            ],
            [
              -71.072006,
              44.454553
            ],
            [
              -71.072457,
              44.452901
            ],
            [
              -71.070094,
              44.451247
            ],
            [
              -71.065968,
              44.454311
            ],
            [
              -71.066235,
              44.456255
            ],
            [
              -71.064411,
              44.458395
            ],
            [
              -71.061713,
              44.459686
            ],
            [
              -71.061767,
              44.461292
            ],
            [
              -71.055675,
              44.463085
            ],
            [
              -71.053722,
              44.46452
            ],
            [
              -71.047097,
              44.464455
            ],
            [
              -71.046714,
              44.466762
            ],
            [
              -71.041271,
              44.468646
            ],
            [
              -71.039207,
              44.471523
            ],
            [
              -71.039856,
              44.4746
            ],
            [
              -71.038941,
              44.476867
            ],
            [
              -71.039447,
              44.478339
            ],
            [
              -71.036735,
              44.479494
            ],
            [
              -71.035001,
              44.481308
            ],
            [
              -71.022323,
              44.485125
            ],
            [
              -71.013027,
              44.486109
            ],
            [
              -71.008171,
              44.48894
            ],
            [
              -71.006867,
              44.491088
            ],
            [
              -71.005015,
              44.49189
            ],
            [
              -71.004654,
              44.492904
            ],
            [
              -71.00044,
              44.496098
            ],
            [
              -70.999593,
              44.499673
            ],
            [
              -70.99768,
              44.502416
            ],
            [
              -70.992004,
              44.502435
            ],
            [
              -70.99001,
              44.503509
            ],
            [
              -70.988651,
              44.506108
            ],
            [
              -70.989101,
              44.512221
            ],
            [
              -70.988234,
              44.516184
            ],
            [
              -70.984013,
              44.518081
            ],
            [
              -70.983139,
              44.520693
            ],
            [
              -70.983617,
              44.523579
            ],
            [
              -70.980168,
              44.529932
            ],
            [
              -70.982182,
              44.534268
            ],
            [
              -70.990665,
              44.537226
            ],
            [
              -70.986499,
              44.541179
            ],
            [
              -70.97958,
              44.543882
            ],
            [
              -70.978542,
              44.545071
            ],
            [
              -70.978603,
              44.546677
            ],
            [
              -70.981568,
              44.551244
            ],
            [
              -70.98109,
              44.554308
            ],
            [
              -70.979027,
              44.558395
            ],
            [
              -70.977101,
              44.559882
            ],
            [
              -70.975195,
              44.560208
            ],
            [
              -70.973235,
              44.558973
            ],
            [
              -70.972641,
              44.561413
            ],
            [
              -70.970646,
              44.562848
            ],
            [
              -70.97219,
              44.56468
            ],
            [
              -70.962949,
              44.571587
            ],
            [
              -70.958447,
              44.572047
            ],
            [
              -70.95995,
              44.578746
            ],
            [
              -70.964239,
              44.581022
            ],
            [
              -70.964697,
              44.58376
            ],
            [
              -70.963126,
              44.585128
            ],
            [
              -70.963372,
              44.587483
            ],
            [
              -70.961856,
              44.59093
            ],
            [
              -70.960408,
              44.591981
            ],
            [
              -70.957122,
              44.591717
            ],
            [
              -70.956802,
              44.589855
            ],
            [
              -70.958939,
              44.588882
            ],
            [
              -70.955374,
              44.588169
            ],
            [
              -70.955558,
              44.588602
            ],
            [
              -70.953223,
              44.588129
            ],
            [
              -70.953284,
              44.588925
            ],
            [
              -70.951317,
              44.588121
            ],
            [
              -70.950374,
              44.590235
            ],
            [
              -70.946174,
              44.590194
            ],
            [
              -70.943366,
              44.593582
            ],
            [
              -70.940621,
              44.595042
            ],
            [
              -70.935955,
              44.594478
            ],
            [
              -70.915294,
              44.600002
            ],
            [
              -70.903369,
              44.600607
            ],
            [
              -70.900042,
              44.604029
            ],
            [
              -70.898936,
              44.606861
            ],
            [
              -70.896743,
              44.608693
            ],
            [
              -70.8938,
              44.60858
            ],
            [
              -70.891928,
              44.609219
            ],
            [
              -70.892625,
              44.611282
            ],
            [
              -70.89186,
              44.612348
            ],
            [
              -70.892085,
              44.615802
            ],
            [
              -70.89453,
              44.620929
            ],
            [
              -70.893964,
              44.621091
            ],
            [
              -70.896559,
              44.622997
            ],
            [
              -70.895972,
              44.623551
            ],
            [
              -70.898007,
              44.626727
            ],
            [
              -70.900336,
              44.626594
            ],
            [
              -70.899865,
              44.627416
            ],
            [
              -70.90091,
              44.629942
            ],
            [
              -70.901627,
              44.629898
            ],
            [
              -70.902774,
              44.634286
            ],
            [
              -70.897591,
              44.635529
            ],
            [
              -70.893042,
              44.63763
            ],
            [
              -70.890999,
              44.637646
            ],
            [
              -70.887932,
              44.639236
            ],
            [
              -70.886881,
              44.639065
            ],
            [
              -70.886649,
              44.639735
            ],
            [
              -70.889189,
              44.641853
            ],
            [
              -70.889312,
              44.643084
            ],
            [
              -70.890672,
              44.643706
            ],
            [
              -70.891717,
              44.645984
            ],
            [
              -70.893533,
              44.647034
            ],
            [
              -70.893677,
              44.650417
            ],
            [
              -70.900329,
              44.657468
            ],
            [
              -70.898444,
              44.659083
            ],
            [
              -70.898902,
              44.661281
            ],
            [
              -70.894401,
              44.662247
            ],
            [
              -70.894619,
              44.663716
            ],
            [
              -70.893752,
              44.663955
            ],
            [
              -70.894189,
              44.665937
            ],
            [
              -70.89326,
              44.66665
            ],
            [
              -70.89354,
              44.667591
            ],
            [
              -70.881758,
              44.671859
            ],
            [
              -70.880324,
              44.671577
            ],
            [
              -70.877571,
              44.673193
            ],
            [
              -70.86721,
              44.672931
            ],
            [
              -70.865352,
              44.673573
            ],
            [
              -70.865127,
              44.674315
            ],
            [
              -70.863105,
              44.673291
            ],
            [
              -70.856869,
              44.672348
            ],
            [
              -70.849786,
              44.673179
            ],
            [
              -70.841009,
              44.672965
            ],
            [
              -70.837758,
              44.674467
            ],
            [
              -70.837465,
              44.682155
            ],
            [
              -70.838748,
              44.683786
            ],
            [
              -70.838325,
              44.685517
            ],
            [
              -70.837184,
              44.68621
            ],
            [
              -70.837724,
              44.68816
            ],
            [
              -70.837068,
              44.688512
            ],
            [
              -70.837266,
              44.691192
            ],
            [
              -70.834766,
              44.694432
            ],
            [
              -70.832226,
              44.69446
            ],
            [
              -70.83062,
              44.695314
            ],
            [
              -70.830156,
              44.696744
            ],
            [
              -70.824856,
              44.700879
            ],
            [
              -70.821878,
              44.701899
            ],
            [
              -70.82211,
              44.70289
            ],
            [
              -70.821298,
              44.703317
            ],
            [
              -70.822213,
              44.70373
            ],
            [
              -70.821824,
              44.704646
            ],
            [
              -70.820143,
              44.704763
            ],
            [
              -70.821099,
              44.705621
            ],
            [
              -70.818012,
              44.707907
            ],
            [
              -70.817575,
              44.709557
            ],
            [
              -70.814317,
              44.712773
            ],
            [
              -70.814713,
              44.713541
            ],
            [
              -70.813504,
              44.715239
            ],
            [
              -70.810997,
              44.71617
            ],
            [
              -70.808327,
              44.713588
            ],
            [
              -70.808443,
              44.714419
            ],
            [
              -70.803798,
              44.712278
            ],
            [
              -70.800452,
              44.713127
            ],
            [
              -70.797296,
              44.712633
            ],
            [
              -70.79261,
              44.715812
            ],
            [
              -70.792208,
              44.718614
            ],
            [
              -70.788868,
              44.720781
            ],
            [
              -70.787167,
              44.720309
            ],
            [
              -70.784428,
              44.722246
            ],
            [
              -70.785036,
              44.72365
            ],
            [
              -70.783807,
              44.725159
            ],
            [
              -70.77951,
              44.727585
            ],
            [
              -70.778793,
              44.729928
            ],
            [
              -70.779565,
              44.731451
            ],
            [
              -70.777939,
              44.734541
            ],
            [
              -70.776512,
              44.735518
            ],
            [
              -70.77324,
              44.741618
            ]
          ],
          [
            [
              -70.765461,
              44.744309
            ],
            [
              -70.765912,
              44.746449
            ],
            [
              -70.76503,
              44.7473
            ],
            [
              -70.765228,
              44.749511
            ],
            [
              -70.766348,
              44.749966
            ],
            [
              -70.768937,
              44.755413
            ],
            [
              -70.768568,
              44.767117
            ],
            [
              -70.769265,
              44.769992
            ],
            [
              -70.767059,
              44.771768
            ],
            [
              -70.767831,
              44.778431
            ],
            [
              -70.76973,
              44.780004
            ],
            [
              -70.771478,
              44.787125
            ],
            [
              -70.769081,
              44.790452
            ],
            [
              -70.769722,
              44.791689
            ],
            [
              -70.768384,
              44.793371
            ],
            [
              -70.768158,
              44.796088
            ],
            [
              -70.766847,
              44.796644
            ],
            [
              -70.768582,
              44.79763
            ],
            [
              -70.766786,
              44.799134
            ],
            [
              -70.764443,
              44.799841
            ],
            [
              -70.763214,
              44.801269
            ],
            [
              -70.76378,
              44.802386
            ],
            [
              -70.763022,
              44.803847
            ],
            [
              -70.759607,
              44.805178
            ],
            [
              -70.759676,
              44.809304
            ],
            [
              -70.756322,
              44.811026
            ],
            [
              -70.754273,
              44.811026
            ],
            [
              -70.753153,
              44.813343
            ],
            [
              -70.751404,
              44.814441
            ],
            [
              -70.751404,
              44.815458
            ],
            [
              -70.749266,
              44.815838
            ],
            [
              -70.749177,
              44.820178
            ],
            [
              -70.748276,
              44.820341
            ],
            [
              -70.748597,
              44.82269
            ],
            [
              -70.747463,
              44.824624
            ],
            [
              -70.748174,
              44.825658
            ],
            [
              -70.743413,
              44.825479
            ],
            [
              -70.742655,
              44.826674
            ],
            [
              -70.737375,
              44.827853
            ],
            [
              -70.735565,
              44.829005
            ],
            [
              -70.734697,
              44.828533
            ],
            [
              -70.733331,
              44.829129
            ],
            [
              -70.732116,
              44.832681
            ],
            [
              -70.729636,
              44.834141
            ],
            [
              -70.730142,
              44.835133
            ],
            [
              -70.728789,
              44.835954
            ],
            [
              -70.726549,
              44.836038
            ],
            [
              -70.724309,
              44.834888
            ],
            [
              -70.722792,
              44.835185
            ],
            [
              -70.71922,
              44.834407
            ],
            [
              -70.709774,
              44.834422
            ],
            [
              -70.709972,
              44.836256
            ],
            [
              -70.706441,
              44.838051
            ],
            [
              -70.700055,
              44.843322
            ],
            [
              -70.69709,
              44.844807
            ],
            [
              -70.691401,
              44.846291
            ],
            [
              -70.687364,
              44.845518
            ],
            [
              -70.679359,
              44.849651
            ],
            [
              -70.673423,
              44.850539
            ],
            [
              -70.667488,
              44.850554
            ],
            [
              -70.663062,
              44.846122
            ],
            [
              -70.661471,
              44.845893
            ],
            [
              -70.663103,
              44.842552
            ],
            [
              -70.664503,
              44.841505
            ],
            [
              -70.662058,
              44.840303
            ],
            [
              -70.659681,
              44.84063
            ],
            [
              -70.659388,
              44.842507
            ],
            [
              -70.657257,
              44.843132
            ],
            [
              -70.650385,
              44.842579
            ],
            [
              -70.648842,
              44.844262
            ],
            [
              -70.643153,
              44.845402
            ],
            [
              -70.64025,
              44.844458
            ],
            [
              -70.637524,
              44.845105
            ],
            [
              -70.626815,
              44.842863
            ],
            [
              -70.624533,
              44.845124
            ],
            [
              -70.621657,
              44.844845
            ],
            [
              -70.619902,
              44.845446
            ],
            [
              -70.617546,
              44.844426
            ],
            [
              -70.615838,
              44.844477
            ],
            [
              -70.61521,
              44.84576
            ],
            [
              -70.612533,
              44.846082
            ],
            [
              -70.607307,
              44.849824
            ],
            [
              -70.601495,
              44.850598
            ],
            [
              -70.599405,
              44.849552
            ],
            [
              -70.591052,
              44.850384
            ],
            [
              -70.588163,
              44.852099
            ],
            [
              -70.587562,
              44.854169
            ],
            [
              -70.588716,
              44.856894
            ],
            [
              -70.587992,
              44.858002
            ],
            [
              -70.582527,
              44.85955
            ],
            [
              -70.58069,
              44.857892
            ],
            [
              -70.579475,
              44.85781
            ],
            [
              -70.576216,
              44.860488
            ],
            [
              -70.569994,
              44.862316
            ],
            [
              -70.565432,
              44.866087
            ],
            [
              -70.56132,
              44.866152
            ],
            [
              -70.558854,
              44.867077
            ],
            [
              -70.56132,
              44.868826
            ],
            [
              -70.560828,
              44.874563
            ],
            [
              -70.559428,
              44.875977
            ],
            [
              -70.556266,
              44.877213
            ],
            [
              -70.555583,
              44.878888
            ],
            [
              -70.552044,
              44.880844
            ],
            [
              -70.547509,
              44.882013
            ],
            [
              -70.545747,
              44.884778
            ],
            [
              -70.539873,
              44.887158
            ],
            [
              -70.539607,
              44.888692
            ],
            [
              -70.536697,
              44.88928
            ],
            [
              -70.535003,
              44.89081
            ],
            [
              -70.534866,
              44.894179
            ],
            [
              -70.536677,
              44.900915
            ],
            [
              -70.535454,
              44.90311
            ],
            [
              -70.52764,
              44.905281
            ],
            [
              -70.525168,
              44.905197
            ],
            [
              -70.523043,
              44.906049
            ],
            [
              -70.522606,
              44.908148
            ],
            [
              -70.523959,
              44.90867
            ],
            [
              -70.524546,
              44.910265
            ],
            [
              -70.525557,
              44.910449
            ],
            [
              -70.523843,
              44.912317
            ],
            [
              -70.526568,
              44.915589
            ],
            [
              -70.522886,
              44.91716
            ],
            [
              -70.524232,
              44.919122
            ],
            [
              -70.524054,
              44.920979
            ],
            [
              -70.522716,
              44.922446
            ],
            [
              -70.513721,
              44.926716
            ],
            [
              -70.509875,
              44.931862
            ],
            [
              -70.504424,
              44.936304
            ],
            [
              -70.50202,
              44.939284
            ],
            [
              -70.499438,
              44.940587
            ],
            [
              -70.495941,
              44.945494
            ],
            [
              -70.493687,
              44.947144
            ],
            [
              -70.492581,
              44.94683
            ],
            [
              -70.489535,
              44.949476
            ],
            [
              -70.487752,
              44.949868
            ],
            [
              -70.487219,
              44.951212
            ],
            [
              -70.483873,
              44.95139
            ],
            [
              -70.482178,
              44.950782
            ],
            [
              -70.47192,
              44.951217
            ],
            [
              -70.467829,
              44.953925
            ],
            [
              -70.462951,
              44.955378
            ],
            [
              -70.461585,
              44.956809
            ],
            [
              -70.457139,
              44.957865
            ],
            [
              -70.456162,
              44.957423
            ],
            [
              -70.448424,
              44.961293
            ],
            [
              -70.447809,
              44.966698
            ],
            [
              -70.445193,
              44.969985
            ],
            [
              -70.443308,
              44.97036
            ],
            [
              -70.442454,
              44.971456
            ],
            [
              -70.433028,
              44.973406
            ],
            [
              -70.429805,
              44.972213
            ],
            [
              -70.427257,
              44.974743
            ],
            [
              -70.42447,
              44.976223
            ],
            [
              -70.417633,
              44.977874
            ],
            [
              -70.412667,
              44.977022
            ],
            [
              -70.406992,
              44.97287
            ],
            [
              -70.40191,
              44.974139
            ],
            [
              -70.401254,
              44.975763
            ],
            [
              -70.396487,
              44.979139
            ],
            [
              -70.394342,
              44.979345
            ],
            [
              -70.39368,
              44.978273
            ],
            [
              -70.388946,
              44.976179
            ],
            [
              -70.385675,
              44.976597
            ],
            [
              -70.376147,
              44.974497
            ],
            [
              -70.373988,
              44.974829
            ],
            [
              -70.373339,
              44.976287
            ],
            [
              -70.372096,
              44.976563
            ],
            [
              -70.366434,
              44.972827
            ],
            [
              -70.364249,
              44.97406
            ],
            [
              -70.362466,
              44.973599
            ],
            [
              -70.35345,
              44.980588
            ],
            [
              -70.351455,
              44.983034
            ],
            [
              -70.35097,
              44.986343
            ],
            [
              -70.343751,
              44.990137
            ],
            [
              -70.341292,
              44.992736
            ],
            [
              -70.340944,
              44.99748
            ],
            [
              -70.337467,
              45.002895
            ],
            [
              -70.333731,
              45.002835
            ],
            [
              -70.330179,
              45.009281
            ],
            [
              -70.328964,
              45.00921
            ],
            [
              -70.327181,
              45.014852
            ],
            [
              -70.323192,
              45.020128
            ],
            [
              -70.320426,
              45.026849
            ],
            [
              -70.326334,
              45.029643
            ],
            [
              -70.326088,
              45.031761
            ],
            [
              -70.328247,
              45.033366
            ],
            [
              -70.332263,
              45.033823
            ],
            [
              -70.33677,
              45.035607
            ],
            [
              -70.338205,
              45.035558
            ],
            [
              -70.34067,
              45.034157
            ],
            [
              -70.342501,
              45.034639
            ],
            [
              -70.343246,
              45.035837
            ],
            [
              -70.342829,
              45.038416
            ],
            [
              -70.347651,
              45.040421
            ],
            [
              -70.354577,
              45.04186
            ],
            [
              -70.360376,
              45.040387
            ],
            [
              -70.362288,
              45.037479
            ],
            [
              -70.367629,
              45.036695
            ],
            [
              -70.371461,
              45.03745
            ],
            [
              -70.374316,
              45.036295
            ],
            [
              -70.375511,
              45.036596
            ],
            [
              -70.380204,
              45.046315
            ],
            [
              -70.383414,
              45.04787
            ],
            [
              -70.383776,
              45.050525
            ],
            [
              -70.378059,
              45.059529
            ],
            [
              -70.373176,
              45.063733
            ],
            [
              -70.372971,
              45.065099
            ],
            [
              -70.375375,
              45.070206
            ],
            [
              -70.377315,
              45.077618
            ],
            [
              -70.373811,
              45.08059
            ],
            [
              -70.373203,
              45.082222
            ],
            [
              -70.368087,
              45.085425
            ],
            [
              -70.364808,
              45.086324
            ],
            [
              -70.362643,
              45.088718
            ],
            [
              -70.362876,
              45.090079
            ],
            [
              -70.3614,
              45.093242
            ],
            [
              -70.361899,
              45.096297
            ],
            [
              -70.359515,
              45.101294
            ],
            [
              -70.354501,
              45.105351
            ],
            [
              -70.352794,
              45.110407
            ],
            [
              -70.349693,
              45.111043
            ],
            [
              -70.34968,
              45.11639
            ],
            [
              -70.348566,
              45.117272
            ],
            [
              -70.348436,
              45.122629
            ],
            [
              -70.350164,
              45.12521
            ],
            [
              -70.34914,
              45.128315
            ],
            [
              -70.350554,
              45.131372
            ],
            [
              -70.352145,
              45.131943
            ],
            [
              -70.351421,
              45.1358
            ],
            [
              -70.353081,
              45.136581
            ],
            [
              -70.354256,
              45.138426
            ],
            [
              -70.353477,
              45.139669
            ],
            [
              -70.349277,
              45.142063
            ],
            [
              -70.334216,
              45.142929
            ],
            [
              -70.330104,
              45.143949
            ],
            [
              -70.329776,
              45.145312
            ],
            [
              -70.32841,
              45.145877
            ],
            [
              -70.327099,
              45.145222
            ],
            [
              -70.324599,
              45.145719
            ],
            [
              -70.320726,
              45.143882
            ],
            [
              -70.31365,
              45.141875
            ],
            [
              -70.308685,
              45.141932
            ],
            [
              -70.306595,
              45.143302
            ],
            [
              -70.302845,
              45.143147
            ],
            [
              -70.30167,
              45.144416
            ],
            [
              -70.298583,
              45.144856
            ],
            [
              -70.294737,
              45.146574
            ],
            [
              -70.284212,
              45.146306
            ],
            [
              -70.282177,
              45.147229
            ],
            [
              -70.271713,
              45.146572
            ],
            [
              -70.2706,
              45.147242
            ],
            [
              -70.263947,
              45.148027
            ],
            [
              -70.26157,
              45.14677
            ],
            [
              -70.25933,
              45.146682
            ],
            [
              -70.258469,
              45.149212
            ],
            [
              -70.259036,
              45.150898
            ],
            [
              -70.258203,
              45.152231
            ],
            [
              -70.253292,
              45.150624
            ],
            [
              -70.247834,
              45.152984
            ],
            [
              -70.246585,
              45.151017
            ],
            [
              -70.243641,
              45.148934
            ],
            [
              -70.240028,
              45.148109
            ],
            [
              -70.236107,
              45.146108
            ],
            [
              -70.231128,
              45.145014
            ],
            [
              -70.225425,
              45.137613
            ],
            [
              -70.219148,
              45.134759
            ],
            [
              -70.216279,
              45.134317
            ],
            [
              -70.213267,
              45.132144
            ],
            [
              -70.213206,
              45.131235
            ],
            [
              -70.210016,
              45.12977
            ],
            [
              -70.207414,
              45.131386
            ],
            [
              -70.204135,
              45.130958
            ],
            [
              -70.201396,
              45.133138
            ],
            [
              -70.192326,
              45.128556
            ],
            [
              -70.188173,
              45.131471
            ],
            [
              -70.185482,
              45.131688
            ],
            [
              -70.183535,
              45.133828
            ],
            [
              -70.180339,
              45.134199
            ],
            [
              -70.177661,
              45.133002
            ],
            [
              -70.175441,
              45.132944
            ],
            [
              -70.173194,
              45.134709
            ],
            [
              -70.170906,
              45.134278
            ],
            [
              -70.169445,
              45.133114
            ],
            [
              -70.168502,
              45.135266
            ],
            [
              -70.16691,
              45.136016
            ],
            [
              -70.165469,
              45.138547
            ],
            [
              -70.167655,
              45.145055
            ],
            [
              -70.166678,
              45.151753
            ],
            [
              -70.165435,
              45.153193
            ],
            [
              -70.162013,
              45.15348
            ],
            [
              -70.15368,
              45.156152
            ],
            [
              -70.15239,
              45.155535
            ],
            [
              -70.143039,
              45.156903
            ],
            [
              -70.137104,
              45.161184
            ],
            [
              -70.134843,
              45.161062
            ],
            [
              -70.126736,
              45.158487
            ],
            [
              -70.125267,
              45.159379
            ],
            [
              -70.12276,
              45.159242
            ],
            [
              -70.118806,
              45.157615
            ],
            [
              -70.11813,
              45.157982
            ],
            [
              -70.117275,
              45.156775
            ],
            [
              -70.112535,
              45.156952
            ],
            [
              -70.110992,
              45.159258
            ],
            [
              -70.10856,
              45.159561
            ],
            [
              -70.104374,
              45.158057
            ],
            [
              -70.098923,
              45.158267
            ],
            [
              -70.095644,
              45.160054
            ],
            [
              -70.096997,
              45.162845
            ],
            [
              -70.096997,
              45.166297
            ],
            [
              -70.091779,
              45.166329
            ],
            [
              -70.083521,
              45.16774
            ],
            [
              -70.079293,
              45.16963
            ],
            [
              -70.077749,
              45.173115
            ],
            [
              -70.075693,
              45.174498
            ],
            [
              -70.076561,
              45.176245
            ],
            [
              -70.075482,
              45.177543
            ],
            [
              -70.073562,
              45.176841
            ],
            [
              -70.073077,
              45.178443
            ],
            [
              -70.067456,
              45.179958
            ],
            [
              -70.062176,
              45.182353
            ],
            [
              -70.060947,
              45.184079
            ],
            [
              -70.057805,
              45.184607
            ],
            [
              -70.05592,
              45.186632
            ],
            [
              -70.056924,
              45.190705
            ],
            [
              -70.054178,
              45.191464
            ],
            [
              -70.053543,
              45.193707
            ],
            [
              -70.057846,
              45.195292
            ],
            [
              -70.062538,
              45.199088
            ],
            [
              -70.064984,
              45.198781
            ],
            [
              -70.067142,
              45.199886
            ],
            [
              -70.068515,
              45.202182
            ],
            [
              -70.073262,
              45.20352
            ],
            [
              -70.073029,
              45.206258
            ],
            [
              -70.068863,
              45.20776
            ],
            [
              -70.070734,
              45.211028
            ],
            [
              -70.069416,
              45.212323
            ],
            [
              -70.070352,
              45.213656
            ],
            [
              -70.075891,
              45.215935
            ],
            [
              -70.076752,
              45.215549
            ],
            [
              -70.077906,
              45.216416
            ],
            [
              -70.08111,
              45.217052
            ],
            [
              -70.08279,
              45.221343
            ],
            [
              -70.079716,
              45.222317
            ],
            [
              -70.0807,
              45.224999
            ],
            [
              -70.077394,
              45.225503
            ],
            [
              -70.073542,
              45.231719
            ],
            [
              -70.065073,
              45.233189
            ],
            [
              -70.059636,
              45.237011
            ],
            [
              -70.058721,
              45.236894
            ],
            [
              -70.053659,
              45.240474
            ],
            [
              -70.05103,
              45.238752
            ],
            [
              -70.044377,
              45.2392
            ],
            [
              -70.039323,
              45.240781
            ],
            [
              -70.038059,
              45.240306
            ],
            [
              -70.033093,
              45.241445
            ],
            [
              -70.029467,
              45.241149
            ],
            [
              -70.027069,
              45.241661
            ],
            [
              -70.024508,
              45.241329
            ],
            [
              -70.023265,
              45.241866
            ],
            [
              -70.018381,
              45.239525
            ],
            [
              -70.018005,
              45.238623
            ],
            [
              -70.015369,
              45.239124
            ],
            [
              -70.013067,
              45.238096
            ],
            [
              -70.012856,
              45.236738
            ],
            [
              -70.004482,
              45.234094
            ],
            [
              -70.00343,
              45.235566
            ],
            [
              -70.000124,
              45.236274
            ],
            [
              -69.998178,
              45.238141
            ],
            [
              -69.996484,
              45.238043
            ],
            [
              -69.991648,
              45.241065
            ],
            [
              -69.986839,
              45.246755
            ],
            [
              -69.984879,
              45.247906
            ],
            [
              -69.982796,
              45.251277
            ],
            [
              -69.983035,
              45.254327
            ],
            [
              -69.981068,
              45.253853
            ],
            [
              -69.977933,
              45.255806
            ],
            [
              -69.976109,
              45.258599
            ],
            [
              -69.976123,
              45.260975
            ],
            [
              -69.967865,
              45.263534
            ],
            [
              -69.961984,
              45.268337
            ],
            [
              -69.95721,
              45.270726
            ],
            [
              -69.952682,
              45.270904
            ],
            [
              -69.951125,
              45.270201
            ],
            [
              -69.946514,
              45.273872
            ],
            [
              -69.943235,
              45.275244
            ],
            [
              -69.937935,
              45.2755
            ],
            [
              -69.934083,
              45.273398
            ],
            [
              -69.924077,
              45.272678
            ],
            [
              -69.922212,
              45.273301
            ],
            [
              -69.914255,
              45.271515
            ],
            [
              -69.901564,
              45.273245
            ],
            [
              -69.894413,
              45.271672
            ],
            [
              -69.891032,
              45.264709
            ],
            [
              -69.888423,
              45.264022
            ],
            [
              -69.883997,
              45.26484
            ],
            [
              -69.880247,
              45.264032
            ],
            [
              -69.876901,
              45.261816
            ],
            [
              -69.875528,
              45.261966
            ],
            [
              -69.875487,
              45.262583
            ],
            [
              -69.87087,
              45.261763
            ],
            [
              -69.870153,
              45.260392
            ],
            [
              -69.867222,
              45.25883
            ],
            [
              -69.861096,
              45.257719
            ],
            [
              -69.844423,
              45.249981
            ],
            [
              -69.837238,
              45.25101
            ],
            [
              -69.835647,
              45.253678
            ],
            [
              -69.833304,
              45.25283
            ],
            [
              -69.831391,
              45.253074
            ],
            [
              -69.829977,
              45.252472
            ],
            [
              -69.83092,
              45.249796
            ],
            [
              -69.827081,
              45.24734
            ],
            [
              -69.825702,
              45.247498
            ],
            [
              -69.823864,
              45.246319
            ],
            [
              -69.819452,
              45.246414
            ],
            [
              -69.818058,
              45.247333
            ],
            [
              -69.817608,
              45.248785
            ],
            [
              -69.814883,
              45.249894
            ],
            [
              -69.810744,
              45.248092
            ],
            [
              -69.80933,
              45.248358
            ],
            [
              -69.808797,
              45.251463
            ],
            [
              -69.806003,
              45.253846
            ],
            [
              -69.80433,
              45.254217
            ],
            [
              -69.802547,
              45.25612
            ],
            [
              -69.800703,
              45.256727
            ],
            [
              -69.801373,
              45.259077
            ],
            [
              -69.79655,
              45.259452
            ],
            [
              -69.795416,
              45.261035
            ],
            [
              -69.786162,
              45.265654
            ],
            [
              -69.782979,
              45.266495
            ],
            [
              -69.78149,
              45.266064
            ],
            [
              -69.780643,
              45.266502
            ],
            [
              -69.776859,
              45.265822
            ],
            [
              -69.775309,
              45.26279
            ],
            [
              -69.774592,
              45.263609
            ],
            [
              -69.771907,
              45.263609
            ],
            [
              -69.769469,
              45.262658
            ],
            [
              -69.76882,
              45.263473
            ],
            [
              -69.769482,
              45.264814
            ],
            [
              -69.767283,
              45.265774
            ],
            [
              -69.766238,
              45.270318
            ],
            [
              -69.763205,
              45.271508
            ],
            [
              -69.75587,
              45.268964
            ],
            [
              -69.748356,
              45.269459
            ],
            [
              -69.74182,
              45.273661
            ],
            [
              -69.739347,
              45.273969
            ],
            [
              -69.737934,
              45.274933
            ],
            [
              -69.735987,
              45.274905
            ],
            [
              -69.734491,
              45.275684
            ],
            [
              -69.733802,
              45.281535
            ],
            [
              -69.729417,
              45.283183
            ],
            [
              -69.728317,
              45.282376
            ],
            [
              -69.726322,
              45.282595
            ],
            [
              -69.720776,
              45.279876
            ],
            [
              -69.721753,
              45.279307
            ],
            [
              -69.719779,
              45.277425
            ],
            [
              -69.716992,
              45.276493
            ],
            [
              -69.713359,
              45.278482
            ],
            [
              -69.708591,
              45.277454
            ],
            [
              -69.707751,
              45.277829
            ],
            [
              -69.704254,
              45.276545
            ],
            [
              -69.701788,
              45.277037
            ],
            [
              -69.700299,
              45.276403
            ],
            [
              -69.695846,
              45.277384
            ],
            [
              -69.685225,
              45.275698
            ],
            [
              -69.680703,
              45.274307
            ],
            [
              -69.677944,
              45.272176
            ],
            [
              -69.672419,
              45.271043
            ],
            [
              -69.672022,
              45.272157
            ],
            [
              -69.670424,
              45.272135
            ],
            [
              -69.669399,
              45.272884
            ],
            [
              -69.664509,
              45.271747
            ],
            [
              -69.661401,
              45.274861
            ],
            [
              -69.661517,
              45.275941
            ],
            [
              -69.659441,
              45.275503
            ],
            [
              -69.657925,
              45.276169
            ],
            [
              -69.651928,
              45.276244
            ],
            [
              -69.648315,
              45.274405
            ],
            [
              -69.647891,
              45.276105
            ],
            [
              -69.643295,
              45.278192
            ],
            [
              -69.640119,
              45.277935
            ],
            [
              -69.64102,
              45.281855
            ],
            [
              -69.635645,
              45.282105
            ],
            [
              -69.634101,
              45.284405
            ],
            [
              -69.631403,
              45.283259
            ],
            [
              -69.631164,
              45.281388
            ],
            [
              -69.627811,
              45.281199
            ],
            [
              -69.626936,
              45.281883
            ],
            [
              -69.627783,
              45.284287
            ],
            [
              -69.624068,
              45.288142
            ],
            [
              -69.615072,
              45.286413
            ],
            [
              -69.612613,
              45.287695
            ],
            [
              -69.607306,
              45.286945
            ],
            [
              -69.606459,
              45.286139
            ],
            [
              -69.602805,
              45.285429
            ],
            [
              -69.600783,
              45.284049
            ],
            [
              -69.597519,
              45.283378
            ],
            [
              -69.591549,
              45.283589
            ],
            [
              -69.591242,
              45.28567
            ],
            [
              -69.588202,
              45.28623
            ],
            [
              -69.587499,
              45.285577
            ]
          ],
          [
            [
              -69.58586,
              45.285725
            ],
            [
              -69.583797,
              45.283921
            ],
            [
              -69.580703,
              45.283928
            ],
            [
              -69.578121,
              45.28287
            ],
            [
              -69.574795,
              45.282783
            ],
            [
              -69.573893,
              45.281456
            ],
            [
              -69.57017,
              45.282649
            ],
            [
              -69.562685,
              45.283181
            ],
            [
              -69.555274,
              45.287268
            ],
            [
              -69.550261,
              45.288026
            ],
            [
              -69.547187,
              45.287775
            ],
            [
              -69.542098,
              45.289843
            ],
            [
              -69.539919,
              45.289511
            ],
            [
              -69.53936,
              45.290454
            ],
            [
              -69.537563,
              45.290764
            ],
            [
              -69.538458,
              45.294649
            ],
            [
              -69.542945,
              45.300564
            ],
            [
              -69.542297,
              45.302061
            ],
            [
              -69.542925,
              45.30944
            ],
            [
              -69.546401,
              45.314684
            ],
            [
              -69.546244,
              45.315932
            ],
            [
              -69.543239,
              45.317476
            ],
            [
              -69.541149,
              45.319939
            ],
            [
              -69.5419,
              45.323401
            ],
            [
              -69.536539,
              45.328796
            ],
            [
              -69.535999,
              45.331157
            ],
            [
              -69.534708,
              45.332252
            ],
            [
              -69.532693,
              45.332113
            ],
            [
              -69.527701,
              45.338239
            ],
            [
              -69.525405,
              45.339312
            ],
            [
              -69.524709,
              45.340913
            ],
            [
              -69.517749,
              45.341863
            ],
            [
              -69.509819,
              45.341268
            ],
            [
              -69.505256,
              45.342711
            ],
            [
              -69.503494,
              45.345585
            ],
            [
              -69.504013,
              45.346785
            ],
            [
              -69.499362,
              45.351504
            ],
            [
              -69.493433,
              45.353019
            ],
            [
              -69.491883,
              45.352491
            ],
            [
              -69.489909,
              45.35312
            ],
            [
              -69.486617,
              45.352743
            ],
            [
              -69.483851,
              45.351368
            ],
            [
              -69.484261,
              45.352415
            ],
            [
              -69.481036,
              45.352672
            ],
            [
              -69.479643,
              45.353789
            ],
            [
              -69.479998,
              45.354368
            ],
            [
              -69.474268,
              45.356301
            ],
            [
              -69.471706,
              45.360573
            ],
            [
              -69.472656,
              45.362671
            ],
            [
              -69.464214,
              45.364448
            ],
            [
              -69.464958,
              45.367127
            ],
            [
              -69.467526,
              45.369736
            ],
            [
              -69.470894,
              45.371594
            ],
            [
              -69.471652,
              45.373675
            ],
            [
              -69.468783,
              45.37591
            ],
            [
              -69.470867,
              45.378098
            ],
            [
              -69.470409,
              45.378838
            ],
            [
              -69.471454,
              45.37986
            ],
            [
              -69.472977,
              45.379646
            ],
            [
              -69.47282,
              45.380214
            ],
            [
              -69.462315,
              45.381522
            ],
            [
              -69.463736,
              45.383028
            ],
            [
              -69.462855,
              45.383946
            ],
            [
              -69.468346,
              45.385795
            ],
            [
              -69.467397,
              45.386974
            ],
            [
              -69.464152,
              45.387473
            ],
            [
              -69.463681,
              45.388672
            ],
            [
              -69.465027,
              45.392101
            ],
            [
              -69.467253,
              45.393829
            ],
            [
              -69.468223,
              45.396462
            ],
            [
              -69.470921,
              45.398724
            ],
            [
              -69.468326,
              45.398829
            ],
            [
              -69.466522,
              45.400025
            ],
            [
              -69.461584,
              45.398443
            ],
            [
              -69.451831,
              45.400885
            ],
            [
              -69.446831,
              45.399109
            ],
            [
              -69.438403,
              45.400181
            ],
            [
              -69.438034,
              45.400916
            ],
            [
              -69.436675,
              45.400593
            ],
            [
              -69.436272,
              45.40483
            ],
            [
              -69.437474,
              45.406153
            ],
            [
              -69.438095,
              45.411178
            ],
            [
              -69.437248,
              45.413791
            ],
            [
              -69.438027,
              45.41575
            ],
            [
              -69.43705,
              45.416636
            ],
            [
              -69.435985,
              45.416015
            ],
            [
              -69.432003,
              45.419905
            ],
            [
              -69.42619,
              45.420669
            ],
            [
              -69.421662,
              45.417567
            ],
            [
              -69.419394,
              45.41691
            ],
            [
              -69.418868,
              45.41945
            ],
            [
              -69.417017,
              45.419502
            ],
            [
              -69.416,
              45.42041
            ],
            [
              -69.413609,
              45.420428
            ],
            [
              -69.411751,
              45.421672
            ],
            [
              -69.41046,
              45.420291
            ],
            [
              -69.409476,
              45.416045
            ],
            [
              -69.408131,
              45.414642
            ],
            [
              -69.405433,
              45.414084
            ],
            [
              -69.403118,
              45.415033
            ],
            [
              -69.396656,
              45.413395
            ],
            [
              -69.397353,
              45.414653
            ],
            [
              -69.395365,
              45.415888
            ],
            [
              -69.386206,
              45.41677
            ],
            [
              -69.384526,
              45.417586
            ],
            [
              -69.377109,
              45.416845
            ],
            [
              -69.373024,
              45.415252
            ],
            [
              -69.371597,
              45.415891
            ],
            [
              -69.367389,
              45.415734
            ],
            [
              -69.364486,
              45.417881
            ],
            [
              -69.358653,
              45.419299
            ],
            [
              -69.350184,
              45.422584
            ],
            [
              -69.344412,
              45.42316
            ],
            [
              -69.343012,
              45.424523
            ],
            [
              -69.340499,
              45.424864
            ],
            [
              -69.337097,
              45.42757
            ],
            [
              -69.335922,
              45.427726
            ],
            [
              -69.334064,
              45.429424
            ],
            [
              -69.329864,
              45.430899
            ],
            [
              -69.328197,
              45.43066
            ],
            [
              -69.320835,
              45.43241
            ],
            [
              -69.317256,
              45.432447
            ],
            [
              -69.31438,
              45.435105
            ],
            [
              -69.309578,
              45.437648
            ],
            [
              -69.309285,
              45.440182
            ],
            [
              -69.308499,
              45.44014
            ],
            [
              -69.306068,
              45.442716
            ],
            [
              -69.298049,
              45.445451
            ],
            [
              -69.29671,
              45.443974
            ],
            [
              -69.294354,
              45.44371
            ],
            [
              -69.29156,
              45.446949
            ],
            [
              -69.284327,
              45.449582
            ],
            [
              -69.280625,
              45.449069
            ],
            [
              -69.276466,
              45.450226
            ],
            [
              -69.270278,
              45.44935
            ],
            [
              -69.269649,
              45.451165
            ],
            [
              -69.263638,
              45.451891
            ],
            [
              -69.261658,
              45.455136
            ],
            [
              -69.258673,
              45.456506
            ],
            [
              -69.254103,
              45.456602
            ],
            [
              -69.253407,
              45.458921
            ],
            [
              -69.256405,
              45.46013
            ],
            [
              -69.263153,
              45.459768
            ],
            [
              -69.266213,
              45.461678
            ],
            [
              -69.26482,
              45.463058
            ],
            [
              -69.265141,
              45.464925
            ],
            [
              -69.268693,
              45.465709
            ],
            [
              -69.268768,
              45.466591
            ],
            [
              -69.27288,
              45.467301
            ],
            [
              -69.273187,
              45.467958
            ],
            [
              -69.293992,
              45.468968
            ],
            [
              -69.29531,
              45.471589
            ],
            [
              -69.292755,
              45.475484
            ],
            [
              -69.290741,
              45.476772
            ],
            [
              -69.290638,
              45.477942
            ],
            [
              -69.288466,
              45.478483
            ],
            [
              -69.28708,
              45.479999
            ],
            [
              -69.28809,
              45.480901
            ],
            [
              -69.290672,
              45.479378
            ],
            [
              -69.298595,
              45.479776
            ],
            [
              -69.302776,
              45.484346
            ],
            [
              -69.304599,
              45.484949
            ],
            [
              -69.303397,
              45.490528
            ],
            [
              -69.306641,
              45.492266
            ],
            [
              -69.307638,
              45.494113
            ],
            [
              -69.311723,
              45.497455
            ],
            [
              -69.313717,
              45.497796
            ],
            [
              -69.313888,
              45.49974
            ],
            [
              -69.318089,
              45.502726
            ],
            [
              -69.318096,
              45.504143
            ],
            [
              -69.319755,
              45.505628
            ],
            [
              -69.321442,
              45.509174
            ],
            [
              -69.320056,
              45.512095
            ],
            [
              -69.320896,
              45.513159
            ],
            [
              -69.320513,
              45.515419
            ],
            [
              -69.322078,
              45.518363
            ],
            [
              -69.320411,
              45.520568
            ],
            [
              -69.320917,
              45.521737
            ],
            [
              -69.315766,
              45.526855
            ],
            [
              -69.316682,
              45.528135
            ],
            [
              -69.314592,
              45.531413
            ],
            [
              -69.316894,
              45.534228
            ],
            [
              -69.321722,
              45.536686
            ],
            [
              -69.321982,
              45.537981
            ],
            [
              -69.317488,
              45.543223
            ],
            [
              -69.311812,
              45.545134
            ],
            [
              -69.307523,
              45.54497
            ],
            [
              -69.305514,
              45.544111
            ],
            [
              -69.302926,
              45.545126
            ],
            [
              -69.298015,
              45.544162
            ],
            [
              -69.292537,
              45.546805
            ],
            [
              -69.288063,
              45.54791
            ],
            [
              -69.282025,
              45.551467
            ],
            [
              -69.278235,
              45.552169
            ],
            [
              -69.27652,
              45.551498
            ],
            [
              -69.270667,
              45.552655
            ],
            [
              -69.263939,
              45.555695
            ],
            [
              -69.263768,
              45.556344
            ],
            [
              -69.256938,
              45.558641
            ],
            [
              -69.25618,
              45.557963
            ],
            [
              -69.252847,
              45.557525
            ],
            [
              -69.250716,
              45.55645
            ],
            [
              -69.25032,
              45.555348
            ],
            [
              -69.245135,
              45.554018
            ],
            [
              -69.239179,
              45.558279
            ],
            [
              -69.236714,
              45.557825
            ],
            [
              -69.230908,
              45.560348
            ],
            [
              -69.233627,
              45.561401
            ],
            [
              -69.234801,
              45.561034
            ],
            [
              -69.233032,
              45.563112
            ],
            [
              -69.228483,
              45.564795
            ],
            [
              -69.224351,
              45.576068
            ],
            [
              -69.22306,
              45.577011
            ],
            [
              -69.225212,
              45.578614
            ],
            [
              -69.225239,
              45.58027
            ],
            [
              -69.219174,
              45.583702
            ],
            [
              -69.217541,
              45.583777
            ],
            [
              -69.210008,
              45.589228
            ],
            [
              -69.208321,
              45.58956
            ],
            [
              -69.204578,
              45.592357
            ],
            [
              -69.201149,
              45.596467
            ],
            [
              -69.193527,
              45.596557
            ],
            [
              -69.192379,
              45.598827
            ],
            [
              -69.187994,
              45.600702
            ],
            [
              -69.187188,
              45.601797
            ],
            [
              -69.185815,
              45.601894
            ],
            [
              -69.183288,
              45.603635
            ],
            [
              -69.183056,
              45.606345
            ],
            [
              -69.180488,
              45.607204
            ],
            [
              -69.178924,
              45.606599
            ],
            [
              -69.175891,
              45.606986
            ],
            [
              -69.172168,
              45.609373
            ],
            [
              -69.166172,
              45.611677
            ],
            [
              -69.162169,
              45.616277
            ],
            [
              -69.158283,
              45.618547
            ],
            [
              -69.156152,
              45.617222
            ],
            [
              -69.155947,
              45.615552
            ],
            [
              -69.153652,
              45.615839
            ],
            [
              -69.151398,
              45.614861
            ],
            [
              -69.147689,
              45.614996
            ],
            [
              -69.148113,
              45.616049
            ],
            [
              -69.143086,
              45.618094
            ],
            [
              -69.136672,
              45.615987
            ],
            [
              -69.127957,
              45.616883
            ],
            [
              -69.127151,
              45.61602
            ],
            [
              -69.124917,
              45.616239
            ],
            [
              -69.12226,
              45.623127
            ],
            [
              -69.116352,
              45.622355
            ],
            [
              -69.113504,
              45.626678
            ],
            [
              -69.109331,
              45.627969
            ],
            [
              -69.104939,
              45.628284
            ],
            [
              -69.10067,
              45.632707
            ],
            [
              -69.096012,
              45.635178
            ],
            [
              -69.094919,
              45.636947
            ],
            [
              -69.0866,
              45.641148
            ],
            [
              -69.086115,
              45.642782
            ],
            [
              -69.080528,
              45.645212
            ],
            [
              -69.071799,
              45.644174
            ],
            [
              -69.069798,
              45.645669
            ],
            [
              -69.058514,
              45.650086
            ],
            [
              -69.051151,
              45.649513
            ],
            [
              -69.049382,
              45.648691
            ],
            [
              -69.04846,
              45.650284
            ],
            [
              -69.050147,
              45.651913
            ],
            [
              -69.049949,
              45.652988
            ],
            [
              -69.048125,
              45.65357
            ],
            [
              -69.040298,
              45.651566
            ],
            [
              -69.037914,
              45.650162
            ],
            [
              -69.031754,
              45.650749
            ],
            [
              -69.030517,
              45.651623
            ],
            [
              -69.023489,
              45.650715
            ],
            [
              -69.021986,
              45.649586
            ],
            [
              -69.020682,
              45.649528
            ],
            [
              -69.018844,
              45.650774
            ],
            [
              -69.01435,
              45.651446
            ],
            [
              -69.013285,
              45.653386
            ],
            [
              -69.008872,
              45.654205
            ],
            [
              -69.006352,
              45.655987
            ],
            [
              -69.004385,
              45.655587
            ],
            [
              -69.002028,
              45.656411
            ],
            [
              -69.001953,
              45.657059
            ],
            [
              -68.999856,
              45.65795
            ],
            [
              -68.998436,
              45.657554
            ],
            [
              -68.996202,
              45.660254
            ],
            [
              -68.992439,
              45.659993
            ],
            [
              -68.992036,
              45.663926
            ],
            [
              -68.990527,
              45.664241
            ],
            [
              -68.99166,
              45.670569
            ],
            [
              -68.993429,
              45.672864
            ],
            [
              -69.0039,
              45.677009
            ],
            [
              -69.004515,
              45.67817
            ],
            [
              -69.009241,
              45.678408
            ],
            [
              -69.013046,
              45.679785
            ],
            [
              -69.016222,
              45.680032
            ],
            [
              -69.018694,
              45.681602
            ],
            [
              -69.018845,
              45.682899
            ],
            [
              -69.020723,
              45.684451
            ],
            [
              -69.01948,
              45.686553
            ],
            [
              -69.017069,
              45.686868
            ],
            [
              -69.012117,
              45.685712
            ],
            [
              -69.007903,
              45.688062
            ],
            [
              -69.006051,
              45.701019
            ],
            [
              -69.007356,
              45.706118
            ],
            [
              -69.01172,
              45.709272
            ],
            [
              -69.011591,
              45.713894
            ],
            [
              -69.017663,
              45.716823
            ],
            [
              -69.021023,
              45.716624
            ],
            [
              -69.025265,
              45.717582
            ],
            [
              -69.029527,
              45.72052
            ],
            [
              -69.02939,
              45.721856
            ],
            [
              -69.030251,
              45.722032
            ],
            [
              -69.030046,
              45.725241
            ],
            [
              -69.028864,
              45.72561
            ],
            [
              -69.027307,
              45.727995
            ],
            [
              -69.027956,
              45.730853
            ],
            [
              -69.030237,
              45.731104
            ],
            [
              -69.033919,
              45.7328
            ],
            [
              -69.034889,
              45.734334
            ],
            [
              -69.035729,
              45.734051
            ],
            [
              -69.039342,
              45.735265
            ],
            [
              -69.042771,
              45.73471
            ],
            [
              -69.044144,
              45.733701
            ],
            [
              -69.046848,
              45.733264
            ],
            [
              -69.048631,
              45.73518
            ],
            [
              -69.067277,
              45.735999
            ],
            [
              -69.078581,
              45.733053
            ],
            [
              -69.079886,
              45.733358
            ],
            [
              -69.082536,
              45.730989
            ],
            [
              -69.085378,
              45.729731
            ],
            [
              -69.08854,
              45.730368
            ],
            [
              -69.093491,
              45.733019
            ],
            [
              -69.095261,
              45.733031
            ],
            [
              -69.097228,
              45.73401
            ],
            [
              -69.102514,
              45.73482
            ],
            [
              -69.10388,
              45.736921
            ],
            [
              -69.107726,
              45.737169
            ],
            [
              -69.109795,
              45.736308
            ],
            [
              -69.118982,
              45.735529
            ],
            [
              -69.123326,
              45.736982
            ],
            [
              -69.128264,
              45.740951
            ],
            [
              -69.128783,
              45.742795
            ],
            [
              -69.129999,
              45.742772
            ],
            [
              -69.130204,
              45.742033
            ],
            [
              -69.131112,
              45.742653
            ],
            [
              -69.13239,
              45.74217
            ],
            [
              -69.132717,
              45.742935
            ],
            [
              -69.140886,
              45.744874
            ],
            [
              -69.145128,
              45.748014
            ],
            [
              -69.144602,
              45.748582
            ],
            [
              -69.148297,
              45.750764
            ],
            [
              -69.151063,
              45.753691
            ],
            [
              -69.151296,
              45.752862
            ],
            [
              -69.155729,
              45.754859
            ],
            [
              -69.157169,
              45.754861
            ],
            [
              -69.158665,
              45.756407
            ],
            [
              -69.159915,
              45.755015
            ],
            [
              -69.16152,
              45.755998
            ],
            [
              -69.162449,
              45.755417
            ],
            [
              -69.165099,
              45.7558
            ],
            [
              -69.165154,
              45.757172
            ],
            [
              -69.166172,
              45.75731
            ],
            [
              -69.165427,
              45.757901
            ],
            [
              -69.163406,
              45.757098
            ],
            [
              -69.16473,
              45.759855
            ],
            [
              -69.173453,
              45.761957
            ],
            [
              -69.175037,
              45.763283
            ],
            [
              -69.178883,
              45.764406
            ],
            [
              -69.179907,
              45.766308
            ],
            [
              -69.179375,
              45.767056
            ],
            [
              -69.180071,
              45.767996
            ],
            [
              -69.178036,
              45.769758
            ],
            [
              -69.178562,
              45.77059
            ],
            [
              -69.179853,
              45.770498
            ],
            [
              -69.180037,
              45.769737
            ],
            [
              -69.181055,
              45.769695
            ],
            [
              -69.182148,
              45.77076
            ],
            [
              -69.184518,
              45.770792
            ],
            [
              -69.185897,
              45.772271
            ],
            [
              -69.185071,
              45.773852
            ],
            [
              -69.182619,
              45.775111
            ],
            [
              -69.18128,
              45.779632
            ],
            [
              -69.175994,
              45.779203
            ],
            [
              -69.174026,
              45.779904
            ],
            [
              -69.172865,
              45.779307
            ],
            [
              -69.170099,
              45.780603
            ],
            [
              -69.165741,
              45.778278
            ],
            [
              -69.162688,
              45.782589
            ],
            [
              -69.160981,
              45.78756
            ],
            [
              -69.163617,
              45.790135
            ],
            [
              -69.162026,
              45.795493
            ],
            [
              -69.163426,
              45.796913
            ],
            [
              -69.165598,
              45.797031
            ],
            [
              -69.168596,
              45.798994
            ],
            [
              -69.170468,
              45.799045
            ],
            [
              -69.171096,
              45.799768
            ],
            [
              -69.169751,
              45.802952
            ],
            [
              -69.171902,
              45.805051
            ],
            [
              -69.171356,
              45.805933
            ],
            [
              -69.172032,
              45.807224
            ],
            [
              -69.170127,
              45.808392
            ],
            [
              -69.169976,
              45.810845
            ],
            [
              -69.166254,
              45.81302
            ],
            [
              -69.16568,
              45.817467
            ],
            [
              -69.161643,
              45.819282
            ],
            [
              -69.153413,
              45.820031
            ],
            [
              -69.150776,
              45.819634
            ],
            [
              -69.150291,
              45.818442
            ],
            [
              -69.145654,
              45.819848
            ],
            [
              -69.143277,
              45.819194
            ],
            [
              -69.139008,
              45.822453
            ],
            [
              -69.133004,
              45.823176
            ],
            [
              -69.125518,
              45.822761
            ],
            [
              -69.124091,
              45.823204
            ],
            [
              -69.120655,
              45.822379
            ],
            [
              -69.117575,
              45.820636
            ],
            [
              -69.107418,
              45.81989
            ],
            [
              -69.10248,
              45.818104
            ],
            [
              -69.093635,
              45.810956
            ],
            [
              -69.085733,
              45.806606
            ],
            [
              -69.079872,
              45.805215
            ],
            [
              -69.070419,
              45.805347
            ],
            [
              -69.068916,
              45.808746
            ],
            [
              -69.062155,
              45.815856
            ],
            [
              -69.05734,
              45.814886
            ],
            [
              -69.056062,
              45.815202
            ],
            [
              -69.054737,
              45.814545
            ],
            [
              -69.044061,
              45.81815
            ],
            [
              -69.038085,
              45.817225
            ],
            [
              -69.031685,
              45.817137
            ],
            [
              -69.028994,
              45.818637
            ],
            [
              -69.021979,
              45.817657
            ],
            [
              -69.017779,
              45.818319
            ],
            [
              -69.015614,
              45.817406
            ],
            [
              -69.008149,
              45.820013
            ],
            [
              -69.003681,
              45.820832
            ],
            [
              -69.001803,
              45.820445
            ],
            [
              -68.998771,
              45.822308
            ],
            [
              -68.992514,
              45.823671
            ],
            [
              -68.988389,
              45.823388
            ],
            [
              -68.984564,
              45.8257
            ],
            [
              -68.980049,
              45.826609
            ],
            [
              -68.975725,
              45.829528
            ],
            [
              -68.976552,
              45.832373
            ],
            [
              -68.971238,
              45.835072
            ],
            [
              -68.958677,
              45.83491
            ],
            [
              -68.961403,
              45.8383
            ],
            [
              -68.964387,
              45.839287
            ],
            [
              -68.973055,
              45.83797
            ],
            [
              -68.975302,
              45.839042
            ],
            [
              -68.976566,
              45.840617
            ],
            [
              -68.982802,
              45.841726
            ],
            [
              -68.988259,
              45.840471
            ],
            [
              -68.997705,
              45.843819
            ],
            [
              -69.008681,
              45.844049
            ],
            [
              -69.014719,
              45.84682
            ],
            [
              -69.020402,
              45.848246
            ],
            [
              -69.019801,
              45.853313
            ],
            [
              -69.02185,
              45.853097
            ],
            [
              -69.022266,
              45.852336
            ],
            [
              -69.026972,
              45.854505
            ],
            [
              -69.030169,
              45.854945
            ],
            [
              -69.031521,
              45.857091
            ],
            [
              -69.033126,
              45.857446
            ],
            [
              -69.032723,
              45.85966
            ],
            [
              -69.031569,
              45.86034
            ],
            [
              -69.033844,
              45.862563
            ],
            [
              -69.034014,
              45.865492
            ],
            [
              -69.036972,
              45.869515
            ],
            [
              -69.036603,
              45.870838
            ],
            [
              -69.038044,
              45.872547
            ],
            [
              -69.035695,
              45.873961
            ],
            [
              -69.034178,
              45.875991
            ],
            [
              -69.033755,
              45.879461
            ],
            [
              -69.030189,
              45.881438
            ],
            [
              -69.031542,
              45.882459
            ],
            [
              -69.029663,
              45.883648
            ],
            [
              -69.027655,
              45.883626
            ],
            [
              -69.025443,
              45.882231
            ],
            [
              -69.024336,
              45.882636
            ],
            [
              -69.019281,
              45.881773
            ],
            [
              -69.009173,
              45.890104
            ],
            [
              -69.007206,
              45.88992
            ],
            [
              -69.004105,
              45.887823
            ],
            [
              -69.002718,
              45.887769
            ],
            [
              -69.001332,
              45.885515
            ],
            [
              -68.999686,
              45.885483
            ],
            [
              -68.999447,
              45.886536
            ],
            [
              -68.992869,
              45.892917
            ],
            [
              -68.985964,
              45.8964
            ],
            [
              -68.982644,
              45.895859
            ],
            [
              -68.976996,
              45.896601
            ],
            [
              -68.969565,
              45.895452
            ],
            [
              -68.966027,
              45.895689
            ],
            [
              -68.960467,
              45.8976
            ],
            [
              -68.953521,
              45.897692
            ],
            [
              -68.947169,
              45.899966
            ],
            [
              -68.938644,
              45.898157
            ],
            [
              -68.932115,
              45.899297
            ],
            [
              -68.926152,
              45.902952
            ],
            [
              -68.921152,
              45.90424
            ]
          ]
        ]
      }
    }
  ]
}