{"type":"FeatureCollection","features":[{"type":"Feature","id":4140,"geometry":{"type":"MultiPolygon","coordinates":[[[[-78.78027620438084,41.982641961173407],[-78.780274854501798,41.984199931461148],[-78.762113158761139,41.984059052222548],[-78.762121069020992,41.987364412832534],[-78.755336767240436,41.99198725398012],[-78.753098797035577,41.998423375265247],[-78.759357989004428,41.998343004979041],[-78.779412715317207,41.998151784073976],[-78.780116985539081,41.998147374042574],[-78.79912752152967,41.998058553201147],[-78.811654725477553,41.998009742648158],[-78.818542237647719,41.997978722343262],[-78.827424720446288,41.997938721949922],[-78.845380006102985,41.997857981154546],[-78.850797557809514,41.997832810914296],[-78.854269678903236,41.997816540760276],[-78.857247079841102,41.997802520628213],[-78.86061329090137,41.997786600478811],[-78.864016281973235,41.997770420327797],[-78.87415349516597,41.997721519877608],[-78.874762215357677,41.997718549850575],[-78.877473956211688,41.997705239730116],[-78.879485376846674,41.99771539964442],[-78.881495007480993,41.997723399558389],[-78.884773838515827,41.99773634941802],[-78.8869450992011,41.997744889325055],[-78.88767922943282,41.997748669293834],[-78.890681980380791,41.99776430916593],[-78.893714211338065,41.997779949036747],[-78.896508762220236,41.997794338917686],[-78.89790149265994,41.997801888858426],[-78.899422863141041,41.997820678795641],[-78.90256361413465,41.997864548666868],[-78.904992984903402,41.99790077856774],[-78.905684135122058,41.997911028539519],[-78.907504605698151,41.997938088465162],[-78.910593926675659,41.997983928338989],[-78.91302994744315,41.997978718231877],[-78.913398997559341,41.997976458215398],[-78.914444027890084,41.997993148172931],[-78.915472278215503,41.998009558131145],[-78.918967049322191,41.998072947990487],[-78.923235130671173,41.998118687812877],[-78.931276063211541,41.998191777475732],[-78.933401753883558,41.998216597387568],[-78.936798444957219,41.998255157246554],[-78.938876665614117,41.998278987160326],[-78.944081967258214,41.998322766941328],[-78.944199647295491,41.998324836936554],[-78.944339887339908,41.998327346930914],[-78.948196148558651,41.998369336770395],[-78.948563568674587,41.998371386754712],[-78.948817448754951,41.998375906744478],[-78.949166168865389,41.998382096730424],[-78.954014840396411,41.998419046525626],[-78.958863611927114,41.998451316319972],[-78.959587652156316,41.998464186290725],[-78.959789742220252,41.998467776282553],[-78.960213792354324,41.998472666264959],[-78.960506342446777,41.998476046252833],[-78.96137837272245,41.998487016216721],[-78.961866472876579,41.998491146196223],[-78.962693963138179,41.998501306161963],[-78.963705433458045,41.998514786120303],[-78.971243365842568,41.99863021581244],[-78.976939067644494,41.998719175580057],[-78.977940207961169,41.998734775539255],[-78.983148019605537,41.998776845319533],[-78.983316319658442,41.998775315311875],[-78.98777113106695,41.998835465128344],[-78.991158562138239,41.998885714989569],[-78.996052813684642,41.998939744785638],[-78.999369764734311,41.998997554651368],[-78.99926583449664,41.996388474175049],[-78.999020504043045,41.991597433302751],[-78.991222931590784,41.991654873654028],[-78.989954801192098,41.991665663711416],[-78.989834071154092,41.991666743716877],[-78.988625180774022,41.991676993771584],[-78.988002620578058,41.991679603799277],[-78.988035620385659,41.989095423321494],[-78.977841317163012,41.988961383741966],[-78.977844456938271,41.986083953211313],[-78.97784643679482,41.984246762872466],[-78.975292195985347,41.984187062973035],[-78.975188635952506,41.984184632977048],[-78.975084975919685,41.98418221298116],[-78.974790915826432,41.984175282992723],[-78.974717825803268,41.984173582995609],[-78.974840355637582,41.981568452509883],[-78.966774083079528,41.981358362823208],[-78.966917292842481,41.977758402153022],[-78.96695522192276,41.965866429957842],[-78.965727191536288,41.965871730012395],[-78.965209100877303,41.959540168866752],[-78.965390780934825,41.959543398859417],[-78.966029520493734,41.951336517317081],[-78.966063779233181,41.935080884314829],[-78.966080138626381,41.927250242868134],[-78.965223478355725,41.927239632903486],[-78.965671627924849,41.919916461531386],[-78.967925868629024,41.919842391419529],[-78.972083839927805,41.919705651213086],[-78.982539573194387,41.919371850695839],[-78.988119394965295,41.919548140485126],[-78.995046557163619,41.919766510223475],[-78.999766128655693,41.919842830031762],[-79.002167539414856,41.919881579934163],[-79.002169059201591,41.917148259429304],[-79.001732599034355,41.916766909377912],[-79.001394938926211,41.91674298938824],[-79.000822808695276,41.91609355929323],[-79.000833418674006,41.915778549234581],[-79.000423838544137,41.915766949250319],[-78.999766038322178,41.915577079243938],[-78.999411018202352,41.915474589240475],[-78.998443517868949,41.91510644921469],[-78.998095697722704,41.914636639143055],[-78.997752997612608,41.914608139152769],[-78.997301877460472,41.914478679148523],[-78.996662417227981,41.914080239102802],[-78.995761256913795,41.91369079907016],[-78.994800226536356,41.912732818935098],[-78.994003356273055,41.91257477894068],[-78.993453166069898,41.912191448893815],[-78.993035575931131,41.912098578894856],[-78.992748885811622,41.91172432883824],[-78.992063045590214,41.911653748855095],[-78.991429335364074,41.911314018819958],[-78.990542205036434,41.910695058744295],[-78.990777564723231,41.905736717818051],[-78.988693584062759,41.9056816078987],[-78.987751703764289,41.905656697935093],[-78.987933393498949,41.901525977163985],[-78.989344373859353,41.900451936904041],[-78.989356333705999,41.898439256531603],[-78.995664615688739,41.898396376248783],[-78.995820145168793,41.891108454895253],[-78.989524263183483,41.89106601516167],[-78.989822192303379,41.878579452840469],[-78.989844392036758,41.875069932190641],[-78.989845352025597,41.874922622163311],[-78.989846642010619,41.874725162126758],[-78.995938453923429,41.874665021850362],[-78.995934653342118,41.867222510474321],[-78.995934593332905,41.867104540452495],[-78.996043262789797,41.859694869077366],[-78.996044642782905,41.859600599059831],[-78.999764283962222,41.859712038918516],[-78.999765473962626,41.859712068918441],[-79.00664594613049,41.859744258624822],[-79.013415028261818,41.85975912833279],[-79.013501057829174,41.853859317237792],[-79.013504177616895,41.851122196731325],[-79.019582029538356,41.851237466487916],[-79.019676089282996,41.84757952580717],[-79.019634749139215,41.845901455498542],[-79.019634729139199,41.845900525498379],[-79.01942703906856,41.845833135494914],[-79.019305749027353,41.845793775492908],[-79.018923858895874,41.845648755482706],[-79.01862094879165,41.845533735474625],[-79.014051367207941,41.843660185326961],[-79.013642947064923,41.84347367531025],[-79.013587057045356,41.843448155307961],[-79.013588897032662,41.8432780552764],[-79.013644377051804,41.843299405277932],[-79.014159577229336,41.843497685292206],[-79.018733638814766,41.845375425440452],[-79.019395539043316,41.845635825459816],[-79.019598569111523,41.845691915461344],[-79.019637739124718,41.845702735461636],[-79.019638829119486,41.845630835448262],[-79.019205098964406,41.845392665423091],[-79.018634518758176,41.845049585384459],[-79.018047838564769,41.844935885389013],[-79.01764622842029,41.84470379536355],[-79.01731737829185,41.844382895318461],[-79.016814038109999,41.84408150528462],[-79.016177857887214,41.843791315258649],[-79.015390527627929,41.843642625265417],[-79.015387987627051,41.843642035265411],[-79.013644707046865,41.843234705265957],[-79.013589497028448,41.843221805265969],[-79.013645247033978,41.843067595234999],[-79.013646646981186,41.842383565108392],[-79.013646686979726,41.842365115104933],[-79.013648066948292,41.841955325029062],[-79.014482877207186,41.841906714983757],[-79.015876197645667,41.84190827492337],[-79.01714067806104,41.842132754909855],[-79.01875610861633,41.842736984951316],[-79.019059098720504,41.84285029495905],[-79.019059178720539,41.842850334959074],[-79.022245339811448,41.843986005030466],[-79.022889000030219,41.844194225040944],[-79.024348020526006,41.844666195064697],[-79.028981502077357,41.845867065085081],[-79.0307695426756,41.846324735091819],[-79.03382780369877,41.847107425103403],[-79.035909074390759,41.847584345100927],[-79.03734662485634,41.847755285069873],[-79.039226745465285,41.84797882502933],[-79.041591316226729,41.848203754967891],[-79.045073127343571,41.848479214867041],[-79.049499448717697,41.848243764630539],[-79.049569348739269,41.848237774626412],[-79.051167539231329,41.848100914531422],[-79.052862519744338,41.847841464409562],[-79.053994560068702,41.847434814284981],[-79.055280560437282,41.846972844143465],[-79.057293161024916,41.846389933947911],[-79.059304051618298,41.84588801376735],[-79.065116873295665,41.843950673155547],[-79.065533563408323,41.843714513093708],[-79.066243143602918,41.843348162994957],[-79.066673133716307,41.843067232924277],[-79.067016733807918,41.842856862870399],[-79.067299563881804,41.842663482822239],[-79.067594703958846,41.842461302772001],[-79.067717773990736,41.842373292750331],[-79.068037554074152,41.842153482695771],[-79.068405784172185,41.841925502637494],[-79.068736164262532,41.841751002590861],[-79.068943564320975,41.841664432565793],[-79.069284104419424,41.841553042530307],[-79.069637054521053,41.841432842492715],[-79.069928684606126,41.841347712464248],[-79.070197304681173,41.841226162430033],[-79.070381334730129,41.841112172400926],[-79.070530654764681,41.840952512364872],[-79.070694994796185,41.840694142309928],[-79.070810694813744,41.84045284226022],[-79.071132174861916,41.839773832120613],[-79.071386954905833,41.83930977202364],[-79.071702504967604,41.838828711920925],[-79.072143555055632,41.83817864178144],[-79.072281635084479,41.837991831740851],[-79.072457665120396,41.837742541687071],[-79.072707045176685,41.837458541623619],[-79.073007315241995,41.837085371541505],[-79.073358105316984,41.836631911442325],[-79.073433615332391,41.836525111419284],[-79.073546535356115,41.836373901386366],[-79.073798885405665,41.835990841304515],[-79.074161445485004,41.835546551206498],[-79.074263395502442,41.835359111167385],[-79.074362915525455,41.835252761143373],[-79.074564115566503,41.834967871081894],[-79.074614455576807,41.834896661066551],[-79.074975405659927,41.834506500978641],[-79.075386605753238,41.834045040875324],[-79.075574945792368,41.833787030819352],[-79.075780005824797,41.833376100734398],[-79.075858945832152,41.833152330689558],[-79.075949645843934,41.832937650645881],[-79.076109225855006,41.832436010546132],[-79.076229415862088,41.832041710467912],[-79.076383505885488,41.831720050401671],[-79.076472595900938,41.831559400368086],[-79.076609065933525,41.831426610337552],[-79.076867705999746,41.831232790290436],[-79.077151076072397,41.83102143023897],[-79.077676626217269,41.830760010167694],[-79.078237876374857,41.830517190098291],[-79.078833826546912,41.830320040035801],[-79.079684456794453,41.830064089951364],[-79.079903996856046,41.829968709924138],[-79.080560177047133,41.829772449859206],[-79.081021537182252,41.829645069815534],[-79.081688867378958,41.829476139755123],[-79.082633627661878,41.82929373968021],[-79.083650037968752,41.829130569605688],[-79.084604868259746,41.829011449541973],[-79.085366588491169,41.82890698948944],[-79.086369328797957,41.828797669425484],[-79.087904019266375,41.828616069324916],[-79.088592739476866,41.828537409280322],[-79.089136999641653,41.828456409241568],[-79.089583979778581,41.828409839213464],[-79.090296709996622,41.828331629167934],[-79.090683190115129,41.828293059143903],[-79.090887800179743,41.828296389135581],[-79.091103920249409,41.828318049130175],[-79.091284980305161,41.828303039119533],[-79.09164799041487,41.828246039093102],[-79.092060360536635,41.828144809056418],[-79.092352720619814,41.828032529022892],[-79.092731200725282,41.827858748974215],[-79.093317710887291,41.827571248895417],[-79.09382906103329,41.827381558837992],[-79.094399291201384,41.827237898786549],[-79.095004231383982,41.827139908742041],[-79.095643961581047,41.827087408704443],[-79.096077551717244,41.827085608685181],[-79.096871361969292,41.827116808656278],[-79.097209122073806,41.827095408637604],[-79.097643782207527,41.827057558611621],[-79.098115582350175,41.82698429857745],[-79.098841972568295,41.826852228521382],[-79.099628512805367,41.826721158462796],[-79.100087982944814,41.82665669843081],[-79.1005108730741,41.826609588403635],[-79.100716483136239,41.82657704838865],[-79.101251113291681,41.826414688335291],[-79.10168731342165,41.826322898299281],[-79.102146783561096,41.826258438267253],[-79.102545313683393,41.826219968242754],[-79.103028793830418,41.826155868209838],[-79.103147823865555,41.826126288199156],[-79.103428943949041,41.826063448175226],[-79.104135194150246,41.825795908094918],[-79.104390604223823,41.825710048067869],[-79.10499985439651,41.825467857996472],[-79.10596223466942,41.825087497884098],[-79.106593424846594,41.824814197805985],[-79.107010284967984,41.824690497764941],[-79.107154755011493,41.824665857754084],[-79.107723555182616,41.824567147710972],[-79.108510095419675,41.8244359876524],[-79.109041755581927,41.824372697617477],[-79.109380055685222,41.824333227595403],[-79.109707375782236,41.824257537567107],[-79.11026574594581,41.824104617514429],[-79.111210326228559,41.823922027439423],[-79.112637586660171,41.823702317336448],[-79.113653006968761,41.823565847266892],[-79.11405125709166,41.823536357244016],[-79.11489766734833,41.823415177184707],[-79.115598887561248,41.823318617136188],[-79.11573328760231,41.823302797127397],[-79.116408347808374,41.823223777083335],[-79.117397338114941,41.823167947029809],[-79.117529758156749,41.823170107024438],[-79.117853038262993,41.823229437021304],[-79.118378958438882,41.823364197023253],[-79.118677428539385,41.823450147026151],[-79.118903708617196,41.823534917031928],[-79.119290538751159,41.823693777044454],[-79.119748498909843,41.823881937059241],[-79.12069028923105,41.824203597077627],[-79.120756269252567,41.824213667076584],[-79.124768960646847,41.825913767215823],[-79.125852801023413,41.826372887253413],[-79.125845060846231,41.824134646839738],[-79.128379341642571,41.824129426728085],[-79.134656613614894,41.824116036451407],[-79.134653653350583,41.820742985827593],[-79.139984815030374,41.820793145603972],[-79.149175557925972,41.820878825218188],[-79.150093888201781,41.820713495147452],[-79.156971960367699,41.820765544856449],[-79.158519860835753,41.820529204745043],[-79.160531461465595,41.820498364651378],[-79.161610981752432,41.819826634479988],[-79.161757341791187,41.819734394456503],[-79.162408301960738,41.819285524345005],[-79.162560231988223,41.819026704290494],[-79.162716932003946,41.818596894204177],[-79.16273311198546,41.818295454147673],[-79.162768531944934,41.817634064023785],[-79.166504333109614,41.817513593838193],[-79.167745133497604,41.817488423779281],[-79.167953333565777,41.817523213776582],[-79.16808054360763,41.8175477537756],[-79.168723513829505,41.81780118379433],[-79.169204563982035,41.817817903776408],[-79.169712594135277,41.817735913739014],[-79.170459214369473,41.817729803705213],[-79.171646254755956,41.817901783685116],[-79.171813644809831,41.817917963680777],[-79.172318434972937,41.817975503669345],[-79.172811265129852,41.818001393652615],[-79.173512845341335,41.817886413600675],[-79.174664825680907,41.817598553497042],[-79.175769876002079,41.817264843386958],[-79.176512446213124,41.816979403301723],[-79.17675437628597,41.816938233283494],[-79.177235246439068,41.816963853267218],[-79.177798826622521,41.817044853257514],[-79.177929276666873,41.817087463259746],[-79.178705026931695,41.817356453275551],[-79.179528237211088,41.817621653288583],[-79.179803237302764,41.817689083289032],[-79.180220377445664,41.817839753298621],[-79.180216057456263,41.817992853327112],[-79.179925957401366,41.81845655342557],[-79.179196687257871,41.819552793660186],[-79.178942177215603,41.820035113760518],[-79.17894963723063,41.820197383790244],[-79.179087457292397,41.820433723827954],[-79.17929764737633,41.820662253860974],[-79.179498477450238,41.820800513877771],[-79.17995445759766,41.820852753867491],[-79.180590587803252,41.820925833853174],[-79.181537498112604,41.821075973839513],[-79.182349028387634,41.82133200385131],[-79.183314468718294,41.821680463873555],[-79.184267319046413,41.822046803899582],[-79.184562909154423,41.822240623922475],[-79.184895179268054,41.822358483929733],[-79.18520667937446,41.822466993936175],[-79.185920219623512,41.822784433963641],[-79.186455659809383,41.823009093981774],[-79.186800609929463,41.823158593994279],[-79.187337400112227,41.823338214004039],[-79.187634970215228,41.823459944013528],[-79.187962120345915,41.823816394065091],[-79.188213210463175,41.824306704144796],[-79.188288550511629,41.824623154200026],[-79.188377370593869,41.8253179943246],[-79.188418720634061,41.825665454387043],[-79.188435890650425,41.825805254412124],[-79.188508170706342,41.826229754487471],[-79.188761420784829,41.826215734473749],[-79.189109780896828,41.826248184464497],[-79.18897412089629,41.826786514570003],[-79.188894920991146,41.828316334856275],[-79.188886651044896,41.829036704989832],[-79.188967201114025,41.829596425089811],[-79.189079041172761,41.829898125140666],[-79.189135131202221,41.830049345166174],[-79.189168401220471,41.830148955183141],[-79.189364921305071,41.830440225228365],[-79.189773601469213,41.830897005294908],[-79.190057871571597,41.831063595313246],[-79.190223821631008,41.831156275323146],[-79.190488851723273,41.831271265332802],[-79.190904011833027,41.831006145265611],[-79.190942661843238,41.830981515259374],[-79.191254351926972,41.830800095212204],[-79.19129615193846,41.830778875206448],[-79.191722102054399,41.830549455145395],[-79.191914032108087,41.830465035121371],[-79.192295212214773,41.830297285073684],[-79.192512502277836,41.830231025051887],[-79.192744622345273,41.830160275028675],[-79.193045062434635,41.830095905003596],[-79.193410962543524,41.830017604973115],[-79.194027582730271,41.829928244929597],[-79.194548012886699,41.829837354889996],[-79.194601412902514,41.82982495488536],[-79.194729792940564,41.829795194874272],[-79.195070513044868,41.829759864852832],[-79.195545903190379,41.829710594822856],[-79.195635533217811,41.829701334817287],[-79.196602323512266,41.829581414752745],[-79.197259763718037,41.829570984722054],[-79.197317653736206,41.829570084719307],[-79.197746833870525,41.829563344699288],[-79.197900383920029,41.82957925469551],[-79.198258634035554,41.829616384686695],[-79.199052994298825,41.829790964684186],[-79.203381775761386,41.83109712473609],[-79.204981276299463,41.831549954749711],[-79.205012646310067,41.831559484750102],[-79.205253486395108,41.831678864761621],[-79.205368926435867,41.831736134767169],[-79.206745916924589,41.832451104838981],[-79.207553677209731,41.832851074877532],[-79.208125977405786,41.833058114890754],[-79.208352347483569,41.833142714896439],[-79.209043317721978,41.833414654916446],[-79.209853048002117,41.833742524941563],[-79.210377158183007,41.833948844956751],[-79.210828098343555,41.834190044981582],[-79.211408408553453,41.834541285021054],[-79.211906538731739,41.834819255050625],[-79.212263898855056,41.834959855060958],[-79.212680668999255,41.835128515073855],[-79.213000449114929,41.835322605095691],[-79.213734299381727,41.835784335148915],[-79.213780059398601,41.835816605152843],[-79.214741539753064,41.836484475234151],[-79.215174409910091,41.836752375264695],[-79.216239270281633,41.837223815305165],[-79.217174140603035,41.837576035329306],[-79.218251960973731,41.837984545357564],[-79.219973271538592,41.838290385338581],[-79.222596462420768,41.839029005360146],[-79.223433432715879,41.839438315399043],[-79.225707273471613,41.839964235396565],[-79.227691554125045,41.840346125380115],[-79.229613074787281,41.841091755433673],[-79.230569695268457,41.843394185817118],[-79.231116475467388,41.843740305857104],[-79.231971505742763,41.843825525835307],[-79.236070496938197,41.842645675437595],[-79.237149387311391,41.843081065470727],[-79.238170117662307,41.843465925497036],[-79.239503608112912,41.843869215513052],[-79.239996978273467,41.843939795504454],[-79.240428858399113,41.843811325461743],[-79.240824598534871,41.843956965471307],[-79.240894808562658,41.844030135481752],[-79.240940298584775,41.844129835498144],[-79.240998278609425,41.844211825510754],[-79.241222848692274,41.844368345529837],[-79.241461628773251,41.844444035533364],[-79.241913738931359,41.844649105551412],[-79.24204597897382,41.844660155547651],[-79.242501949121873,41.844721205538924],[-79.243912659561133,41.84467067546769],[-79.243964709577213,41.844666995464728],[-79.244498629794023,41.845292065556777],[-79.245013670003104,41.845894395645452],[-79.245407610163028,41.846355225713282],[-79.245652860262339,41.846638135754795],[-79.24731870093693,41.848564336037455],[-79.249773511931068,41.851402386453934],[-79.254475013835091,41.856837297251218],[-79.255064764056868,41.857301087311001],[-79.258525105092374,41.856642037037332],[-79.258642605115966,41.85647274700095],[-79.261719065737481,41.852079156054522],[-79.267847736975568,41.843327394169073],[-79.266500586492427,41.842563964087184],[-79.265984016299853,41.842177934038538],[-79.265515996128187,41.841864624001246],[-79.265081325957539,41.841430323940102],[-79.264227635621879,41.840570783818784],[-79.263794865426746,41.83981670369851],[-79.263580175333601,41.839489203647396],[-79.26334050523289,41.839165833598187],[-79.263672865324978,41.839008773554596],[-79.266912776243757,41.837747293179369],[-79.267409026385764,41.83757010312479],[-79.267583066437794,41.837536663110996],[-79.267663526454683,41.837429863087706],[-79.267571556410857,41.837239273056539],[-79.267523376386805,41.837125993037752],[-79.267549266387576,41.837031873019235],[-79.267549086379361,41.836928213000071],[-79.267567516377412,41.836829502981047],[-79.267604466380192,41.836717402958705],[-79.268077696454853,41.8357743527637],[-79.269231926636422,41.833468142287003],[-79.269795956722746,41.832310232048286],[-79.270288246820385,41.831583661892452],[-79.270573416881646,41.831223161813327],[-79.272164647211596,41.8290585513435],[-79.273148417414689,41.82770888105091],[-79.273789947553709,41.82691237087559],[-79.274846627786559,41.825649360595818],[-79.275040097835088,41.825493740558592],[-79.275067427841918,41.825471720553296],[-79.275087287846915,41.825455810549492],[-79.275451207938247,41.8251630904794],[-79.2756245379788,41.824985540439009],[-79.275808738026257,41.824853210406495],[-79.275901878053702,41.824830370398196],[-79.276051108097747,41.824793780384844],[-79.276303908177425,41.824797560374492],[-79.27671187830957,41.824848710366027],[-79.277179088463228,41.82493681036177],[-79.277394848534087,41.824976100359564],[-79.277492028561895,41.824941490348913],[-79.277483398549265,41.824815270325935],[-79.277512798543015,41.82461758028812],[-79.277650968569617,41.824403530242499],[-79.277768198580418,41.824071980176093],[-79.277772788568399,41.823900990144331],[-79.277658968513478,41.823656100104039],[-79.277448608424294,41.823361410058851],[-79.277333988375673,41.823200840034204],[-79.276706298112799,41.822362889906884],[-79.276382567991661,41.822114849875248],[-79.276306247968648,41.822127169880858],[-79.277978928307007,41.819743019366896],[-79.278428608389746,41.81899774920938],[-79.284693829368521,41.806387746603576],[-79.284709199363505,41.806261886579669],[-79.285314229119322,41.80072287552904],[-79.285485039166133,41.800635395505395],[-79.285677779226177,41.800629195495752],[-79.285836639269178,41.800541545472569],[-79.285887429277423,41.800443195452175],[-79.285963669289444,41.800291265420725],[-79.285992069285726,41.80012953538958],[-79.286107779300295,41.799852105333215],[-79.28624756932247,41.799574935275828],[-79.286437619354132,41.799217495201397],[-79.286613189388305,41.798949955144231],[-79.286801619424381,41.798655535081537],[-79.286925959451608,41.798504325048107],[-79.287001289466119,41.79838834502339],[-79.287041209467418,41.798244774995048],[-79.287046779452979,41.798037734956502],[-79.287068359431501,41.797677774889031],[-79.287133979435993,41.797471634848044],[-79.287185949441053,41.797328334819277],[-79.287216059432907,41.797103584776359],[-79.287196999412075,41.796914164742212],[-79.287180099385594,41.796643744692894],[-79.287212559371113,41.796329004633307],[-79.287251029340894,41.795789164531818],[-79.287315939311952,41.795159684412511],[-79.287388309298777,41.794701374324582],[-79.287446659286829,41.794314984250619],[-79.287444949255956,41.793927694179018],[-79.287492779236445,41.793487094095447],[-79.287525949220068,41.793145294030779],[-79.287548329196795,41.792758363958264],[-79.287498079080791,41.791478723723834],[-79.287372578914983,41.789864663430798],[-79.28735369882294,41.788765543228365],[-79.287319898769994,41.788224703129821],[-79.28733032874257,41.78783301305689],[-79.287335538587314,41.785829132686075],[-79.287389568586732,41.785604832642207],[-79.287434338575437,41.785281192580356],[-79.287454478557805,41.784975262522892],[-79.287450338533247,41.784678052468124],[-79.28744386851497,41.784470752430067],[-79.28746085850554,41.784281872394395],[-79.287466608490419,41.784065842354124],[-79.287473088473405,41.783822752308922],[-79.287469218448209,41.7835164622524],[-79.287455738412916,41.783120002179672],[-79.28745060839087,41.782858662131545],[-79.287444588371358,41.782633462090153],[-79.287415908340435,41.782353782039692],[-79.287436048322817,41.782047851982234],[-79.287454298310223,41.781814021938168],[-79.287486298297068,41.781517261881852],[-79.287516598288292,41.781283521837281],[-79.287559838280728,41.781014001785564],[-79.287593008264437,41.780672201720876],[-79.287623308255633,41.780438461676304],[-79.287639848247466,41.780267651643946],[-79.287692258251241,41.780106281611793],[-79.287782248262729,41.779891421568117],[-79.287909188282967,41.779641141516272],[-79.287961868286189,41.779470871482438],[-79.288027048291895,41.77928262144475],[-79.288067148292598,41.779130151414797],[-79.288083508285013,41.778968241384092],[-79.288075778269899,41.77880606135448],[-79.288043768247846,41.778652421327443],[-79.287990098211893,41.778408521284682],[-79.287982098197418,41.778255241256687],[-79.287985248189244,41.778138191234859],[-79.288012848187307,41.77800352120876],[-79.288053028188031,41.777851051178764],[-79.288080718186166,41.777716291152622],[-79.28813330818933,41.777546021118816],[-79.288162438183733,41.777357231082625],[-79.288190308181228,41.777213571054837],[-79.288219618174963,41.777015881016986],[-79.288248468169925,41.776836170982463],[-79.288290548165577,41.776611600939084],[-79.288370378168182,41.776324640882443],[-79.288474028178968,41.776046940826554],[-79.288552158185993,41.775822990781649],[-79.288605468187271,41.775625570742811],[-79.288683858193664,41.775392640696282],[-79.288774028204472,41.775168790650909],[-79.288864018215904,41.774953930607182],[-79.288941598224113,41.774747970565713],[-79.289057308238725,41.774470450509313],[-79.289185228256486,41.774184210450699],[-79.289286458273565,41.773996590411592],[-79.289387238291965,41.773826950375771],[-79.28947524830842,41.773684090345483],[-79.289574588330524,41.77356848031971],[-79.289673838352627,41.773452870294001],[-79.289857858400055,41.773320540261416],[-79.290003858441153,41.77325968024379],[-79.290101218468308,41.773216070231427],[-79.290187348489809,41.773145320214574],[-79.29021422848983,41.773037620193477],[-79.290145898457027,41.772892520169627],[-79.29011371843562,41.772747970144273],[-79.2900696684097,41.772594150117776],[-79.290036678390194,41.772476560097473],[-79.29000466836807,41.772323010070394],[-79.290008718357399,41.77216991004191],[-79.290025078349899,41.772008090011248],[-79.290065618349274,41.77183754997791],[-79.290147878345593,41.771460509904564],[-79.290189688341826,41.771244929862846],[-79.290257648340003,41.770948799805041],[-79.290336578345119,41.770697709755105],[-79.290390608344538,41.770473409711279],[-79.290480778355331,41.770249549665905],[-79.290534088356637,41.770052219627068],[-79.290587038359234,41.769872869591552],[-79.290652668363691,41.76966672955048],[-79.290645388347329,41.769486479517489],[-79.290650868332818,41.769279349478893],[-79.290632528310141,41.769062959439651],[-79.29063756829693,41.768873899404483],[-79.290678198296348,41.768703359371138],[-79.290730338300776,41.768551069340667],[-79.290843618321674,41.768363539300978],[-79.290932528335631,41.768184729264036],[-79.290984938339449,41.768023449231855],[-79.291001568331296,41.767852549199482],[-79.291017838323754,41.767690639168833],[-79.29103492831436,41.767501759133154],[-79.291039238303,41.767339759103002],[-79.291031238288511,41.767186479074972],[-79.291071598288568,41.767025019043302],[-79.291111968288575,41.766863469011611],[-79.291176428296225,41.766702278978975],[-79.291265878308934,41.766505488938627],[-79.291356498318436,41.766263658889898],[-79.291483888337439,41.765995398834704],[-79.291586998349487,41.765735678782086],[-79.291675728364083,41.765565938746796],[-79.291753318372315,41.765359888705291],[-79.29184276838501,41.765163098664921],[-79.291956218405218,41.764966578623614],[-79.292141408449496,41.764789208582648],[-79.292253428473529,41.764646808551369],[-79.292328948487452,41.764521848524929],[-79.292417138503268,41.76436999849296],[-79.292469998505794,41.764190648457465],[-79.292461818491944,41.764046448431166],[-79.292465138483152,41.763920408407692],[-79.292468018475617,41.763812348387575],[-79.292496608471239,41.76364171835472],[-79.292573738480769,41.763453648316556],[-79.292699058505463,41.763266388276392],[-79.292811078529439,41.763123988245106],[-79.292971188568629,41.762982218211882],[-79.293156568612261,41.762795858169213],[-79.293305168646384,41.762635918133114],[-79.293380148661583,41.762528938110023],[-79.293443888671064,41.762394808082412],[-79.29349530867745,41.762269488056972],[-79.293534768680004,41.76214398803203],[-79.293573878683134,41.762027478008775],[-79.293602018680019,41.761874827979263],[-79.293653438686391,41.761749417953787],[-79.293741898701555,41.761588677920145],[-79.293890958734451,41.76141076788069],[-79.294015738760407,41.761241477843924],[-79.294151848791969,41.761099347811623],[-79.294288588821701,41.760930247774333],[-79.294437908853922,41.760743347733182],[-79.29455019887736,41.760591957700257],[-79.294747348925384,41.760414667658793],[-79.294944498973379,41.760237477617366],[-79.295104609012583,41.7600957975841],[-79.295300589063757,41.759963557551067],[-79.295387339083319,41.759865827529197],[-79.295450089095311,41.75976765750827],[-79.295477059095376,41.759659957487152],[-79.295527049105488,41.759588667471775],[-79.295577029115634,41.759517377456326],[-79.295712869147835,41.759384237425778],[-79.295872979187024,41.759242557392525],[-79.29604531922935,41.759091977357087],[-79.296168929258457,41.758967727328667],[-79.296341269300711,41.758817147293286],[-79.296501649339277,41.758666387258351],[-79.29661366936331,41.758523987227072],[-79.296737999390515,41.758372687193578],[-79.296898289429038,41.758222007158672],[-79.297058409468178,41.758080237125441],[-79.297182019497271,41.757955997096985],[-79.297305809525739,41.757822677066891],[-79.297392649545358,41.757724957045021],[-79.297503679571847,41.757618507020418],[-79.297615969595242,41.757467026987449],[-79.297740659621155,41.757297746950684],[-79.297853929642031,41.757110306911045],[-79.297954799659763,41.756931676873506],[-79.298056029676857,41.756744056834386],[-79.298155989697079,41.756601386803581],[-79.298280959722362,41.756423106765119],[-79.298430279754598,41.756236206723962],[-79.298578789788735,41.756076276687843],[-79.29876344983424,41.755916886650219],[-79.298923109874636,41.755793176620365],[-79.299168359937838,41.75561661657693],[-79.299364249988969,41.755484466543862],[-79.299572460043279,41.755343416508666],[-79.299768620093829,41.755202266473894],[-79.29989241012224,41.755068946443814],[-79.300016470150069,41.754926726412059],[-79.300164990184172,41.754766796375961],[-79.300288330213888,41.754651536349193],[-79.300447990254327,41.754527746319283],[-79.300582580289714,41.754439736297087],[-79.300765070340844,41.754361346274571],[-79.301020390412816,41.754257056244057],[-79.301263030482872,41.754179566219101],[-79.301553940567516,41.754093806190482],[-79.301808990640083,41.753998506161665],[-79.302088130720293,41.753903576131819],[-79.302354770797962,41.753826436105875],[-79.302573860859198,41.753730606078506],[-79.302804360925464,41.753652936054031],[-79.303022460989268,41.753593146033452],[-79.303325601076992,41.75349848600262],[-79.303702111184336,41.75335994596044],[-79.304090471296092,41.753230585919461],[-79.304490981411021,41.753092405876359],[-79.304879261522743,41.752963035835364],[-79.305219261619982,41.752841945798046],[-79.30554667171468,41.752738735764559],[-79.305825811794833,41.752643715734742],[-79.30608014186933,41.752575475710998],[-79.306298691931829,41.752497625686978],[-79.306578552010109,41.752375635652157],[-79.306881692097875,41.75228105562136],[-79.307197152188749,41.752177585588377],[-79.30752411228471,41.752092355558226],[-79.307911492398986,41.751998955523938],[-79.308274782505663,41.751905275490699],[-79.308686612626232,41.751794245452068],[-79.308953252703901,41.751717115426118],[-79.309244082788453,41.751631345397513],[-79.309474402855386,41.751562665374664],[-79.309717222924803,41.751476185348004],[-79.310021363010065,41.7513455553105],[-79.31039930311357,41.751152905258294],[-79.310630523178006,41.75104825522876],[-79.310850233237289,41.750925365196359],[-79.311131263312475,41.750758425153165],[-79.311387933380644,41.750600015112546],[-79.311704553468388,41.750451595071219],[-79.311948273535307,41.750329055037859],[-79.312377903649875,41.750070144971083],[-79.312400473655885,41.750056484967573],[-79.312510243685523,41.749995074951393],[-79.312704333741721,41.74993493493173],[-79.312910113802346,41.749883874913294],[-79.313092073854676,41.749823464894121],[-79.313310803916565,41.749736614868425],[-79.31359084399422,41.749605634831916],[-79.314224994167191,41.749272734742441],[-79.314493974238516,41.7491055146997],[-79.314653274279536,41.7489908046715],[-79.314788394313624,41.748884634645925],[-79.314936194349642,41.748751764614845],[-79.315083454386823,41.748636784587063],[-79.315304154443652,41.748477924547984],[-79.31545078448282,41.748390004525277],[-79.315560814511869,41.748319614507466],[-79.315719224555394,41.74824086448595],[-79.31580480457815,41.748188084472389],[-79.315867014591362,41.748107894454812],[-79.315929494603992,41.748018714435574],[-79.315992874614125,41.747893574409609],[-79.316056974622299,41.747741374378634],[-79.316096354624889,41.747615874353691],[-79.316134744629935,41.747526424335447],[-79.316197944640663,41.747410274311171],[-79.316333684672884,41.747277134280573],[-79.316506024715196,41.74712655424517],[-79.316974314828116,41.74669206414417],[-79.317135324864765,41.746514334104191],[-79.317296604900804,41.746327514062571],[-79.317432354932976,41.746194374031987],[-79.317605774972094,41.745998753988154],[-79.317754735004911,41.745820843948692],[-79.318389705139424,41.744992503767506],[-79.318601595183623,41.744707433705436],[-79.318713975206293,41.744546953670756],[-79.318838395232831,41.744386663635645],[-79.319000125267578,41.74418187359062],[-79.319186305308619,41.743959373541259],[-79.319385255351534,41.743710083486384],[-79.319521635381818,41.743549963450789],[-79.319670595414635,41.743372053411321],[-79.319819295448113,41.743203133373505],[-79.319968255480916,41.743025133334008],[-79.320117495513117,41.742838143292879],[-79.320217365533338,41.742695553262116],[-79.320354285562374,41.74251737322308],[-79.320454435581908,41.742365713190644],[-79.320640165624212,41.742161283144654],[-79.320850895671555,41.741921253090993],[-79.321347145781402,41.741334022960494],[-79.321422295795912,41.7412180529357],[-79.321473455802845,41.741101722911964],[-79.3215731558237,41.740968042882812],[-79.321647585840097,41.740879032863049],[-79.321771385868516,41.740745802832983],[-79.321906865901354,41.74062165280403],[-79.322029845931638,41.74051539277896],[-79.322177185968854,41.740400412751235],[-79.322411646024392,41.740169722698241],[-79.322462806031339,41.740053392674476],[-79.322477366028181,41.739954502655522],[-79.322493096021901,41.739810572628159],[-79.322497596009939,41.739639582596347],[-79.322513146004269,41.739504642570672],[-79.322552706006178,41.739370152544048],[-79.322628846018148,41.739218132512526],[-79.322717126033297,41.739057302478905],[-79.323350746134992,41.737814612221001],[-79.32345152615261,41.737635982183512],[-79.32353917616966,41.737502122154886],[-79.323627366185448,41.737350372122926],[-79.323726976206274,41.737216692093781],[-79.323827396225241,41.737056042059642],[-79.323952266250458,41.736877682021181],[-79.32407713627569,41.736699401982698],[-79.324338476331235,41.73636093190855],[-79.324402756338813,41.736199741875893],[-79.324479346349548,41.736029741841051],[-79.324568616362171,41.73583295180066],[-79.324631726372914,41.735716801776405],[-79.324719836388695,41.735564961744416],[-79.324807486405746,41.735431091715824],[-79.324894686424045,41.735315301690513],[-79.324993846446105,41.735199691664775],[-79.325130046477014,41.735048481630805],[-79.325229296499117,41.734932871605082],[-79.32536666652689,41.734736711562697],[-79.325492166550248,41.734531381519211],[-79.325581256563552,41.73434357148053],[-79.325681856581838,41.734173931444666],[-79.325745946590018,41.734021731413677],[-79.326356646716846,41.733193031233441],[-79.326480796744008,41.733041731199968],[-79.326641446781224,41.732872901161706],[-79.326754086803319,41.732703441125388],[-79.326917526832958,41.732426641066908],[-79.327005626848759,41.73227480103494],[-79.327093106866428,41.732149921007974],[-79.327228766898614,41.732016780977382],[-79.327937717050048,41.731108430778107],[-79.328311067128837,41.730618480670984],[-79.328472707163598,41.73041369062598],[-79.328560537179996,41.730270920595721],[-79.328648467196416,41.730128070565378],[-79.328712027205867,41.729993850537738],[-79.328987837258239,41.729556580444687],[-79.329062097275241,41.729476570426584],[-79.329173477300486,41.729352150398682],[-79.329321727335198,41.729201200364216],[-79.330134957530746,41.728438400187322],[-79.330220277554062,41.728394620175479],[-79.330328877586879,41.728378170167638],[-79.330484937636726,41.728389410162862],[-79.330753737719249,41.728366300146831],[-79.330819637745279,41.728434810156621],[-79.330964917789942,41.728423480148145],[-79.331123767832253,41.728326660123251],[-79.33116161783849,41.728255190108335],[-79.331164677830344,41.72813814008655],[-79.331169077818316,41.727967060054652],[-79.331091587737646,41.727245429924416],[-79.33112970774333,41.727164879907818],[-79.331204857757825,41.727048909883081],[-79.331316787781816,41.726906419851751],[-79.331440487810212,41.726773099821663],[-79.331563197841092,41.726675819798231],[-79.331722957880814,41.726543039766632],[-79.331919657929376,41.726374749726865],[-79.332433978062497,41.726012989637333],[-79.332557408091475,41.725888659608891],[-79.332668788116706,41.725764149580932],[-79.332792678144457,41.725621839549127],[-79.33291610817345,41.725497589520707],[-79.333064978206281,41.725319589481209],[-79.33318796823653,41.725213329456139],[-79.333360218278841,41.725062659420686],[-79.334661518605472,41.724018739170319],[-79.334783508638282,41.723948439151947],[-79.334905148672334,41.723896209136946],[-79.335062468718377,41.723853409122093],[-79.335195158758737,41.723837319113272],[-79.335340078802218,41.723812419102337],[-79.335496778850185,41.723796689092524],[-79.336390739117547,41.72362946902237],[-79.336777849231709,41.723535978988103],[-79.337020039302345,41.723467468964792],[-79.337153369340783,41.723424408950962],[-79.337372269401953,41.723328488923556],[-79.337591809461202,41.723205498891197],[-79.337739059498418,41.723090608863437],[-79.337971819558334,41.722922858822159],[-79.338241069628296,41.722737568776047],[-79.338449719680668,41.722569458735741],[-79.339822320031828,41.721553498487367],[-79.341106810367265,41.720689468271004],[-79.342233260658574,41.719895118074497],[-79.343750411053819,41.71886314781684],[-79.344157561159491,41.718580867746674],[-79.344704971301582,41.718201397652408],[-79.344876491345701,41.718077787621958],[-79.345132981413812,41.71791937758141],[-79.34543846149451,41.717725647532092],[-79.345670221556873,41.717593857497548],[-79.345902521618029,41.717444077459618],[-79.346600331798285,41.716949717337442],[-79.346821751852531,41.716754817291616],[-79.346968921889697,41.716639837263841],[-79.347117521923096,41.716470817226032],[-79.347228641948959,41.71635529719974],[-79.347303711963434,41.716239327175003],[-79.347377871980441,41.716159317156887],[-79.347648472046643,41.715920007100706],[-79.347849042084462,41.71559870703242],[-79.347912602093913,41.715464477004751],[-79.347976342102683,41.715321266975444],[-79.348064622117803,41.715160436941758],[-79.348139952131703,41.715035476915325],[-79.348226802150592,41.714928586891723],[-79.348350862177654,41.714777286858208],[-79.348486972208548,41.714626076824288],[-79.348622812240038,41.714483946791972],[-79.348771142274074,41.714324006755845],[-79.34895535232009,41.714173516719875],[-79.349115192359164,41.714031656686601],[-79.349408442436683,41.713846726639488],[-79.349591662485196,41.713732286610266],[-79.349812362541314,41.713564356569499],[-79.350281102651607,41.7130937264617],[-79.350428542688135,41.712969756432322],[-79.350563932720931,41.712845606403356],[-79.350712262754953,41.712685586367201],[-79.35082428277822,41.712534096334217],[-79.350949332802813,41.71234674629406],[-79.351086792829918,41.712141596250021],[-79.351261912863919,41.711873876192747],[-79.351399822889718,41.711650656145324],[-79.351513722908024,41.711427166098936],[-79.351627542926224,41.711203576052561],[-79.351729212941379,41.710988896008331],[-79.351843302958969,41.71075641596024],[-79.351933382969037,41.710523485913143],[-79.352047732986009,41.710281925863391],[-79.352162803001178,41.710013395808573],[-79.352277333017497,41.709762845757162],[-79.352392133033248,41.709503305704054],[-79.352531483055287,41.709226135646574],[-79.35260834306473,41.709038065608389],[-79.352661033067207,41.708858715572845],[-79.352712813072287,41.708715325544013],[-79.352778173076686,41.708509095502933],[-79.352819253074102,41.708311495464486],[-79.352884793077877,41.708096275421774],[-79.352949963082892,41.707899125382369],[-79.35301505308793,41.707701885342985],[-79.353081313089774,41.707459605295199],[-79.353147653091639,41.707217415247428],[-79.353278823099188,41.706786975161918],[-79.353330333104864,41.706652575134719],[-79.353406033117437,41.706509545104957],[-79.353444593121793,41.706411095084967],[-79.353621793150211,41.706062375012607],[-79.354097813240188,41.70530362485119],[-79.354735563364258,41.704330994642966],[-79.354860523388808,41.704143644602794],[-79.354949703401431,41.703946764562431],[-79.355051563415898,41.703723084516504],[-79.355166543431011,41.7034544644617],[-79.355242503442966,41.703302444430236],[-79.355342293463096,41.703159774399417],[-79.355466093490804,41.703017464367619],[-79.355577473516021,41.702892954339617],[-79.355726443548122,41.702705964298474],[-79.355900573584663,41.702474284247899],[-79.356037133614265,41.702305094210544],[-79.356198323649565,41.702109204167201],[-79.356359783684141,41.70190441412219],[-79.356520343721371,41.701735584083849],[-79.356705363764831,41.701549034041157],[-79.356915723812037,41.701308913987432],[-79.357112963858611,41.701113563942627],[-79.357273263896417,41.700953723905947],[-79.357666213994065,41.700626123828023],[-79.357753054012932,41.700519233804414],[-79.357864354038142,41.700394723776427],[-79.358000644068383,41.700234613740825],[-79.358124884094806,41.700074223705634],[-79.358211724113701,41.699967423682068],[-79.358335784140806,41.699816033648531],[-79.358484034174808,41.699656013612426],[-79.358620054205673,41.699504893578464],[-79.358805064249111,41.699318343535744],[-79.359014354299504,41.699123173490442],[-79.359187594338607,41.69892755344658],[-79.359310214369387,41.698830193423134],[-79.359569124430507,41.698572713364101],[-79.359991474520541,41.698029363244849],[-79.360091264540685,41.697886603214073],[-79.360252724575332,41.69768180316904],[-79.360487544628853,41.697423973110951],[-79.361053914764881,41.696891582987469],[-79.361300334823454,41.696651912932261],[-79.361522024876322,41.696438942883063],[-79.361681864915411,41.696297082849746],[-79.361854564955664,41.696119432809283],[-79.362063855006085,41.695924262763896],[-79.362248325050743,41.695755792724583],[-79.362494295110622,41.695534092672716],[-79.362691265157835,41.695347822629593],[-79.362912325212633,41.695161822585433],[-79.363096805257285,41.694993262546099],[-79.363293325305818,41.694824962506296],[-79.363477435351768,41.694674472470325],[-79.363673965400281,41.694506182430494],[-79.363791015429598,41.694411782407897],[-79.363882525452539,41.694337972390208],[-79.364021245487663,41.69423072236426],[-79.364054145495999,41.694205282358098],[-79.364214345533725,41.694045442321432],[-79.36437419557285,41.693903672288165],[-79.364570445621936,41.693744272249994],[-79.364754735667248,41.693584792212384],[-79.364988475723933,41.693372002162718],[-79.365270855793796,41.693132772105962],[-79.365418475829713,41.692999812074873],[-79.365541815858705,41.692875482046418],[-79.365689065895197,41.692751512016976],[-79.365824905926672,41.692609291984674],[-79.365985105964413,41.692449451948001],[-79.366169856008511,41.692271981907027],[-79.366551126101044,41.691926051826215],[-79.366699096135662,41.691775111791728],[-79.366871166177873,41.691624431756274],[-79.367006916209306,41.691482211723972],[-79.367118476233884,41.691348711694332],[-79.367242186261578,41.691206401662527],[-79.367353746286113,41.691072811632857],[-79.367489766316979,41.690921681598887],[-79.36763801635098,41.690761661562711],[-79.367773496383052,41.690628431532133],[-79.367897466410113,41.690477131498611],[-79.368082026454857,41.690308571459319],[-79.368266686498913,41.690131101418302],[-79.369003866690406,41.689623261291835],[-79.369012946692749,41.689617061290306],[-79.369073806708585,41.689575161279883],[-79.369269606758934,41.689433841245112],[-79.369465946808049,41.689274451206913],[-79.369637476851466,41.689141751174823],[-79.369858006907549,41.688973821134056],[-79.37011565697172,41.688761301083389],[-79.370323777025291,41.688611161046403],[-79.370505377070231,41.688457971010052],[-79.370522817075042,41.688449341007676],[-79.370826227152435,41.688221900952193],[-79.370973307189558,41.688106920924469],[-79.371132157231102,41.688001100897893],[-79.371303057276435,41.687895470870821],[-79.371449687314865,41.687798470846374],[-79.371693047381598,41.687675840813007],[-79.371960677455263,41.68754450077693],[-79.372155397508777,41.687448220750497],[-79.373127577779528,41.68701157062695],[-79.373298027826124,41.686923920603213],[-79.37349337787775,41.686800580571834],[-79.374163318059757,41.686440800475779],[-79.374369548118324,41.686362680452241],[-79.374772928230783,41.686183680401378],[-79.374782638233526,41.68617937040014],[-79.375122818328563,41.686031030357718],[-79.375561528446951,41.685785070292916],[-79.376233178623849,41.685353280183428],[-79.376915968807026,41.684957540080099],[-79.377744479031094,41.684500939959115],[-79.378390509204877,41.684131719862371],[-79.378767549308733,41.683947959811803],[-79.379240509443434,41.683774449758857],[-79.379578799543552,41.683698219729905],[-79.37991691964433,41.683630879702612],[-79.380303039760165,41.683564269673298],[-79.380930089949715,41.683474009629087],[-79.381288970060183,41.683447579608448],[-79.382350240387368,41.683376919548785],[-79.384144740936506,41.683204039437996],[-79.385421941325646,41.683059839355273],[-79.386410131625979,41.682938649289454],[-79.387494411956553,41.682818729219676],[-79.388793372359601,41.682764879152664],[-79.389707752642337,41.682714709103237],[-79.39047747288096,41.682680459063107],[-79.391151183089391,41.682644859026965],[-79.39158423322354,41.682623819004085],[-79.392160943404207,41.682622928978603],[-79.392928053650493,41.682696728958611],[-79.393575253858302,41.682759748941926],[-79.394367534108937,41.682788878912511],[-79.395279214399253,41.682846598883231],[-79.396202664693988,41.682913568855099],[-79.397125674989979,41.682998528830318],[-79.397617875145514,41.683014348811682],[-79.398625835465381,41.683064418776716],[-79.400137775945225,41.68313957872428],[-79.401782136466011,41.683207458664697],[-79.403113996889161,41.683279998619646],[-79.404601487362683,41.683372688571545],[-79.405513617651721,41.683412338538808],[-79.406198197867042,41.683421868510514],[-79.406786958051569,41.683421058484562],[-79.407339478225353,41.683428698461697],[-79.40805831845708,41.683510688445352],[-79.408789658691362,41.683574878425119],[-79.409304968857001,41.683627018412146],[-79.409688028981677,41.683686348406312],[-79.410024259087407,41.683691028392431],[-79.410264469162982,41.683694348382517],[-79.410469349225323,41.683670168369005],[-79.41068600929205,41.68365515835675],[-79.410891249353099,41.683612988339917],[-79.411096319414781,41.683579728324737],[-79.411362329492846,41.68351140830044],[-79.411906399652707,41.683374758251205],[-79.412581819855987,41.683267058201587],[-79.413269110063737,41.68316843815311],[-79.414221240352632,41.683046438088724],[-79.414979910584904,41.682975868042334],[-79.415401990712056,41.6829096180115],[-79.415873510850531,41.682790047968638],[-79.41633236098707,41.68269726793131],[-79.416936221166452,41.682570507881323],[-79.417165731234405,41.682519627861808],[-79.417311371275332,41.682458587844089],[-79.417469961317423,41.682361677819152],[-79.417713851382189,41.682211897780675],[-79.418066351479652,41.682045677734408],[-79.418394401570879,41.681897067692461],[-79.418698441654541,41.681748107651508],[-79.418929661717399,41.681625217618603],[-79.419173831781549,41.681466447578408],[-79.419491811863239,41.681236667521873],[-79.419871181960048,41.680953657452797],[-79.420262792060001,41.680661847381501],[-79.420592542146096,41.680441137326113],[-79.420849392212077,41.680255587280492],[-79.421019572259254,41.680176837258415],[-79.421213212315251,41.680116417238693],[-79.42134554235615,41.68010922723154],[-79.421561482424806,41.680121187224273],[-79.421789022498444,41.680151387219894],[-79.422147992615606,41.680210367215082],[-79.42233912267919,41.6802580172155],[-79.422529262745357,41.680341707222652],[-79.422628242781414,41.680405807230144],[-79.422671212797042,41.680433677233431],[-79.422849842858142,41.680499217237767],[-79.423099852943807,41.680592707244095],[-79.423243332991078,41.680621657243144],[-79.423471683062161,41.680615817232059],[-79.423676743123835,41.68058255721688],[-79.423894663186744,41.680513507194497],[-79.424209403277942,41.680418757163146],[-79.424500233361002,41.680314647131098],[-79.424719493420099,41.680191577098633],[-79.424940293474734,41.680005487054437],[-79.425173493531901,41.679801497006395],[-79.425333603569598,41.679641566969742],[-79.425555743620464,41.679401446915492],[-79.425766653664937,41.679125096854975],[-79.425988523716427,41.678893956802412],[-79.426283843786749,41.678609786736793],[-79.426663313882898,41.678317786666014],[-79.42711650399724,41.67796367658049],[-79.427777264165627,41.677468326459689],[-79.428374744324685,41.677107196366464],[-79.428836734451622,41.676879386304002],[-79.42926304456671,41.676642056241292],[-79.429651864674213,41.676458206190105],[-79.429944304752809,41.676291086146328],[-79.430236924830737,41.676114876100804],[-79.430518134902954,41.675911616050769],[-79.430787564970785,41.675699095999541],[-79.431093045049977,41.675487105946871],[-79.431679555202038,41.675080845845791],[-79.432198185336247,41.674718555755874],[-79.432473465408791,41.674542255711131],[-79.432850955510588,41.674331175655396],[-79.433472615676493,41.67396141555961],[-79.433837065777723,41.67379519551276],[-79.434140925861286,41.673646225471792],[-79.434372415923562,41.673514255437198],[-79.434591595982624,41.67339117540476],[-79.434799446035981,41.673240865367752],[-79.434959736073012,41.673071945329426],[-79.435120206109417,41.67289403528936],[-79.435219726129461,41.672751275258562],[-79.435308186143217,41.672572285221534],[-79.43537714613602,41.672203965150224],[-79.435452656109774,41.671565495028553],[-79.435546786107025,41.671152484947889],[-79.435618976090282,41.67064904485143],[-79.435674626083198,41.670334574790665],[-79.435751756091236,41.670128524749124],[-79.435803896094285,41.669958074715254],[-79.435931196111056,41.669662574654843],[-79.436143986149787,41.669305224579269],[-79.436282436172931,41.669045864525131],[-79.43639768618597,41.668750274465289],[-79.436550516205855,41.668392024392205],[-79.436750006244665,41.668088514327131],[-79.436975116286632,41.667722264249413],[-79.437236186339831,41.667356554170127],[-79.43758589640619,41.666802944052144],[-79.437822336453763,41.666463843978931],[-79.438021826492573,41.66616034391388],[-79.438221126532042,41.66586583385056],[-79.438358856557059,41.665633523801432],[-79.438558166596465,41.665339013738098],[-79.438732746630279,41.665071113680767],[-79.438933316665896,41.664722573607364],[-79.439085516687726,41.664391473539311],[-79.439135326697411,41.664315503523035],[-79.439247696718979,41.664141453485826],[-79.439384706745884,41.663936123441729],[-79.439532946779167,41.663767023403885],[-79.439643436806165,41.663669483380929],[-79.439706096817389,41.66356223335832],[-79.439794016832366,41.663401313324634],[-79.439933006853551,41.663114983265459],[-79.440119636891126,41.662847253207616],[-79.440221766903548,41.662596523156644],[-79.44030078690588,41.662309293099959],[-79.440354276905083,41.662084903055984],[-79.440396616898042,41.661824283005799],[-79.440439146890284,41.661554672953983],[-79.440469886878134,41.661275802900953],[-79.440510886874847,41.661069212860845],[-79.440527426865273,41.660880332825101],[-79.440519786848824,41.660700082792019],[-79.440511246834873,41.660555882765678],[-79.440495236803784,41.660222352704523],[-79.440504136777761,41.659853222635739],[-79.440464136739138,41.659519422575585],[-79.440386816693021,41.659239122527033],[-79.440330906662126,41.659067322497599],[-79.440252956617869,41.658814072454128],[-79.440234436594508,41.658588602413104],[-79.44021708656723,41.65830919236204],[-79.440211606544381,41.658038862312189],[-79.440204866525448,41.65782265227238],[-79.440208276515222,41.65767854224557],[-79.440186886500044,41.657570212226382],[-79.440155506482441,41.657470692209309],[-79.440108936455843,41.657316962182882],[-79.440005016409856,41.6571443621554],[-79.439877086356248,41.656971572129031],[-79.439677506278727,41.656779722102208],[-79.439311256144578,41.656531512072277],[-79.438885305990283,41.656264512041467],[-79.438577495879414,41.656080212020825],[-79.438258795761655,41.655850701992257],[-79.438046365682936,41.655694721972672],[-79.437952325647032,41.65561237196151],[-79.437716965557584,41.655410991934552],[-79.437564855497072,41.655246841910767],[-79.437436485444763,41.65509194188769],[-79.437366625415777,41.655000961873917],[-79.437250925365305,41.65481927184527],[-79.437182785331217,41.654656191818027],[-79.437139995300939,41.65443945177973],[-79.437134775277471,41.654160131728169],[-79.437080565241459,41.653916231685329],[-79.436965945187865,41.653689501648337],[-79.43679180511414,41.653443981610437],[-79.436664065059873,41.653262111582293],[-79.436464934981103,41.653052201552164],[-79.436324864924416,41.652888221527867],[-79.436136434853239,41.652732511507274],[-79.435934974781446,41.652621671495588],[-79.435672824692716,41.652537071491416],[-79.435195004534748,41.652431531492844],[-79.434932674446657,41.65235583149029],[-79.434742804379951,41.652263241481457],[-79.434541254308101,41.652152391469755],[-79.434340054235719,41.652032551456379],[-79.433948634097234,41.651829111435845],[-79.433569073963127,41.651634751416431],[-79.433248043852345,41.651504301406383],[-79.432903633732082,41.651346441392221],[-79.432594733624441,41.651207181379931],[-79.432393093553301,41.651105321369911],[-79.432204033484055,41.650976681354358],[-79.432003463409742,41.650829781335915],[-79.431839303345498,41.650665441312604],[-79.43169915328879,41.650501381288379],[-79.431571493234557,41.650319511260243],[-79.431501643205578,41.650228531246476],[-79.431492293194239,41.650120291226763],[-79.431427023151869,41.6498402511777],[-79.431311773100219,41.649640491145711],[-79.431173863037145,41.649386441104696],[-79.431070842988618,41.649177871070492],[-79.430967992939387,41.64896031103472],[-79.430912342907845,41.648779341003575],[-79.430858942869961,41.648508470955669],[-79.430816152839668,41.648291720917356],[-79.430775962801732,41.647966920858899],[-79.430735782763804,41.647642110800419],[-79.430660712711429,41.647271810735042],[-79.430619272677291,41.647001030686603],[-79.430577382644472,41.646748230641549],[-79.430510132607836,41.646549190607608],[-79.43041915256309,41.646340800572943],[-79.430327452520231,41.646159390543332],[-79.430271452489947,41.645996490515579],[-79.430192602448273,41.645779290478799],[-79.430127612405357,41.645490170427998],[-79.429993572330915,41.645074020356702],[-79.429881462270401,41.644748230301225],[-79.429746972197165,41.644350150233265],[-79.429647092137316,41.643983990169737],[-79.429499742065389,41.643653240114865],[-79.429340261987818,41.643299760056287],[-79.429157321900789,41.642918939993656],[-79.429020311835231,41.642628919945921],[-79.428859931760286,41.64231148989407],[-79.42876958171361,41.642076039854381],[-79.428647131644169,41.641678049785924],[-79.428605241611351,41.641425339740834],[-79.428561461584238,41.64125353971091],[-79.428481811545183,41.641072299680765],[-79.428401441507944,41.640918129655731],[-79.428334011471989,41.640728079623422],[-79.428277281443641,41.6405921496007],[-79.428244201424079,41.640474649580369],[-79.428222801408936,41.640366229561209],[-79.428212921398824,41.640276059544881],[-79.428228471392458,41.640132129517518],[-79.428279981397424,41.639988739488658],[-79.428355501409925,41.639845709458818],[-79.42845457143126,41.639720929431292],[-79.428565861455724,41.639587339401665],[-79.428652711473902,41.639471449376344],[-79.428715191485807,41.639373189355346],[-79.428901551524021,41.639114549299222],[-79.429038831550329,41.638900319253487],[-79.429138711569053,41.638739489219248],[-79.429177181573422,41.638640959199279],[-79.429191391570896,41.638551149181971],[-79.429206221566417,41.638434189159675],[-79.429198131551246,41.638272009129921],[-79.42915642151776,41.638010219083178],[-79.429126571488737,41.637757599037634],[-79.429108231464667,41.637523228994972],[-79.429032981412959,41.637161918931255],[-79.428931491359975,41.636890338885308],[-79.428854711312624,41.636592048833357],[-79.428824781283581,41.636339428787757],[-79.428806711258929,41.636095978743434],[-79.428799331241862,41.635906738708648],[-79.428804551226634,41.635690618668328],[-79.428831881224724,41.635555948642107],[-79.42885867122402,41.635439168619293],[-79.428897051228404,41.635340638599324],[-79.42899792124463,41.635143848558371],[-79.429084951262155,41.635018978531413],[-79.429184291282866,41.634885208502254],[-79.429294951309231,41.634778668477644],[-79.42944203134563,41.634654518448123],[-79.429649521399611,41.634513288412805],[-79.429868421459332,41.63439920838205],[-79.430244571564202,41.634233158334773],[-79.430608571665985,41.634076018289605],[-79.430984081772834,41.633937028247345],[-79.431454801912395,41.633835348207832],[-79.431804152017961,41.633786088183399],[-79.432044992090866,41.633753368166737],[-79.432273972160061,41.633720458150606],[-79.432382842191444,41.633685938139394],[-79.432529012230376,41.633597838116643],[-79.432639232257998,41.633509288095411],[-79.432761862288146,41.633402848070268],[-79.432848882305692,41.633277968043288],[-79.432960622328849,41.633126398010241],[-79.43303695233881,41.632947227973631],[-79.433101772343733,41.632749987934233],[-79.433179262350549,41.632525867889257],[-79.433242282348559,41.632247537834843],[-79.433339192349564,41.631870587760673],[-79.43339394234502,41.631592077706564],[-79.433409772331601,41.631356357662156],[-79.433412642329131,41.631313117653981],[-79.43344213232082,41.631088367611021],[-79.433458492311942,41.630908477576902],[-79.433462452300574,41.630746387546644],[-79.433432062272757,41.630511747504457],[-79.433365982233028,41.630267667462078],[-79.433264942178795,41.629978097412774],[-79.433150582124597,41.62974238737408],[-79.433059342080441,41.62954298734109],[-79.432943902029422,41.629352217310753],[-79.432757811951973,41.629106517273343],[-79.432501691846227,41.628778837223777],[-79.432302651767472,41.628568917193526],[-79.432209961727835,41.62843253717233],[-79.432093811678698,41.628268837147019],[-79.431966421623926,41.628077977117215],[-79.431863401575356,41.62786940708299],[-79.431712451511785,41.627660207050816],[-79.431572571454467,41.627487157024873],[-79.431350071366978,41.627258896992238],[-79.431150401290211,41.627076036967068],[-79.430915401200181,41.626865676938372],[-79.430655321105817,41.626700076919036],[-79.430419511018371,41.626525676897018],[-79.430256250951587,41.626325286866958],[-79.430057030873513,41.626124446838446],[-79.429847660786649,41.625851336796984],[-79.429684640719259,41.625641986765253],[-79.429321200560906,41.625070726675226],[-79.429314640558061,41.625060476673603],[-79.428602720231126,41.623726726457299],[-79.428113219992355,41.622630216275269],[-79.427532999708291,41.621316326056878],[-79.427132229520581,41.620518195926358],[-79.426629869280561,41.619457555751538],[-79.426378599160927,41.618931725664943],[-79.426005148971313,41.61799883550816],[-79.425611298764053,41.616921655325534],[-79.425329728616674,41.616161185196681],[-79.425105698495031,41.615500605083895],[-79.424916818387288,41.614876604976324],[-79.424834648317301,41.614307994874409],[-79.424779808245347,41.613604704746287],[-79.424761028184065,41.612892964614936],[-79.424693688109627,41.612207474490667],[-79.424594078013115,41.611368444339284],[-79.424527197937394,41.610664974211595],[-79.424506337882519,41.610043224097069],[-79.424513617823109,41.609250753949631],[-79.424537707753586,41.608260323764746],[-79.424566747708013,41.607558203633097],[-79.424620057669387,41.60684736349878],[-79.424707977645923,41.606191093373099],[-79.42483833761537,41.605274113197112],[-79.425016157601235,41.604375923022573],[-79.425127007588429,41.603764962904251],[-79.425226707569266,41.603117772779726],[-79.425307257567255,41.602767612711141],[-79.425342587541934,41.602299772622729],[-79.425363177521106,41.601948802556649],[-79.42543167751532,41.601598462488631],[-79.425567607506892,41.600942822360892],[-79.425703897497158,41.600269112229874],[-79.425788127484381,41.599765942132741],[-79.425798827453448,41.599324712050297],[-79.42587002744007,41.598866311962041],[-79.42595201743363,41.598453131881762],[-79.426203557437049,41.597483831690717],[-79.426288607421739,41.596944611586864],[-79.426373917405812,41.596396311481307],[-79.426504457336208,41.594974991211608],[-79.426593637308883,41.5942646910758],[-79.426658277198953,41.592590300761998],[-79.426753027078902,41.590664110400077],[-79.426788177015695,41.589709820221309],[-79.426834296920958,41.588305399958386],[-79.426851736870461,41.587585119823828],[-79.426880776825001,41.586882909692129],[-79.426952786809125,41.586388549597132],[-79.427021286803338,41.58603820952905],[-79.4271128068076,41.585724189466696],[-79.427221046802401,41.585221289368569],[-79.42736821679965,41.584592799245357],[-79.427523016813311,41.584144559155291],[-79.427756846829411,41.583409269008428],[-79.427818786765542,41.58233828880681],[-79.427849356715711,41.581573058663274],[-79.428045336725503,41.580909238531383],[-79.428223696747963,41.580479328443666],[-79.4286575568388,41.579899838317033],[-79.42879627686068,41.579622498259404],[-79.428849676859983,41.579398018215372],[-79.428893096849848,41.579092448156672],[-79.429019946867257,41.578805938097936],[-79.429499376941692,41.577830697895727],[-79.429840196994149,41.577132807751113],[-79.429888736968849,41.576611117652085],[-79.42988460694238,41.576286757591951],[-79.430355767040709,41.57565367745368],[-79.431780597340804,41.573772697041775],[-79.434092738189719,41.575380387239235],[-79.438634119858733,41.57855861763079],[-79.441645680605447,41.576032427029531],[-79.446466661806468,41.572062536080701],[-79.450406442787298,41.56881012530372],[-79.45289119340201,41.566708984804436],[-79.454860713892657,41.565087194416741],[-79.457049514440229,41.563315173991512],[-79.458088934700243,41.562473433789542],[-79.460193405222014,41.560709243369459],[-79.465842636632445,41.556101052265447],[-79.468728337351976,41.553734701699184],[-79.460387594333184,41.548480321087951],[-79.464408095539156,41.547804450786167],[-79.467597936496162,41.547270620547167],[-79.469933177196665,41.546878390371958],[-79.471423987649402,41.546700030273463],[-79.474212958497958,41.546385740092802],[-79.474216998485886,41.546214660060848],[-79.477556069510655,41.545952689865821],[-79.478828689903295,41.545879509796436],[-79.479020449963443,41.545882029788501],[-79.479282240051973,41.545966529792743],[-79.480099790340191,41.546382679834259],[-79.480071110147904,41.544022449396735],[-79.480070930108653,41.543518019303008],[-79.4850472616628,41.543475589076991],[-79.49367100434867,41.543309718668098],[-79.49367154422643,41.541733498375059],[-79.493701483934998,41.53786078765382],[-79.493722793669647,41.534357387001528],[-79.488283302118575,41.536303537601782],[-79.487356431721295,41.534922317385615],[-79.486554341387006,41.53384890722117],[-79.485778141054496,41.532694777040604],[-79.485776080661751,41.527641856101049],[-79.485442820549395,41.527538376096402],[-79.484920050370619,41.527342306082829],[-79.48435251016727,41.52701057604601],[-79.483374579805073,41.526286165954168],[-79.482562149502513,41.525662975873814],[-79.481915769257682,41.525114045800038],[-79.481587629130203,41.524794455754986],[-79.480736098786025,41.523792425605905],[-79.480154988544186,41.523019105487506],[-79.479386968227615,41.522036225338361],[-79.479121948109523,41.521582325265513],[-79.478999228040976,41.521193415198596],[-79.478976757989201,41.520616705092273],[-79.478956797929868,41.519931844965768],[-79.478849007856212,41.519417084874739],[-79.478714517783274,41.519018914806544],[-79.47846693765247,41.518331174689457],[-79.478101127479675,41.517578714565495],[-79.477895347382272,41.517152684495272],[-79.477720767310672,41.516934224462247],[-79.477405667183874,41.516569764408288],[-79.47711420706581,41.516223564356608],[-79.476881366970403,41.515932284312619],[-79.476580466841,41.515477934241297],[-79.476261146697126,41.514910754149739],[-79.476154706649368,41.51472475411979],[-79.475676076418168,41.513673553945168],[-79.475423726301969,41.513192853866755],[-79.475228736212131,41.51282093380614],[-79.474979086087686,41.5122231937058],[-79.474400305799904,41.510846463475048],[-79.47403620562207,41.510021993337517],[-79.473913045554823,41.5096510632739],[-79.47380022549639,41.509352323223268],[-79.47362950541347,41.508971783159943],[-79.47344502533187,41.508663063110554],[-79.473237175240754,41.508327013057126],[-79.472516534941974,41.507380732912587],[-79.472027664741802,41.506770752820458],[-79.471549034550335,41.506232972741323],[-79.470921804303615,41.505580662647404],[-79.470248994057144,41.505116862590505],[-79.470162504019171,41.50497608256812],[-79.470042763961715,41.504717802525327],[-79.469960683915389,41.504450972479205],[-79.469872583854908,41.504026472404057],[-79.469805063811734,41.503741842354088],[-79.469717683764117,41.503479522309057],[-79.469607823709396,41.503216832264968],[-79.469472253647311,41.502962862223676],[-79.469037233454259,41.502227482105795],[-79.468883593386835,41.501977742066082],[-79.468716463315531,41.501732312027713],[-79.468531813239451,41.501495691991742],[-79.468332773159517,41.501267801958022],[-79.468116383074545,41.501044301925887],[-79.468429683176382,41.501093481921359],[-79.467073362674455,41.500091901794285],[-79.467045942664342,41.500071681791724],[-79.465995102275457,41.499295661693267],[-79.465766842196103,41.499193531684227],[-79.46528570202976,41.498988921667163],[-79.464800241859237,41.49874826164362],[-79.464786211853635,41.498733241641489],[-79.464519751748171,41.498447271599851],[-79.464160241596943,41.497947071522503],[-79.464150441592338,41.497926841519138],[-79.463600611332055,41.496786731330957],[-79.463331451187585,41.496008471197875],[-79.463298821169104,41.495901041179337],[-79.463109221061401,41.495275961071243],[-79.461328300505258,41.495289541151642],[-79.459682319991188,41.495302121226032],[-79.459686010019553,41.495653451291254],[-79.459738600059751,41.495960461346087],[-79.459756130086163,41.496230881395661],[-79.459701020092552,41.496536361454922],[-79.459697690092455,41.496548401457325],[-79.459609230089512,41.496868451520804],[-79.459470070070225,41.497181841585203],[-79.45936614006412,41.497522741653228],[-79.459299260066118,41.497819051711318],[-79.459082150041866,41.498383621825916],[-79.458866660013243,41.498885091928614],[-79.458555239954507,41.499385382035435],[-79.45831952990703,41.499724482108824],[-79.457832359780525,41.500060172192661],[-79.45781985977743,41.500070422195066],[-79.457649139734869,41.500210842228711],[-79.457611469728633,41.50028240224367],[-79.457390319677316,41.50051362229636],[-79.456640459504641,41.501314182478183],[-79.456319249435879,41.501724222568583],[-79.45594903935519,41.502178662669351],[-79.455885479347074,41.502330862700468],[-79.455881439359089,41.502501942732465],[-79.455936639391723,41.502700892767109],[-79.455992469422497,41.502872782796636],[-79.456011699443906,41.503071192832728],[-79.455996329450201,41.50321503286019],[-79.455857889428344,41.503492462917876],[-79.45568275939776,41.503805312983758],[-79.455408389347184,41.504261023080559],[-79.455185879299677,41.504546273143376],[-79.454976059254008,41.504804643200679],[-79.454778639210843,41.505045213254064],[-79.454641989183969,41.505250463298246],[-79.454405009140231,41.505643593381826],[-79.454156889090243,41.506000583459105],[-79.453798999012022,41.506437143555985],[-79.453602648965756,41.506632583600968],[-79.453102088839231,41.507022203695342],[-79.452113278589479,41.507792563881964],[-79.45074742823941,41.508791894127711],[-79.450490498176123,41.509013674180217],[-79.450308268127344,41.509119304207857],[-79.450091608062735,41.509161374225165],[-79.449807257970321,41.509117054229328],[-79.448158397270063,41.506736593858435],[-79.447240966880457,41.505412013652005],[-79.444789935839779,41.501875163100848],[-79.443619705351793,41.500301102858998],[-79.443449075280739,41.50007213282386],[-79.443443405278373,41.500064572822666],[-79.44222661476465,41.49834569255588],[-79.440870564193276,41.496444842261305],[-79.439098273443179,41.493916761868007],[-79.437697452848127,41.49188916155174],[-79.435693482001,41.489042651109187],[-79.43430075136888,41.486501720696886],[-79.434276841358894,41.486469900692015],[-79.431064440008313,41.481999079999653],[-79.428862429182047,41.480221579764738],[-79.42870878912963,41.480165479760998],[-79.428196178961741,41.480068389765243],[-79.42773328880314,41.479890919752428],[-79.427392208676594,41.47963407971951],[-79.426833838449156,41.478950929616602],[-79.426139448154586,41.477950609460564],[-79.425771937989154,41.477297039354859],[-79.425152887745398,41.476649039261211],[-79.423984457286835,41.475444109087732],[-79.421812206469269,41.473657978849779],[-79.419668085685529,41.472196378671065],[-79.418713255338474,41.47157076859618],[-79.417483154905014,41.470941378532572],[-79.417079864766578,41.470782708520645],[-79.416447954559857,41.470665928526422],[-79.415565584271704,41.470509678535834],[-79.414668653987292,41.470461218565944],[-79.414297273871398,41.470465178582891],[-79.413865493738626,41.470495208607339],[-79.413287523567519,41.47062231865624],[-79.412380703311328,41.470979138762281],[-79.411664103118966,41.471392588870593],[-79.411173973000487,41.471845228976321],[-79.410568312870808,41.472620439147221],[-79.410018572732938,41.473063199253716],[-79.409423982571198,41.473379289338574],[-79.407848932135721,41.474123029545844],[-79.406288891695183,41.474740999729072],[-79.404301021148086,41.475713179996966],[-79.4027702107376,41.4766017502293],[-79.40099324027058,41.477756970522115],[-79.40031926010758,41.478378090667263],[-79.400215790085156,41.478507270695836],[-79.399973240032963,41.478814640763652],[-79.399700929975239,41.479171090841966],[-79.399323619913744,41.479904500995104],[-79.3990387298917,41.480774191169559],[-79.398979749907923,41.481223781255849],[-79.398824499932786,41.482176361440146],[-79.39869233993025,41.482678901539501],[-79.398672209949652,41.483011891602409],[-79.398709059995923,41.483462741684789],[-79.398710590029083,41.483886081763579],[-79.398667080039047,41.484191741822471],[-79.398376159996346,41.484818251951836],[-79.398016119923611,41.485335632063943],[-79.397619929827556,41.485697922148745],[-79.397317589754252,41.485974372213427],[-79.396620239581821,41.486568162354438],[-79.396072929436343,41.486902852440714],[-79.395202339189353,41.487232972540205],[-79.394095218858979,41.487442702627575],[-79.393075118545553,41.487518492686185],[-79.392512168369478,41.487519662710987],[-79.391831178150682,41.487447022727125],[-79.390807837809106,41.487171572720449],[-79.389739737443747,41.486769262692135],[-79.388585247022107,41.485987492596855],[-79.38787655676478,41.48552756254211],[-79.386840556388648,41.484855202462015],[-79.386149136124928,41.484241992377903],[-79.38574098596267,41.483794922312455],[-79.385500235853712,41.483359182241763],[-79.384852235543207,41.481963032009887],[-79.384743635474393,41.481511101930437],[-79.384661555406211,41.480960551831416],[-79.384610225326227,41.480131141679102],[-79.384638905246348,41.478978621463099],[-79.384599435133197,41.47767201122133],[-79.384628745051444,41.476492521000289],[-79.384619575002731,41.475897930889893],[-79.3845292249202,41.475194100762643],[-79.384389424826992,41.474552570649188],[-79.384064344619389,41.473178990407376],[-79.383839594502945,41.472581330305808],[-79.383607834406604,41.472271810258192],[-79.383387314315797,41.471989520215232],[-79.382835594108514,41.471540380155574],[-79.38259933402459,41.471410930141722],[-79.382076123849188,41.471259530136308],[-79.381586433691922,41.471207570147968],[-79.380855093465698,41.471242360186359],[-79.379699613122213,41.471478260280691],[-79.379013852917225,41.471603670333991],[-79.378663062818191,41.471742840375164],[-79.378431122759253,41.471919760418245],[-79.378147312696441,41.472258050493664],[-79.377993582679423,41.472661170575549],[-79.377902602709867,41.473425500721952],[-79.377801912693499,41.473622200763003],[-79.377616092654563,41.473871850817645],[-79.3774496826356,41.474301840905021],[-79.377447702678026,41.474860211009187],[-79.377524212761742,41.475635961150431],[-79.377533382847247,41.476707921349785],[-79.377426402848371,41.477156801438063],[-79.377083162802336,41.47795358160154],[-79.376924852773683,41.478224091658852],[-79.376670252727536,41.478659291751029],[-79.376326742645333,41.478987701827222],[-79.37582843251171,41.479277901903011],[-79.375334692365627,41.479388021945049],[-79.374782082197612,41.479452301981112],[-79.374770572194137,41.479453561981877],[-79.374205642022133,41.479516222018155],[-79.373638641857241,41.479679302073265],[-79.373143021716103,41.479861442128858],[-79.372938591654659,41.479894612143951],[-79.372735961588248,41.479855682145512],[-79.37262951155067,41.479800122139771],[-79.372534851517457,41.479753742135301],[-79.372404131473616,41.479715892133939],[-79.372203301402223,41.479604952121996],[-79.372017741325152,41.47935917208428],[-79.371737621214933,41.479066992042085],[-79.371506301117321,41.478739391991056],[-79.371331271048433,41.478556811964658],[-79.371130160977643,41.47845486195444],[-79.370915390908081,41.478424831958201],[-79.370760850856101,41.478377641956172],[-79.370620340802262,41.478249531938424],[-79.370410240719565,41.478030351906753],[-79.370291660678873,41.477983611903198],[-79.37007662060995,41.477962571908613],[-79.369800360525915,41.477994661926694],[-79.369452720418138,41.478007791944243],[-79.36896204026327,41.477991791962687],[-79.368472540105387,41.477930831972621],[-79.367804579887888,41.477822321981549],[-79.36730536972,41.477671111975106],[-79.366853079569594,41.47755658197346],[-79.366208679360938,41.477466321984743],[-79.365816529228752,41.47734370197896],[-79.365012108946203,41.476944991939703],[-79.364738538854738,41.476869031937454],[-79.364535728788923,41.476839091940718],[-79.364296498713102,41.476826681948829],[-79.363958298615842,41.476938971984517],[-79.363680688535638,41.477025092012681],[-79.36332108842403,41.477038042030756],[-79.36293658830742,41.477086582056529],[-79.36273403824103,41.477047662058141],[-79.362462538143944,41.476890692040712],[-79.362275008072558,41.476725902018167],[-79.362046487967433,41.476290251946949],[-79.361953617929245,41.476171851928896],[-79.361741547852191,41.476033761912383],[-79.361553377782684,41.475895951894891],[-79.36140252772077,41.475704641865818],[-79.361060997596113,41.475474591837852],[-79.36074185748339,41.475307911820686],[-79.360421087374974,41.475204261815314],[-79.360051157255327,41.475154001822077],[-79.359261197006447,41.475133691852704],[-79.359033936934395,41.475121461860354],[-79.358654466804055,41.474971961848986],[-79.357501856415652,41.474613251832352],[-79.357570005936992,41.468120050619007],[-79.357583845861399,41.467081970424879],[-79.357682105325694,41.459722399048424],[-79.357806884645342,41.450370727299017],[-79.3578121946165,41.449973997224753],[-79.357899484195144,41.444138586132503],[-79.33423887677543,41.443951597127061],[-79.329400094982248,41.440323596660541],[-79.314877731274308,41.451235659327907],[-79.314813011257414,41.451279799338948],[-79.312639400454827,41.44968973913678],[-79.307233269066131,41.453645520109788],[-79.306509388880158,41.454175300240124],[-79.297211836493275,41.461000511917447],[-79.296932706421458,41.461203591967447],[-79.293867285633155,41.463436982517301],[-79.29344763552551,41.463745962593165],[-79.283402922946848,41.471126484406248],[-79.28333190292868,41.471179434419192],[-79.279734201992952,41.47366571503926],[-79.256668723403948,41.455876212722075],[-79.249768180865971,41.450960652104129],[-79.245403349260641,41.447850741712983],[-79.233044974624974,41.437857280382985],[-79.218275570920881,41.449901543271835],[-79.207294366812576,41.441165152116334],[-79.198038894423703,41.447838883763367],[-79.192376452965689,41.451969784779877],[-79.184529980939914,41.457624226175355],[-79.177568929146148,41.462688657422191],[-79.17729185907487,41.462891557472055],[-79.162670335311944,41.473597750103472],[-79.155211152539167,41.467911939364939],[-79.15517456261648,41.469073269583326],[-79.14966054088913,41.469083789823848],[-79.142997058801328,41.469093400113877],[-79.142708849294706,41.476726721551323],[-79.137593447685205,41.476648511757986],[-79.137371928189708,41.4841521931681],[-79.132261566576659,41.484007633362175],[-79.129537415716712,41.483930413465622],[-79.127066244936131,41.483854183558272],[-79.124765604209458,41.483783153644488],[-79.123053553668669,41.483730203708653],[-79.115912881415809,41.483545823982951],[-79.114014730817971,41.483510224058378],[-79.113850759676595,41.469246321402451],[-79.113850129672286,41.469192291392403],[-79.113849589667979,41.469138261382327],[-79.113764179073897,41.461709199998673],[-79.113752138792321,41.458070139319474],[-79.118609790321798,41.458158779126194],[-79.118657170262793,41.457191268943433],[-79.123856091893032,41.457199628720396],[-79.123954531696754,41.454224478160384],[-79.123976371225496,41.447960426989297],[-79.123978801098758,41.446289636677051],[-79.123976731089883,41.44618148665694],[-79.124349280504944,41.436982374921982],[-79.123452080222648,41.436967724958023],[-79.122624999463852,41.430415183769071],[-79.122617798869271,41.422641972316377],[-79.124065729323064,41.422643052254088],[-79.124119668896085,41.416816361162354],[-79.124218108274519,41.408247729555896],[-79.124429107228167,41.393628096812165],[-79.124322576131888,41.379647294200659],[-79.124487175930085,41.376312813569513],[-79.124549215855154,41.375070933334378],[-79.124742045622256,41.371209992603369],[-79.124459844896734,41.362819721044744],[-79.123623154634274,41.362815041079912],[-79.123303193547414,41.349812538658767],[-79.120707602739515,41.349878248782865],[-79.11984501115117,41.332489435562302],[-79.119815971097594,41.331902565453575],[-79.11981570109711,41.331897075452552],[-79.119744140965338,41.330454095185225],[-79.119663500817055,41.328829334884226],[-79.119034920607831,41.328665984880629],[-79.118468100412585,41.328431524861081],[-79.117632030118358,41.328003514816864],[-79.11712624993892,41.32772500478643],[-79.116611659748457,41.327338254736063],[-79.11614561957127,41.326925334678769],[-79.115948019494795,41.326732954651234],[-79.115834839442869,41.326514944615205],[-79.115712219381123,41.326206674562705],[-79.115585549329026,41.326042434537356],[-79.115258939205887,41.325766884499814],[-79.114906079080626,41.325571984478465],[-79.114446508919784,41.325348224456334],[-79.1139721987618,41.3252233544533],[-79.113164538496278,41.325057034456854],[-79.112568408306174,41.325011184473922],[-79.111911058100901,41.325018384503579],[-79.111359347933572,41.325090394540823],[-79.110481017674502,41.325301204618107],[-79.109038757244903,41.325592754734807],[-79.108173466987225,41.325767694804831],[-79.107259816715626,41.3259598148801],[-79.106753766568161,41.326104644929032],[-79.10645071648446,41.326252704969839],[-79.106158356407548,41.326446085018638],[-79.105899986346103,41.326703015077946],[-79.105725036311526,41.326970375135545],[-79.105583176294218,41.327328365208785],[-79.105437446285919,41.327821285307451],[-79.105319856275557,41.328170635377944],[-79.105128916246159,41.328572845461551],[-79.104963496220776,41.328921385534017],[-79.104758346193094,41.329404425633378],[-79.104612616184824,41.329897435732043],[-79.104530986185054,41.330238335799422],[-79.104477406214542,41.330849925916361],[-79.10449997625642,41.331309676001545],[-79.104651006346231,41.331870646100157],[-79.104841776438221,41.332297046171902],[-79.105183666588701,41.332870156264612],[-79.105504246725658,41.33335283634127],[-79.105847486873159,41.333880906425442],[-79.10622443703673,41.334481616521806],[-79.106470317126963,41.334656736544034],[-79.106728417220395,41.334823146564084],[-79.107017357336503,41.335161166615009],[-79.107140157397623,41.335460446665842],[-79.107167127429307,41.335767096722115],[-79.107228347475825,41.336128406787189],[-79.107244167501989,41.336407906838879],[-79.107178187497567,41.336622946882009],[-79.107075337484389,41.3368734969334],[-79.106874327447088,41.337212417005567],[-79.106719787427863,41.337597187084299],[-79.1065636274122,41.338035997173229],[-79.106313257363496,41.338428227257495],[-79.105927317283061,41.338962237374169],[-79.105601337220833,41.339488327486777],[-79.105398527187788,41.339890267570837],[-79.105257467168656,41.340221277638896],[-79.105226997176118,41.340445947682326],[-79.105200477206068,41.340949917777913],[-79.105131337208846,41.341273027841432],[-79.104992357184969,41.34153193789588],[-79.104748277121843,41.34170804793942],[-79.104457627040674,41.341838407976311],[-79.103926766887426,41.342009758031267],[-79.103347636720329,41.342198368091537],[-79.102757086548323,41.342368818148877],[-79.101784276256069,41.342532878221519],[-79.101161266064906,41.342585648258172],[-79.100300385796231,41.342598418297634],[-79.099667215597123,41.342587988322933],[-79.099346545491557,41.342519668323916],[-79.099049425393986,41.342460688325659],[-79.098800135311521,41.342402528325486],[-79.098445205191027,41.342279548317705],[-79.09796064502504,41.342091378303301],[-79.097321094809587,41.341891718293375],[-79.096847144650312,41.341748778287013],[-79.096552724546797,41.341599718271738],[-79.096399804492577,41.341516198262674],[-79.096166604404246,41.34131410823484],[-79.095922074310977,41.341093938204118],[-79.095605624195741,41.340881508177951],[-79.095145514036048,41.340675728159134],[-79.095038983999828,41.340637968156656],[-79.094506503819417,41.340457988145843],[-79.094079033678199,41.340360808146031],[-79.093841153600678,41.340320888148774],[-79.093566423514289,41.340316308159728],[-79.093302563434008,41.340347948177062],[-79.092726573259696,41.34042849821693],[-79.092425863170604,41.340495568242424],[-79.092111843080701,41.340607408276888],[-79.09186902301461,41.34073856831187],[-79.091611632950716,41.340959448364359],[-79.091461682920581,41.341182138412535],[-79.091224702872012,41.34152042848612],[-79.090926952807024,41.341893868568867],[-79.090729532761301,41.342106758617255],[-79.09048537269814,41.342282778660774],[-79.090168202615487,41.342502768715633],[-79.089862992536524,41.342722838770015],[-79.089446572432166,41.343067158852463],[-79.089188292370068,41.343315098909969],[-79.088991412323139,41.343510008954972],[-79.088854492294416,41.343696908995895],[-79.088715952269297,41.343937749046972],[-79.0886263222568,41.344143439089343],[-79.088501002232348,41.344339509131494],[-79.088341792192537,41.344471939163164],[-79.088207212158395,41.344577839188794],[-79.088031552125003,41.34486317924982],[-79.087904972103587,41.345104199300401],[-79.087644892045688,41.345415169369893],[-79.087297511969894,41.345850729466413],[-79.086926671885308,41.346267869560556],[-79.086644301816307,41.346524439620751],[-79.086251441720009,41.346878199703916],[-79.085932651640903,41.347152039768979],[-79.085746381600771,41.347392159821979],[-79.085642631589309,41.347669679878436],[-79.085443771546537,41.347927599935282],[-79.085307131517212,41.348105429974517],[-79.085185221489098,41.348238480004667],[-79.084998411446023,41.34844255005094],[-79.084764581390203,41.34867287010416],[-79.084580371345254,41.348840900143557],[-79.084370641296346,41.349062590194116],[-79.084221491264486,41.349258300237224],[-79.084096531239467,41.349445380277629],[-79.083957911214313,41.349686230328714],[-79.083784131176699,41.349908550377819],[-79.083647391147323,41.350086370416989],[-79.083437931097876,41.35029907046588],[-79.083290131062952,41.350449750500452],[-79.083225851054337,41.350601770531725],[-79.083172271052504,41.350799010570967],[-79.083120221047039,41.35094231060004],[-79.083093161046733,41.35104992062135],[-79.08294455101364,41.351227560661016],[-79.082587470928615,41.351581950742819],[-79.082109380809641,41.351988300839508],[-79.081460840645249,41.352499920963247],[-79.081132440556956,41.352692571013435],[-79.080829570472645,41.352831651052526],[-79.079823320193682,41.353310191185471],[-79.079133329999848,41.353604971270371],[-79.078457909803788,41.3538098513378],[-79.077723519587067,41.35398668140251],[-79.077326069470274,41.354088181438648],[-79.076711699290001,41.35424901149517],[-79.076039419086712,41.35434583154224],[-79.075441768899424,41.354344841567773],[-79.075060498776736,41.354302501576242],[-79.074395688556706,41.35414724157576],[-79.074120868470303,41.354142661586678],[-79.074000848430174,41.35410913158556],[-79.073907448399055,41.354085031585115],[-79.073388628218083,41.353842121561918],[-79.072820998024554,41.353634451547407],[-79.072382917876553,41.353492051539561],[-79.072323857856247,41.353468501537705],[-79.072205817815345,41.353416991533138],[-79.072150437796225,41.353393521531082],[-79.071981427737967,41.353323131525144],[-79.071630187609017,41.353074111493655],[-79.071089077417028,41.352776811461219],[-79.070363497149899,41.352251161393895],[-79.069694456908749,41.351834661344661],[-79.069248826749146,41.351570441314294],[-79.068872236613942,41.351343441287959],[-79.068662586541876,41.351258851281152],[-79.068435316463578,41.35116499127335],[-79.067418726115818,41.350778601244649],[-79.066497885803685,41.350465931225621],[-79.066247155718671,41.350380611220423],[-79.066022225644488,41.350331801220939],[-79.065973945628627,41.350322001221208],[-79.065689685533087,41.350236141217323],[-79.065153875359741,41.350164141226877],[-79.064497065152423,41.350144001251337],[-79.064044155007267,41.350100401262672],[-79.063338794786759,41.350106511294094],[-79.063038444696332,41.350155501316223],[-79.062640454580674,41.350274891355646],[-79.061917294369593,41.350478871424997],[-79.061605344274852,41.350518701445871],[-79.061540254254709,41.350522121449266],[-79.061114134123741,41.350555471473875],[-79.06022762385102,41.350621551524377],[-79.059652083675417,41.350683941560774],[-79.058919043455717,41.350815641616975],[-79.058341523284241,41.350941051665302],[-79.058098703208202,41.350941411675798],[-79.057720043089461,41.350939521691686],[-79.057193052927062,41.350975661721151],[-79.056043682571627,41.351037331782074],[-79.054893862217426,41.351116901846432],[-79.054413522072423,41.351189891880729],[-79.054089881973368,41.35122046190034],[-79.053816401883893,41.351170751902785],[-79.053483501775077,41.351111141905946],[-79.052333681415817,41.351124631957887],[-79.052228051382883,41.351125891962653],[-79.051903871284964,41.351174431985697],[-79.051639391205839,41.351223972006309],[-79.051326891112311,41.351281772030596],[-79.05012223075849,41.351594622140986],[-79.049784480660435,41.351696932174669],[-79.049349810535276,41.351842662220633],[-79.048506820287074,41.352053562296398],[-79.048059390160006,41.352226172347955],[-79.047839490103044,41.352384492387102],[-79.047665990064175,41.3525887424328],[-79.047414720016434,41.352998772520429],[-79.047059609926535,41.353280972588578],[-79.046669259824213,41.353544642654747],[-79.046109999672751,41.353859382737781],[-79.045603319525611,41.354012842788286],[-79.045001349347814,41.354155782840927],[-79.044748279273648,41.354223482864512],[-79.044503929210393,41.354399502907967],[-79.044285119151127,41.354521862940274],[-79.043861059032693,41.354712812994315],[-79.0434358289166,41.35493980305511],[-79.042841498752097,41.355226943134461],[-79.041942048507991,41.355724993266413],[-79.041420178364234,41.35598633333781],[-79.040680578158771,41.356334063434716],[-79.039976747964602,41.356682333530237],[-79.039250177760508,41.356994203619898],[-79.038465437534072,41.357251043701702],[-79.03815258744109,41.357317753727656],[-79.038043087408795,41.35734472373742],[-79.03738258721414,41.357507263796222],[-79.037333687199748,41.357519933800724],[-79.037094107125696,41.357533873813608],[-79.036960507089148,41.357603633832454],[-79.036433786926153,41.357630693860145],[-79.034794456416421,41.357683733940497],[-79.034028336178793,41.357715743979405],[-79.033633046057147,41.357744954001838],[-79.033387435979478,41.357736234010765],[-79.033167265909896,41.35772796401865],[-79.03305507587325,41.357708094019785],[-79.033018665861448,41.35770297402037],[-79.032994125853349,41.357698024020479],[-79.032632095735323,41.357637794024782],[-79.03231025563035,41.357582774028295],[-79.032271685617502,41.357573064028109],[-79.031371515323713,41.357418084037739],[-79.030847215155276,41.357364054050137],[-79.030451835033602,41.35739326407257],[-79.029874774860872,41.357500514117497],[-79.029156294638881,41.357542234156121],[-79.028582994457807,41.357523444177275],[-79.028143384313353,41.35743480417954],[-79.027919894234159,41.357313884166452],[-79.027791784185681,41.357203574151306],[-79.02763005412082,41.357016224123129],[-79.027422204037322,41.356773944086633],[-79.026909773842732,41.356323814024307],[-79.026527163693018,41.355929963966958],[-79.025959173470682,41.355343723881475],[-79.025866753435494,41.355261113869972],[-79.025610003337647,41.355031503837949],[-79.025013693117316,41.354588923780639],[-79.024462252918553,41.354246223740077],[-79.023350362510769,41.353461493640793],[-79.022484812192118,41.352834083560317],[-79.021995302007397,41.352420363503796],[-79.021821521939088,41.352237233476977],[-79.021731441897131,41.352055543446752],[-79.021712751878297,41.351884103415443],[-79.021740431877504,41.351758513390749],[-79.021874031914066,41.351688753371889],[-79.022032881955241,41.351574313343626],[-79.022072521958137,41.351448903318406],[-79.022028021935967,41.351340123299984],[-79.021888231883125,41.35122055328354],[-79.021383171702439,41.350923703249599],[-79.020816801506498,41.350679713228175],[-79.020344111344784,41.350500453214899],[-79.019585261091734,41.350298273209553],[-79.018801690832902,41.350122603210274],[-79.018253840656385,41.350059133221841],[-79.017824030520501,41.35004277323727],[-79.017440070403723,41.350090153262656],[-79.017125330314883,41.350219873300439],[-79.016807620232612,41.350448583356922],[-79.01658548018041,41.350678903409637],[-79.016360640134181,41.350999313479377],[-79.01619163011506,41.351446743570499],[-79.016111440140875,41.352120903700268],[-79.016019560132392,41.352389523754589],[-79.015752020089749,41.352934313868175],[-79.015543090068192,41.353516153986185],[-79.015536700111866,41.354119564099548],[-79.01548528013447,41.354632084197782],[-79.015402930135096,41.354981884266905],[-79.015260620117559,41.355339774340059],[-79.015239320134043,41.355645614398313],[-79.015146720127376,41.355941294457722],[-79.014995420099467,41.356199844512624],[-79.014683820033454,41.356617794604354],[-79.014594460019623,41.356805414643325],[-79.014602280032321,41.356940624668319],[-79.014611000043217,41.357048864688267],[-79.014534050031926,41.357218684723378],[-79.014373579994412,41.357387064761824],[-79.014067199917022,41.35763402482123],[-79.013605469790789,41.357878184886815],[-79.01299711962659,41.358227994978492],[-79.012524879493611,41.358427025036079],[-79.012198989399209,41.358529425069264],[-79.011886679305036,41.35857806509177],[-79.011582809222304,41.358743925135876],[-79.011241909130717,41.358945215188243],[-79.010577638939353,41.359167895258459],[-79.0100606287848,41.359267055299284],[-79.009053118477283,41.359375745362883],[-79.00870205836506,41.359347155372596],[-79.008218398210488,41.359307235385884],[-79.007869398099245,41.359283145396326],[-79.007407227951745,41.359248175409604],[-79.006597767689527,41.359135085423141],[-79.006276557584997,41.359084465427472],[-79.00571692740408,41.359011735437861],[-79.005595287365622,41.359007065442192],[-79.004857207132133,41.358978745468548],[-79.004519097027099,41.358990705485297],[-79.003828036812337,41.359014975519528],[-79.003322616662061,41.359123305561532],[-79.002862506532225,41.359313445616877],[-79.002278246374914,41.3596546157059],[-79.001934656289237,41.359945885775218],[-79.001627106214229,41.36022871584143],[-79.000986566060277,41.360848125984994],[-79.00090017603992,41.360936676005281],[-79.000669125986235,41.361184806061694],[-79.000455075936543,41.361415306114111],[-78.999971775827348,41.361974396239596],[-78.999773635781992,41.362196086289629],[-78.99976176577934,41.362209936292743],[-78.999513375723211,41.362497796357374],[-78.999338695686632,41.36273791640987],[-78.999250865669225,41.362871506438623],[-78.999223985668237,41.362970126458279],[-78.999266235695131,41.363151006490376],[-78.999273165709624,41.363313276520451],[-78.999194855701319,41.363528046564085],[-78.999072415670227,41.363625046587494],[-78.99895851565006,41.363830196630829],[-78.998791835625511,41.36419663670663],[-78.998518185565942,41.36454310678333],[-78.998125045468726,41.364887516864762],[-78.997462665302464,41.365434466995666],[-78.996604115086711,41.366140087164695],[-78.995517674801249,41.366868727347878],[-78.9948472046229,41.367289377455435],[-78.994273104472782,41.367684667554165],[-78.994052484416969,41.36786095759669],[-78.993794384353436,41.368090647650781],[-78.993439194262734,41.368363677717184],[-78.993135504179392,41.368520557759624],[-78.992690054047372,41.368620877797532],[-78.99203117384404,41.368663407833758],[-78.991325823622645,41.368660077863431],[-78.991039033532388,41.368655047874782],[-78.990204133265465,41.368586447897734],[-78.989656103088848,41.368522797909314],[-78.989250652959214,41.368488727920351],[-78.988916322853242,41.368473897931914],[-78.988404432687332,41.368401887940379],[-78.987094132264616,41.368243837966965],[-78.986655602117736,41.368119057962417],[-78.986513832069051,41.368062517957902],[-78.986125641931821,41.367857537936104],[-78.985703201779771,41.367597997905591],[-78.985341621644125,41.367303397865946],[-78.985214951592695,41.367148047842264],[-78.985004861514298,41.366982277820199],[-78.984612171386601,41.366921327825636],[-78.984265611277522,41.36691529783937],[-78.983929381175741,41.366963397862826],[-78.983195980955742,41.367094647918861],[-78.982749720825467,41.367221947961831],[-78.982169140659707,41.367436988027038],[-78.981549460489802,41.367759368114015],[-78.981048630358714,41.368101798199717],[-78.980291040161035,41.368628978331017],[-78.979433389942756,41.369298458493247],[-78.978966449827098,41.369704538589311],[-78.978693519765685,41.370024038660937],[-78.978513089740872,41.370444148747389],[-78.978442519745158,41.370794218815988],[-78.978324659733261,41.371125408883088],[-78.978115009712198,41.371716139002771],[-78.977889359667031,41.372054529075896],[-78.977868589665604,41.372121679089375],[-78.977592239598707,41.372382479150062],[-78.977124129485318,41.372824609253001],[-78.976780089400208,41.373124869324037],[-78.976510119332175,41.373345219376901],[-78.976494019337338,41.373480069402852],[-78.976321959294737,41.373630199438374],[-78.976161569256462,41.373789509475081],[-78.976003709212904,41.373867809496538],[-78.975797749154907,41.373954199521549],[-78.975686269129284,41.374078349549571],[-78.975633229125577,41.374248529583724],[-78.975580909119998,41.37439174961284],[-78.975359939068468,41.374626559666318],[-78.975172849024872,41.374825869711664],[-78.974926258965624,41.375064739767012],[-78.974918528963741,41.375072019768702],[-78.974482958858019,41.375480249863863],[-78.974127948766693,41.375744199928519],[-78.973628458632547,41.376041680005727],[-78.973530378607791,41.376121060024779],[-78.973263828532737,41.376233440057291],[-78.972998348455263,41.376309760082982],[-78.972815408406518,41.37642367011216],[-78.972525568322766,41.37651761014218],[-78.971914068135007,41.376569930178213],[-78.971593038029809,41.376510240180806],[-78.97117868788979,41.376376830173591],[-78.970835987772375,41.376244670163508],[-78.970588937685065,41.376114230149646],[-78.970306657585269,41.375965090133846],[-78.970128737525854,41.375916900132424],[-78.969818587426815,41.375893440141368],[-78.969632137356527,41.375737010120041],[-78.969424017274008,41.375508210086103],[-78.969263997205914,41.375271150048512],[-78.96906648712887,41.375071660019621],[-78.969055247124501,41.375060330017966],[-78.96860376694697,41.374583949948068],[-78.968118036754575,41.37405299986942],[-78.967585196545954,41.373503169789231],[-78.967504826512439,41.373393679772164],[-78.967343726446714,41.373192659741427],[-78.967196206381217,41.372937789700003],[-78.967067196305578,41.372471659618192],[-78.966970466248924,41.372123209557053],[-78.966944756216279,41.371798489497273],[-78.966872836165066,41.371418929429225],[-78.966715056092255,41.371109859378052],[-78.966553056028332,41.370935899352411],[-78.966109315863392,41.37059481930752],[-78.965758165735167,41.370354429277555],[-78.96521660554491,41.370083649250034],[-78.964695545369239,41.369921289241944],[-78.964232285216568,41.369823029243378],[-78.96367176503739,41.369777089258797],[-78.96328851491873,41.369797319279044],[-78.962434194664041,41.369971359348277],[-78.962351044640229,41.370001389357476],[-78.961672654445366,41.370237019430682],[-78.960676384171094,41.370741809568024],[-78.960482104117389,41.370837459594256],[-78.960298174067304,41.370937699620924],[-78.959995393985267,41.371107969665836],[-78.959603963883737,41.371389269735303],[-78.959533573865713,41.37144212974821],[-78.959346853817749,41.371582909782632],[-78.959008283720678,41.371703019819677],[-78.958092743450067,41.371920929899701],[-78.957803713364513,41.371987819924655],[-78.957585533303302,41.372083019951823],[-78.957427033260899,41.372179309976708],[-78.957254963218261,41.372329350012187],[-78.956617213056873,41.372840430135284],[-78.956213202952782,41.373139530208661],[-78.955824302846011,41.373339740262828],[-78.955430082750411,41.373711020349333],[-78.955158412685989,41.373985400412408],[-78.953678022302782,41.375057990676837],[-78.95366481229965,41.375070850679776],[-78.953307902214164,41.37542065076066],[-78.953072012153839,41.375601080804586],[-78.952903622110668,41.375728740835704],[-78.952475701999006,41.376027390910004],[-78.952170491918579,41.376229030960864],[-78.95187517184597,41.37649406102323],[-78.951472601738914,41.376748021088076],[-78.951118931644572,41.37696693114426],[-78.950666551526595,41.377283111222866],[-78.950264881417823,41.377510201282654],[-78.949957061342602,41.377792931348793],[-78.949380621196468,41.378250971459344],[-78.948900921078092,41.378674761559346],[-78.948445120967165,41.379099001658332],[-78.948159780902515,41.379427131732065],[-78.947949780852682,41.379639571780842],[-78.947632250769047,41.379850111833917],[-78.947387270706145,41.380034861879054],[-78.947065250631937,41.3803894219593],[-78.946865220590055,41.380665062019503],[-78.946654950540832,41.380886482069997],[-78.946484230495273,41.380991482097016],[-78.94634964046034,41.381088132120887],[-78.946261720442862,41.381221722149647],[-78.94613595041821,41.381417612191775],[-78.945748390308424,41.381572782237455],[-78.945251880167689,41.381771102295929],[-78.944997010093203,41.381843112320325],[-78.944829620044231,41.381889682336229],[-78.944599649978585,41.381975622362134],[-78.944187099863669,41.382166392415591],[-78.943944909794894,41.382261142443731],[-78.943496669667965,41.38244229249689],[-78.943146959565297,41.382535072529251],[-78.942750589445239,41.382591082556708],[-78.942246069292466,41.382663082591804],[-78.941585209092509,41.382759372638219],[-78.941128788954146,41.382823292669762],[-78.940300088702671,41.3829344927261],[-78.939795308550529,41.383015582762901],[-78.939171218360059,41.383085442802752],[-78.938460648149217,41.383243842862903],[-78.938038298025688,41.383362332903175],[-78.937722117939018,41.383527832947721],[-78.937417627856746,41.383702512993544],[-78.936950057741441,41.384117403091309],[-78.93659009766003,41.384534353184854],[-78.936390067612692,41.384737893231538],[-78.934488057425938,41.390162004329298],[-78.934130257436138,41.391781374647955],[-78.933542757353536,41.393126374925103],[-78.933378597365461,41.393965585089326],[-78.933356397370332,41.394122735119716],[-78.933249957362705,41.394463095188051],[-78.93310710734491,41.394820805261183],[-78.933015677334481,41.395062365310345],[-78.932836867305426,41.395419455384932],[-78.932659847272802,41.395722505449292],[-78.932543697256634,41.39599058550445],[-78.932391137230354,41.396276105564503],[-78.932278137207703,41.396445205600997],[-78.932295127229395,41.396661685640836],[-78.93221888721628,41.396804445670867],[-78.9321752872209,41.397046825718093],[-78.932168187235746,41.39727183576057],[-78.932254667284752,41.397561675811147],[-78.932364797341918,41.397860865862484],[-78.932418017374331,41.398068985899144],[-78.932483737409328,41.398259305931987],[-78.932474657428287,41.398547345986309],[-78.932549457472945,41.398827916035678],[-78.932685467562109,41.399442836144999],[-78.932734737602786,41.39977699620551],[-78.932761167633586,41.400074746260159],[-78.932861047683431,41.400319716301752],[-78.932602317620322,41.400558226357468],[-78.93235805755566,41.40071599639753],[-78.931872957419174,41.400923396457138],[-78.931388757280928,41.401103826511694],[-78.930894307135347,41.401230046556556],[-78.930233086935914,41.401335236604595],[-78.92963156675529,41.401441496650257],[-78.928683666464806,41.401532566707949],[-78.928240726326663,41.401542536728819],[-78.927715526159133,41.401506046744473],[-78.927227106001141,41.401443196753625],[-78.92690624589531,41.401374426754515],[-78.926668015818223,41.401343056758861],[-78.926320185711376,41.401372806779293],[-78.925981085614723,41.401501816818012],[-78.925489515463255,41.401537956845857],[-78.925182955356519,41.401397356832668],[-78.924762855199603,41.401065536788536],[-78.9244913551059,41.400952526779008],[-78.924339965048674,41.400823696761371],[-78.924038884930695,41.400512016715837],[-78.923783574831873,41.400264256680401],[-78.923462534698032,41.399826076612079],[-78.923176294577914,41.399424676549167],[-78.922842494442108,41.399013296486416],[-78.922670874369658,41.398767056447632],[-78.922442174273115,41.398438656395918],[-78.922307324210223,41.398165986350584],[-78.922065944110983,41.397855386302787],[-78.921815844001614,41.39744552623673],[-78.921521413869996,41.396926806152173],[-78.921235983748133,41.396498346084122],[-78.921018603656464,41.396188186035353],[-78.920929063613983,41.395997416003439],[-78.920901193586147,41.395744705957298],[-78.920938863565354,41.395313095874826],[-78.920839883513793,41.395041065828146],[-78.920624483418024,41.394667885767397],[-78.920503653354757,41.394332465709752],[-78.920336713272917,41.393942125643797],[-78.920120413178893,41.393595915588186],[-78.919899893093799,41.393384745558066],[-78.919603672994356,41.393298345554577],[-78.919305382898983,41.393274975562967],[-78.918933102785786,41.393322265587784],[-78.918498702658454,41.393440485628588],[-78.918113932542695,41.3935055656572],[-78.917657962403098,41.393551415685316],[-78.917139062251209,41.393695075734513],[-78.916874302171905,41.39374434575506],[-78.9166086520909,41.393775535772299],[-78.916550122073147,41.393783545776294],[-78.916059451919892,41.393792625798994],[-78.915434371731152,41.393889355843889],[-78.915155141653329,41.394019435880239],[-78.914678221528277,41.394344065961505],[-78.914334631441108,41.39461700602736],[-78.91413469139853,41.394883646085823],[-78.914016471386461,41.395214746152959],[-78.913874341366878,41.395545406220968],[-78.913646801324418,41.395928556302508],[-78.913469071292965,41.396249586370267],[-78.913253761253657,41.396624026449601],[-78.913023261217106,41.3970971665481],[-78.912858651186994,41.39738241660865],[-78.912575101118065,41.397647446670426],[-78.9122547010396,41.397938896738758],[-78.911788390921231,41.398308746827993],[-78.911639420887226,41.398477126865899],[-78.911448030855496,41.398851926944346],[-78.911184530801762,41.39923444702724],[-78.910438540606165,41.399743377154564],[-78.910071570510311,41.399997877217942],[-78.909536570362818,41.400267397291366],[-78.909196930267356,41.400414297333434],[-78.908857560171327,41.400552297373814],[-78.90861618010068,41.400619897396822],[-78.90819571997298,41.400675277425201],[-78.907752779834794,41.40068525744605],[-78.907336089699413,41.400623677452344],[-78.906825459530353,41.400506267452187],[-78.906400319384133,41.40033644743859],[-78.906000179243065,41.400131017417245],[-78.905802759167244,41.399947267391312],[-78.905562359066323,41.399609597338333],[-78.905299858954393,41.399217547276123],[-78.905131468875481,41.398872147218675],[-78.9051019888512,41.39867347718269],[-78.905048318820008,41.398483337149393],[-78.904841728734496,41.398209407106862],[-78.90470642867281,41.397954727064999],[-78.90465643863395,41.397647627009562],[-78.904671008632448,41.397566806993808],[-78.904532198577797,41.397420176972304],[-78.904344128511028,41.397317686961159],[-78.904148688431121,41.397070916923298],[-78.904241908438038,41.396775326863924],[-78.904503608495347,41.396446916791184],[-78.90477591855938,41.396163646726436],[-78.905060988625351,41.395853576656116],[-78.905237558659238,41.395568596595233],[-78.905497008721241,41.395312106536032],[-78.905853818809902,41.39500330646289],[-78.906181778900972,41.394847146419622],[-78.906727739053963,41.394604956350854],[-78.907225959191891,41.394361776283937],[-78.907687149320907,41.394154016225286],[-78.907886189365215,41.393914436171855],[-78.908076239399946,41.393584686101946],[-78.908616449508258,41.392774865927095],[-78.908708769516906,41.392506335872817],[-78.908738799512079,41.392317725836186],[-78.908903679541595,41.392023475774039],[-78.909092829578114,41.391720695709175],[-78.909171759585945,41.391496935663888],[-78.909164659572141,41.39134365563546],[-78.90907798952378,41.391062895586558],[-78.909257159552297,41.390696825510318],[-78.909626469643484,41.390370305433343],[-78.910020779739824,41.390008185348563],[-78.910184839771162,41.389741005291484],[-78.910222239750965,41.389318295210671],[-78.910027699669271,41.389044555167686],[-78.909653619531682,41.388776555133504],[-78.909327289409191,41.388509465097449],[-78.909071519311581,41.388279595065327],[-78.908872659238725,41.38814087504786],[-78.908576079139834,41.388063475046046],[-78.908220709020384,41.387957935041484],[-78.9080209489493,41.387846185029083],[-78.907859668884214,41.387654064999964],[-78.907699288817369,41.387434984965829],[-78.907453498727691,41.387268394945139],[-78.906850808521483,41.387041304928374],[-78.906398338374885,41.386979004936066],[-78.905825498192343,41.386941524953535],[-78.905191437993949,41.386947994981902],[-78.904639537824821,41.387001035015487],[-78.904219167697107,41.387056415043872],[-78.903571167499109,41.387125635084566],[-78.903390377445561,41.387167435100146],[-78.903085527363757,41.387351015147608],[-78.902856097296905,41.387418885170113],[-78.902460187175564,41.38745664519417],[-78.902016527039137,41.387493595220064],[-78.901463816871839,41.387573605258709],[-78.901282756818887,41.387624315275993],[-78.900768266658133,41.387632945299593],[-78.900391856553142,41.387806265348175],[-78.900040346453892,41.387952985390768],[-78.899346226237242,41.387967275423115],[-78.898923246114848,41.388103655466779],[-78.898609856022262,41.388178995494343],[-78.898046005849309,41.388231765528325],[-78.897480435679938,41.388338475572546],[-78.896920455527308,41.388643505653661],[-78.89675989548897,41.388802725690368],[-78.896510955433627,41.389104425757608],[-78.895988905316017,41.389716285894586],[-78.895605305225757,41.390114635985668],[-78.895357185168606,41.390389276047742],[-78.894949395071393,41.390796166141449],[-78.894761685031995,41.391053906197776],[-78.894585924996321,41.391311916253635],[-78.894337534939766,41.391595556317448],[-78.894185064912818,41.391871996375755],[-78.894162414930818,41.392204806439061],[-78.894115754941268,41.392537256503374],[-78.894043564947779,41.392923196578778],[-78.893965074938677,41.393128976620687],[-78.893891994946927,41.393541976701194],[-78.893818544955721,41.393963876783381],[-78.893760284961843,41.39428707684646],[-78.893665534957805,41.394627616914271],[-78.893634424992911,41.395221497026952],[-78.893694215039602,41.395591877093786],[-78.893854865105865,41.395801977126268],[-78.893899275128021,41.395910937144784],[-78.89385378513613,41.396207337202277],[-78.893772425132951,41.396503017261111],[-78.893656725115491,41.396753117312947],[-78.893333445042899,41.397134477398225],[-78.892986154962713,41.397515467484475],[-78.892800784918521,41.397701207527234],[-78.892530184850969,41.397930447581771],[-78.892056414719363,41.39815591764426],[-78.891680544613124,41.398311177689429],[-78.891353754519699,41.398431287725934],[-78.891047284440788,41.39865980778189],[-78.890838804387315,41.398818117820483],[-78.890490714281029,41.398856777842582],[-78.89006701415974,41.399011137889651],[-78.889690874054125,41.399175387936531],[-78.889338373956605,41.399348977984111],[-78.889036583868332,41.399433578012875],[-78.888559303715894,41.399397798026641],[-78.888023673541653,41.39931589803421],[-78.887775553456621,41.399221238027096],[-78.887423593330084,41.399007628002131],[-78.887061113196822,41.39874880796917],[-78.886512362993301,41.398333377914781],[-78.886306942916335,41.398167427892481],[-78.886057832822857,41.397964697865199],[-78.886048752818652,41.397946537862154],[-78.88595606277724,41.397782747835457],[-78.885907072736586,41.39744858777491],[-78.885904462714052,41.397160277721021],[-78.885819332662749,41.396834477663603],[-78.885710642603357,41.396499237605454],[-78.885696342576395,41.396201767550309],[-78.885723132550154,41.395742827463181],[-78.885842702559998,41.39537575738931],[-78.886031312597638,41.395091047327881],[-78.886208952629829,41.394779007261825],[-78.886205722608423,41.394508767211313],[-78.886169852569267,41.394138827143529],[-78.886095502524128,41.393849257092441],[-78.885901042442399,41.393575427049427],[-78.885739852377341,41.393383307020365],[-78.885510702282048,41.393072886972007],[-78.88521879217376,41.392851366942971],[-78.884722912003198,41.392653136927017],[-78.884549131935501,41.392478736901772],[-78.884294081836757,41.392230876866229],[-78.88397512172746,41.392107896856878],[-78.883586751590812,41.391911646836668],[-78.883211871454961,41.391670536807531],[-78.882893801343869,41.391520576793063],[-78.882586251239474,41.391415846786607],[-78.881978081044466,41.391359656802095],[-78.88165651094036,41.391317676807979],[-78.881397050850453,41.391204846797926],[-78.881139040757603,41.3910468967794],[-78.880933800683735,41.390921576764626],[-78.880882290665241,41.390890376761007],[-78.880834100647888,41.390861166757567],[-78.880451670515242,41.390692686742398],[-78.880386040492425,41.390663746739783],[-78.880270250447111,41.390544536722366],[-78.880110500379132,41.390307466684803],[-78.880028600349249,41.390251906677882],[-78.87970559022024,41.389885656623029],[-78.879658570202054,41.389839716616443],[-78.879554010163673,41.389765726607081],[-78.879033669986811,41.389585036595484],[-78.878654119860357,41.389487936593497],[-78.878180339700862,41.38934409658679],[-78.877741089555641,41.389245926587179],[-78.877491169474183,41.389205296590255],[-78.8771442493655,41.389207896605605],[-78.876804059271237,41.389372776651037],[-78.876476919178302,41.389501786689188],[-78.876206589110112,41.389722036742079],[-78.875950009042171,41.389888356784226],[-78.875705758977404,41.390046036824195],[-78.875532248937006,41.390231956866437],[-78.875393978909074,41.390436566910736],[-78.875314328902292,41.390678306959423],[-78.875236478892049,41.390866016997961],[-78.875202048889093,41.390970477018989],[-78.875183438887561,41.39102711703044],[-78.875225958913148,41.391190017059117],[-78.875194128919802,41.391410097101726],[-78.875149718928853,41.391715577160895],[-78.875040858951323,41.392465607306114],[-78.875036358987899,41.392969947400793],[-78.87504273903069,41.393510427501845],[-78.875040859062068,41.39393376758126],[-78.875122119120903,41.394376617660718],[-78.875208069170441,41.394675437713047],[-78.875231349206999,41.395063177784721],[-78.87524150924213,41.395486607863646],[-78.875244029264678,41.395774917917542],[-78.875159699267314,41.396160677993464],[-78.874994649237706,41.396454828055646],[-78.87493045922767,41.396588778083448],[-78.874770079188679,41.396738918118473],[-78.874757849185357,41.396745658120267],[-78.874282819056162,41.39700915818996],[-78.873859478934307,41.397154438235262],[-78.873473988819612,41.397237318267329],[-78.873138028716482,41.397267168287271],[-78.872683498573892,41.397267798306821],[-78.872204148425496,41.397294948332402],[-78.871737388279755,41.39730429835415],[-78.871293548143257,41.397341158380002],[-78.870789477989177,41.397394828411635],[-78.87042933787906,41.397433218434273],[-78.870019397758014,41.397533718470605],[-78.869280777546962,41.397808278553626],[-78.868871107425306,41.397899708588341],[-78.868329547262775,41.397997788629858],[-78.867873217123702,41.398052358659577],[-78.867645857052707,41.398057118670224],[-78.867443766986284,41.398017388671391],[-78.867231506912631,41.397923348662886],[-78.866890786791657,41.397736898642528],[-78.866682036710898,41.397534888613592],[-78.86651940664872,41.397387728592989],[-78.86629996656194,41.397149488557659],[-78.86621977652851,41.397039988540577],[-78.866201796509259,41.396859468507564],[-78.866149386475712,41.396633288467385],[-78.865981806395752,41.396269908406438],[-78.865822416327148,41.396023758367186],[-78.865777556306227,41.395932868352041],[-78.86560899625583,41.395965778365436],[-78.865466146209442,41.395945098367626],[-78.865432966192856,41.395863468353745],[-78.865282296134509,41.395716568332716],[-78.865212266110817,41.39569391833146],[-78.865163896094458,41.395678278330593],[-78.865082536063412,41.395604738320252],[-78.864955506013146,41.395467278299968],[-78.864901925982011,41.3952771382666],[-78.864849515948535,41.395050958226484],[-78.864806365924082,41.394906128201157],[-78.8646577558616,41.39469620816817],[-78.864461325784063,41.394485388137035],[-78.864324945724746,41.394266668101928],[-78.864250155680821,41.393995078054203],[-78.864198645645573,41.393741918008956],[-78.864118805611568,41.393623337990178],[-78.863930735544841,41.393520767978963],[-78.863742125479277,41.393436167971181],[-78.863602245427032,41.393325497956404],[-78.863443485357323,41.393061377913696],[-78.863180885245981,41.392678217853103],[-78.863082175194535,41.39240618780638],[-78.863032995154555,41.392081017747543],[-78.862926465091121,41.391682667677415],[-78.862934735074731,41.391430677629856],[-78.862993715067475,41.391089507563379],[-78.862978695042386,41.390818997513321],[-78.862905604994893,41.3904933774554],[-78.862670524884166,41.390002617373476],[-78.862513194811456,41.389693447322273],[-78.862414214760605,41.389430407277217],[-78.862388324729366,41.389123757220808],[-78.862395694714678,41.388898647178323],[-78.862500514726662,41.388621397121881],[-78.862641124749956,41.388344857064006],[-78.862790174784038,41.388176477026079],[-78.863024634840954,41.387955596974621],[-78.863125864859953,41.387786406938631],[-78.863155084856913,41.387624766907059],[-78.863093314814364,41.38731739685209],[-78.862900484729835,41.386998606800589],[-78.862544394584376,41.386550636731783],[-78.862302554487101,41.386266916688989],[-78.861813864302533,41.385852566632167],[-78.861347554128443,41.38548361658296],[-78.860736683911483,41.385147926546153],[-78.860360093779192,41.384960846527186],[-78.860052273675393,41.384865016522362],[-78.859647453544369,41.384812416529797],[-78.859111643370781,41.384739426539049],[-78.85863715321311,41.384622556537408],[-78.857924152978853,41.384483116541752],[-78.857330722782336,41.384346016541386],[-78.856882392627426,41.384157496525205],[-78.856330142431659,41.383858936492871],[-78.855967302299675,41.38361800646318],[-78.855643302173135,41.383287716415097],[-78.855532102119113,41.383033476372177],[-78.85542323206036,41.382707146315695],[-78.855445882043057,41.382383326254022],[-78.855506652032375,41.381988216177355],[-78.855666052045947,41.381504816079904],[-78.855778242043286,41.381002455980948],[-78.855778962014355,41.380615165908239],[-78.85574066198059,41.380326225855733],[-78.855653911932919,41.38005446580847],[-78.855505311870445,41.379844545775491],[-78.855250081772368,41.379605595741616],[-78.855063361703344,41.379466965723566],[-78.854630041546415,41.3791887256899],[-78.854493661496605,41.37909495567817],[-78.854185661383994,41.37888315565165],[-78.853532361141447,41.37838456558606],[-78.853328561051427,41.378038545529897],[-78.853203870996538,41.377829075495917],[-78.853007520919093,41.377618175464754],[-78.852811450841003,41.377398365431937],[-78.852480890700193,41.376905805353708],[-78.852313230620908,41.376551415294379],[-78.852216040566518,41.376234345239084],[-78.852187910540053,41.375999705196314],[-78.852245170536392,41.375712475139984],[-78.85238991055148,41.375309895058358],[-78.852488800564572,41.375071665009422],[-78.852493840565231,41.375059615006926],[-78.852589940567029,41.374683114932274],[-78.852568540527088,41.374241434850369],[-78.852515320495343,41.374042214815262],[-78.852352150434484,41.373913124797994],[-78.852103580350729,41.373836434794271],[-78.851720870230722,41.373838234810918],[-78.851394450136695,41.37394926484572],[-78.85094486001195,41.374166014905541],[-78.850299379836315,41.374523275000087],[-78.849487759605609,41.37484134509441],[-78.848787259401789,41.375053415164125],[-78.848700229375822,41.375071485171247],[-78.848389899283319,41.37513603519659],[-78.847896079136518,41.375243915237895],[-78.847351198981045,41.375449875299793],[-78.846924978865019,41.375685055362119],[-78.846571308769839,41.375894605416534],[-78.846179348668002,41.37617554548595],[-78.845796378575727,41.376546655571893],[-78.845520738518033,41.37692881565534],[-78.845305698477361,41.377285005731309],[-78.845172198467154,41.377705825815916],[-78.845098208476429,41.37813680589985],[-78.845141538500243,41.378272735923503],[-78.845316938564309,41.378393105938628],[-78.845301118568159,41.378509885961179],[-78.845155658527048,41.378570215978705],[-78.845162848540141,41.378714506005437],[-78.845268298578148,41.378779496013117],[-78.845385168621092,41.378862746023714],[-78.845393528631845,41.37897098604369],[-78.845388228642392,41.379132986074289],[-78.845322508635221,41.379311886110621],[-78.845155838608477,41.379651086181376],[-78.844933598554718,41.379863066230577],[-78.84450639844043,41.380125306298034],[-78.844104278331272,41.380351946357699],[-78.843787648245041,41.380526076403882],[-78.843663318216713,41.380667936435778],[-78.843611628209246,41.380784006459749],[-78.843594628215399,41.380936836489106],[-78.843496638189919,41.381007046506447],[-78.843411238167079,41.381059456519935],[-78.843384628164827,41.381140006536199],[-78.843341928166936,41.38134641657669],[-78.843277738156871,41.381480276604549],[-78.843166618129999,41.381586266629171],[-78.843044718096991,41.381656036647449],[-78.842885768055012,41.381761126673958],[-78.842667407993687,41.381856146701111],[-78.842485447942408,41.381933826723454],[-78.842147867842783,41.382017516753564],[-78.841774697731282,41.382091596783383],[-78.841391627611884,41.382102386801741],[-78.840710727396541,41.382080626826756],[-78.840352747282367,41.382055906837429],[-78.839719667082136,41.382034956860515],[-78.839443856997221,41.382056806876378],[-78.839131636902238,41.382096006897079],[-78.83875728679304,41.382206036933731],[-78.838444436699163,41.382263216957817],[-78.837988556559523,41.382308706985796],[-78.837604866441268,41.382337567007568],[-78.837184216314114,41.382401667037591],[-78.836738136182305,41.382510347077016],[-78.836136346002149,41.382625157124238],[-78.835254965744639,41.382878767209455],[-78.834977085663823,41.382963627237196],[-78.834749995592233,41.382959317246062],[-78.834368465469908,41.382925147255968],[-78.834202865416984,41.382912657260739],[-78.833891365317498,41.382889097269569],[-78.833283905121263,41.382814667281551],[-78.832927185004706,41.382753887285403],[-78.832681214915681,41.382596117266324],[-78.832429404811194,41.382258097213679],[-78.832148834681419,41.381703407121663],[-78.832040414649271,41.381728397131013],[-78.831931004618866,41.381780367145389],[-78.831855754603268,41.381886987168585],[-78.831828244602733,41.381994597189987],[-78.831881734633811,41.382184737223326],[-78.831888304648061,41.382347007253507],[-78.831748774595297,41.382227257236991],[-78.831698254558361,41.381947127186613],[-78.831790304568372,41.381696667135692],[-78.831958514592273,41.381312527056487],[-78.831439604358835,41.380375046902842],[-78.831156064234875,41.379910266827849],[-78.830620444007081,41.379116626701844],[-78.830277113864312,41.378650766629164],[-78.829740943637646,41.377875106506622],[-78.829374963485037,41.377372746427987],[-78.829140053383441,41.377002446368579],[-78.829056813347478,41.376871376347566],[-78.828863523264161,41.376570476299364],[-78.828807423238331,41.376461336281338],[-78.828568113136498,41.376105606224819],[-78.828336623046539,41.37587599619161],[-78.828119782955127,41.375565666142663],[-78.827974232886945,41.375265756092666],[-78.827858172835789,41.375070496060957],[-78.82784972283207,41.375056206058666],[-78.827691132762425,41.374791986015858],[-78.82759251271105,41.374519945969084],[-78.827638002703679,41.374232535913237],[-78.827788862734323,41.374010215865056],[-78.827941872760846,41.373724875805017],[-78.828008212766832,41.373527995765279],[-78.828008482739193,41.373158775696034],[-78.827892332668029,41.372697225614417],[-78.827863382616229,41.372129235509078],[-78.827893052585537,41.371598375408269],[-78.82790923252702,41.370751965248829],[-78.827912832492871,41.370283685160835],[-78.82788028244812,41.369823755075956],[-78.827878582424489,41.369517465018561],[-78.827884332359275,41.368625924851081],[-78.827860692324052,41.368256164782714],[-78.827905552290787,41.367626504662738],[-78.827869142253562,41.367283534599935],[-78.827769172205123,41.367056534561605],[-78.827667312160159,41.366883394533481],[-78.827412802060991,41.366626454496149],[-78.827084851942686,41.366422114471831],[-78.826754201829687,41.366298774462784],[-78.826576191770855,41.366259394463015],[-78.826336881696108,41.366263804474031],[-78.826025021600515,41.366294004493035],[-78.825638181488713,41.366421754533498],[-78.825055361326008,41.366689924608643],[-78.824547871178879,41.366851474660628],[-78.82405405103205,41.366959264701869],[-78.823654710917694,41.367104814746234],[-78.823250160813188,41.367403374819538],[-78.82273450068179,41.367807924917408],[-78.822203910552474,41.36830228503279],[-78.821715750421575,41.368599315109364],[-78.821303200305792,41.368780645160953],[-78.820829070174597,41.369014835225116],[-78.819949849940087,41.369565645365952],[-78.819532799833041,41.369881915443045],[-78.81908760972658,41.37032386554494],[-78.81892354969446,41.370581965600408],[-78.81878905968594,41.371029765690096],[-78.818750939705751,41.371452385770993],[-78.818680909733786,41.372117555898747],[-78.818602869750478,41.372665496004892],[-78.818462989725347,41.372915056057664],[-78.818154269650407,41.373206416125505],[-78.817723109543593,41.373585526214981],[-78.816999779356863,41.374121246346355],[-78.816644219265086,41.374384646410931],[-78.816218999146656,41.374583776466409],[-78.815628078972509,41.374734626519924],[-78.815098928813171,41.374823726559171],[-78.814476098620204,41.374856896591972],[-78.813722918383419,41.374851586623151],[-78.81313892819594,41.374795406637539],[-78.812375587951905,41.374735886658897],[-78.812078107855385,41.374694176663766],[-78.811592647692194,41.374549886657441],[-78.811144677537428,41.374361186641117],[-78.811128317531924,41.374356416640957],[-78.810861487440022,41.374247736631979],[-78.81019919721561,41.374027926618965],[-78.810010767150132,41.373943326611148],[-78.809434596947497,41.373653136581304],[-78.808909586753558,41.373264856530838],[-78.807844536367654,41.372578016447456],[-78.806897166022935,41.371947456369533],[-78.806368555835959,41.371667156339505],[-78.80538891550006,41.371288226310199],[-78.804998845367564,41.371154726301782],[-78.804558785224131,41.37108325630718],[-78.803951505027925,41.371008636319061],[-78.803569434906791,41.370992276332252],[-78.803136924775856,41.371056106362722],[-78.802256444516502,41.371282466442736],[-78.801966334432493,41.371375966472641],[-78.80138854425978,41.371491036518854],[-78.800930234124763,41.371608356560429],[-78.800554004019034,41.371772336607201],[-78.800138393908966,41.372043566675814],[-78.799859253830391,41.372164296710352],[-78.799461363713093,41.372264806746216],[-78.798863253525866,41.372271366772928],[-78.798431013394321,41.372326116801624],[-78.797984303263618,41.372452696844405],[-78.797681883176423,41.372555006876517],[-78.797425213108355,41.37272122691865],[-78.797217543053009,41.372852306952097],[-78.797072893010139,41.372885566964463],[-78.796749342910118,41.372906426982176],[-78.796319802773326,41.372880176995594],[-78.796127412715364,41.372912537009853],[-78.795381062492226,41.37306033706939],[-78.795006092384156,41.373188257109369],[-78.794122282131212,41.373513607208103],[-78.793419181931824,41.3737973372913],[-78.793029191825809,41.374014977348757],[-78.792587691711603,41.374339787428511],[-78.792109241588491,41.374699927516481],[-78.792078681580918,41.374726177522717],[-78.791690401484175,41.375061147602096],[-78.791677541480794,41.375069597604224],[-78.790956731290066,41.375542387723655],[-78.790439621160871,41.375982807828329],[-78.789630790950511,41.376561757971409],[-78.789163850831684,41.376931068060571],[-78.788660230703314,41.377326718156297],[-78.788414170641289,41.377529088204717],[-78.788157420573185,41.377695308246864],[-78.787828120484264,41.377887158296865],[-78.78697209025762,41.378447138438439],[-78.786360770095328,41.378840638538307],[-78.786068500015304,41.378997148580119],[-78.785873599961974,41.37910152860799],[-78.78575294992666,41.379135238619476],[-78.785596979878832,41.379150248628918],[-78.785471659852192,41.379318898665922],[-78.785396589835912,41.379416538687408],[-78.785286909806089,41.379477488703522],[-78.785155119765193,41.37948395871036],[-78.785033839731042,41.379535648725245],[-78.784897739698252,41.37966816875587],[-78.784690609641757,41.379781258785926],[-78.784438439564937,41.379812458802554],[-78.784017429438222,41.379885358834137],[-78.783788819369548,41.379925998851519],[-78.783547439298829,41.379993418874442],[-78.783388939255602,41.380080448897559],[-78.783010909153333,41.380298278954527],[-78.782622999043156,41.380452989000091],[-78.782308888951576,41.380545949030868],[-78.781671218759953,41.380659759079414],[-78.781268648634679,41.380674509099357],[-78.780821218495262,41.380688439121052],[-78.780174928293505,41.380702919151325],[-78.779443228068843,41.380769889195037],[-78.779083807957534,41.380789939214111],[-78.778702277835151,41.380755599223974],[-78.778299967699496,41.380630729217671],[-78.777757607512243,41.380404089198279],[-78.777346047367516,41.380197949177145],[-78.777135587290971,41.380058779159995],[-78.776988507226363,41.379812819120161],[-78.7767859671347,41.379439549058752],[-78.776695887094178,41.379275749031891],[-78.776627827064544,41.379166339014262],[-78.776439396999052,41.379081569006381],[-78.776204676915569,41.378950938991871],[-78.775967786836148,41.378883338989269],[-78.775681636744523,41.378859788997062],[-78.775357456645651,41.37889852901813],[-78.774911006514358,41.379016029059173],[-78.774376556364714,41.379257859127314],[-78.774092826294876,41.379513539187379],[-78.773880756247593,41.379770649244648],[-78.773790676233389,41.379958089283647],[-78.773734576233963,41.380200189331497],[-78.773830506289968,41.380544329391938],[-78.773896036324146,41.380725749423164],[-78.773891996331699,41.380842709445297],[-78.77390916635197,41.381041209481801],[-78.774033586406802,41.381250769515802],[-78.774309306518106,41.381580339565886],[-78.775040106797292,41.382242989659012],[-78.775410586940524,41.382601419710475],[-78.775734137066905,41.382931899758688],[-78.776096707198889,41.383173099788472],[-78.77668105741229,41.383571709838321],[-78.777053957550862,41.383858139876175],[-78.777551647743664,41.384345119946303],[-78.777888677870976,41.384630829985547],[-78.77827174801682,41.384971550033114],[-78.778653548164954,41.385348140087459],[-78.778859508250235,41.385622330130133],[-78.778981148310237,41.385912980179405],[-78.778985458328521,41.386138180221494],[-78.778956688330311,41.386281750249637],[-78.778856458308866,41.386414890278871],[-78.778500088218109,41.386696280346861],[-78.778375938189143,41.386828970377003],[-78.778272018174633,41.387070170426689],[-78.778138778163026,41.387472830507903],[-78.7780587681561,41.387714490556604],[-78.77801552815869,41.387929890598855],[-78.778046458179318,41.388074540624707],[-78.778174918226583,41.388167130636546],[-78.778373778298786,41.388297040652425],[-78.778416038324309,41.388460030681223],[-78.778363078319103,41.38861205071197],[-78.778215378281971,41.388735300741388],[-78.778082688242861,41.388768830753328],[-78.778031258226306,41.388763260754494],[-78.777712748124841,41.388743660764419],[-78.777339478013189,41.388817470794123],[-78.777085067940376,41.388911590822644],[-78.776937357903307,41.389034850852063],[-78.776836577883003,41.38918606088474],[-78.776746767868261,41.38936442092195],[-78.776623247838046,41.389479130948786],[-78.77639310777225,41.389564810974669],[-78.776211327720361,41.389633310995244],[-78.776026217674811,41.38980089103454],[-78.775817207621756,41.389967921074785],[-78.775523587544072,41.390160401123396],[-78.775264317480563,41.39039863117911],[-78.774812297366196,41.39076497126711],[-78.77471080734054,41.390847231286862],[-78.774278387235256,41.391253221381433],[-78.773526547048277,41.391905171535754],[-78.773209026963002,41.392097111585265],[-78.773013756910217,41.392210471614845],[-78.772912356891084,41.392379581650886],[-78.772685806844706,41.39270852172227],[-78.772377806767835,41.392972741784909],[-78.772010926670404,41.393208811844843],[-78.771668226579948,41.393436351902089],[-78.771278066473741,41.393654001959547],[-78.770804826340083,41.393851962016825],[-78.770176516156795,41.394037962078549],[-78.769707236015535,41.39411887211368],[-78.769383865914889,41.394130652129689],[-78.769323185895772,41.39412948213203],[-78.768857955748985,41.394120402150172],[-78.768452145619662,41.394094512162603],[-78.766949195138807,41.393975302204332],[-78.76629337492858,41.39391750222147],[-78.766083904862825,41.39391786223046],[-78.765862754793389,41.393918132239918],[-78.765524644694224,41.394010722271716],[-78.76530519463445,41.394132542303907],[-78.764826654510614,41.39448351239011],[-78.764590304456348,41.394749072449997],[-78.764403044414877,41.394979662501221],[-78.764195824358296,41.395092672531177],[-78.763869044264069,41.395203432565935],[-78.763673504211866,41.39532569259714],[-78.763463774159874,41.395510792640806],[-78.763489934199271,41.395925592717518],[-78.763328924124792,41.395607262664676],[-78.763025774038667,41.395727452700122],[-78.762723533950776,41.395820682730516],[-78.76210897376771,41.395952832781425],[-78.761663973633475,41.396025202813966],[-78.761171683482914,41.396078692845009],[-78.760674353329819,41.396119872873903],[-78.76064387332049,41.396122472875696],[-78.760225213189059,41.396123282893718],[-78.759412692932102,41.396098472923661],[-78.758826102749097,41.3961140229516],[-78.758370032609292,41.396159152979457],[-78.757698122402701,41.396218133019168],[-78.757183262242364,41.396235123044299],[-78.756980632177033,41.3962131830488],[-78.756755702101344,41.396145763045759],[-78.756589652046287,41.39610647304545],[-78.756326611963331,41.396101353055712],[-78.756016451864099,41.396077253064391],[-78.755683371755623,41.396025743068954],[-78.755279451622783,41.395945823071152],[-78.755007321530869,41.395859433066569],[-78.754709401434866,41.395826613073098],[-78.754518451373983,41.395813853078842],[-78.754350151322868,41.395837583090461],[-78.75413251125967,41.395905363112441],[-78.75399703122568,41.396019813139695],[-78.753660981148784,41.396400533225354],[-78.753431561107561,41.396810393312037],[-78.753264701079928,41.397140413381024],[-78.753097491052912,41.39747942345172],[-78.753062701065602,41.397793983512202],[-78.753125451105063,41.398056403558741],[-78.753331951189153,41.398312623597974],[-78.753679051323701,41.398652623646932],[-78.754130981497411,41.399075783707076],[-78.75425918155004,41.399240393732491],[-78.754325881577159,41.399322733745024],[-78.754536881678902,41.399795253824664],[-78.754800641786474,41.400124643875181],[-78.755066301890622,41.400400013915494],[-78.755518592063765,41.400814173973934],[-78.755621792104137,41.400919813989297],[-78.756119752298147,41.401420374061978],[-78.756339822385002,41.401657174096982],[-78.756511892452977,41.401842364124391],[-78.756695112528377,41.402080064161119],[-78.756783662571863,41.402288984196552],[-78.756800742592176,41.402487484233042],[-78.756781322602293,41.402703244274278],[-78.756655642576192,41.40288089431295],[-78.75627168248414,41.403260714400581],[-78.755973032415682,41.403597124476377],[-78.755603902322221,41.403896224548184],[-78.755368722265686,41.404125824601266],[-78.755023422179733,41.404425284672094],[-78.754753002110661,41.404636184723152],[-78.754479702046794,41.404928094789518],[-78.753985431926068,41.405386764896598],[-78.75365082184625,41.405722444973819],[-78.753107471712767,41.406216275089548],[-78.752753351617301,41.40642546514389],[-78.752299181499737,41.406758905225729],[-78.751819651377545,41.407136845317027],[-78.751447641289317,41.407516855404154],[-78.751247351245752,41.407774145460905],[-78.750903751182705,41.408370815587389],[-78.750538841133235,41.409237365765421],[-78.750252511093706,41.409907295903231],[-78.750060761060297,41.410263835978228],[-78.749901631018218,41.410368756004694],[-78.749768580979648,41.410411186018322],[-78.749753660975827,41.41042296602113],[-78.749387410882392,41.410710016090562],[-78.749219560856545,41.411067006164657],[-78.749126520847483,41.411335356218913],[-78.749057110846607,41.411613236273958],[-78.749046230866881,41.411928246333488],[-78.749125080928295,41.412416136421584],[-78.749234040985741,41.412724496474759],[-78.749332661036462,41.412987626519886],[-78.74943469108085,41.413151786546322],[-78.749566941146981,41.413478576601904],[-78.74970232120728,41.413715456640595],[-78.749753571230229,41.413806526655478],[-78.749758691232557,41.413815606656939],[-78.749905771295531,41.414039186692605],[-78.754758842810176,41.413913326462108],[-78.76824366701841,41.41356253582142],[-78.770165457618745,41.413520465731551],[-78.770169327695413,41.414523125919317],[-78.767174126762114,41.414620036065244],[-78.767468546887727,41.415059826135092],[-78.763881355769996,41.415176426309927],[-78.763955435932658,41.417028816653982],[-78.765159556308831,41.417002656597738],[-78.765284336451842,41.418382526850998],[-78.766268116702577,41.417609026664103],[-78.766601826757693,41.416948986526151],[-78.767404356961734,41.416311596372452],[-78.767997697119796,41.415935806276693],[-78.767718026987495,41.415344896177892],[-78.768165277122819,41.415277026146079],[-78.768473447255673,41.415755916222736],[-78.769026517417515,41.415599316169747],[-78.769743107650399,41.41570332615872],[-78.77043129789395,41.416067966197708],[-78.76765050722544,41.418788066826075],[-78.773576089074794,41.418636406544906],[-78.77364269924233,41.42058318690686],[-78.775879959940639,41.420527366800947],[-78.776349770087293,41.420515586778727],[-78.776287110096206,41.420895416852559],[-78.776949950366202,41.421716646978147],[-78.777572140667303,41.423120257214613],[-78.777820180780481,41.423588907291865],[-78.779225581219791,41.423561937226808],[-78.780975941767252,41.423532717146657],[-78.78090636207078,41.427851607958793],[-78.780904022080819,41.427994277985611],[-78.780895842112841,41.428453398071994],[-78.780881362178519,41.429385388247248],[-78.778806201535701,41.429502888357824],[-78.778874532087414,41.436538559672861],[-78.78034745254979,41.436535499609427],[-78.780470522971598,41.441617640555997],[-78.780536063196465,41.444325601060328],[-78.780579213539355,41.448691511876028],[-78.780579753543648,41.448746441886335],[-78.780580293547999,41.448801281896586],[-78.78062713392103,41.453550332783756],[-78.778921543384484,41.453539912854652],[-78.778957773601903,41.456269633364158],[-78.782454794701351,41.456283113217289],[-78.782469994804742,41.457589543461218],[-78.782497414991539,41.459949693901862],[-78.776419993083536,41.459962994163966],[-78.77651735406134,41.472506836507634],[-78.778200814589979,41.472503326435067],[-78.77820180461579,41.472840996498157],[-78.778207384762823,41.474764136857836],[-78.77656850424917,41.474780496930876],[-78.768521731727247,41.474860327289655],[-78.76864157208108,41.479046248067817],[-78.76188126997269,41.479252658395325],[-78.760016199389383,41.479288348481681],[-78.75996702928478,41.478107518262796],[-78.756582288226184,41.478172158419461],[-78.753090667133435,41.47823004857942],[-78.753123387325743,41.480639999029016],[-78.749753936266956,41.48063981917285],[-78.747129035442128,41.480639639284945],[-78.742503853988723,41.480639099482275],[-78.739923723507701,41.485006260409691],[-78.738578643203368,41.486574030760472],[-78.738452243205614,41.487129970869859],[-78.738438393280973,41.488185581068002],[-78.738432733311669,41.488615661148735],[-78.738322243297546,41.488888241204442],[-78.738297523473392,41.49131958166037],[-78.738278553664728,41.493931182149808],[-78.738283773758909,41.495156152378705],[-78.738443883825823,41.495375512412899],[-78.738969794045602,41.4960973225255],[-78.739737454362867,41.497103212680869],[-78.740343824615593,41.497925702808871],[-78.740525694694142,41.498208532853994],[-78.74062467474441,41.498462592897248],[-78.740731204806679,41.498843042963898],[-78.740760244830781,41.499041722999806],[-78.740766624845051,41.499203993029859],[-78.740698304841885,41.499445823078055],[-78.740445414791282,41.499828083160345],[-78.740393454783728,41.49994423318428],[-78.740377364787506,41.500060923206782],[-78.740375744787741,41.500070993208759],[-78.740347154791564,41.500240543241702],[-78.740349764812834,41.5005107832921],[-78.740416914844261,41.50064716331476],[-78.740552124905321,41.500893033354963],[-78.740862825030661,41.501259373410207],[-78.74104819510282,41.501443133436673],[-78.741326165211021,41.501718853476369],[-78.741485915278446,41.501947113512266],[-78.741682535355508,41.502149123541599],[-78.74201507549256,41.502579023607836],[-78.742061815513068,41.502656513620302],[-78.742230385587106,41.502934483665094],[-78.742455405689427,41.503353243733798],[-78.742667925789263,41.503789703806362],[-78.742846915873031,41.504153533866777],[-78.74311490599986,41.504717203960716],[-78.743283916076365,41.505026724011401],[-78.743576726209014,41.505563884099324],[-78.743644236239888,41.50569126412028],[-78.743926346366422,41.506192194201923],[-78.74442223659041,41.507093624349281],[-78.731447863364821,41.518366907011625],[-78.710479306766743,41.518284557891782],[-78.708085366316126,41.522280878741242],[-78.70176368513475,41.532944641004811],[-78.686005920195868,41.533159951717721],[-78.686101570251964,41.533504181778],[-78.686057610255062,41.533728481821804],[-78.685845630205819,41.533958351873849],[-78.685611620145437,41.53413375191662],[-78.685088579997213,41.534348431979062],[-78.684626669865537,41.534528232032407],[-78.684187059744318,41.534753612093319],[-78.684061829716342,41.534904192126781],[-78.68401948971659,41.535083452162134],[-78.684085919749151,41.53523790218815],[-78.684325239850651,41.535585002242811],[-78.684380259878225,41.535721202265968],[-78.684386189893033,41.535892462297724],[-78.684329909892995,41.536125482343692],[-78.684138689857036,41.53644589241172],[-78.68382736978387,41.536772852486131],[-78.683708249770049,41.537085702549689],[-78.683583469766717,41.537560472643754],[-78.683415809738889,41.537890402712598],[-78.683138469680557,41.53827202279578],[-78.682874069624262,41.538627042873436],[-78.682580279570217,41.539134432980816],[-78.68244982955143,41.539429043041494],[-78.682406499553423,41.539635363081864],[-78.68245710958918,41.53989751312875],[-78.682580819645281,41.540125223166008],[-78.682831819751144,41.540481503221898],[-78.682873979776758,41.540644483250539],[-78.682773019755743,41.54078653328142],[-78.682675209728913,41.54083858329534],[-78.682327569619702,41.540840653310561],[-78.682098679550123,41.54087202332618],[-78.68193937950727,41.540967863350872],[-78.681835009486704,41.541130303385685],[-78.68182511948477,41.54114577338904],[-78.681767849486448,41.541405763440039],[-78.681781249513165,41.5417032434951],[-78.681801289522781,41.541747293502482],[-78.681992419614645,41.542166853572738],[-78.682012559629129,41.542275363592125],[-78.682200359696694,41.54238720360506],[-78.682555649842982,41.542844703675378],[-78.682703079907313,41.543081853713389],[-78.682708569922653,41.543262103746898],[-78.68268950993162,41.543459883784678],[-78.682560139911203,41.543727433840189],[-78.682711979967351,41.543838543854463],[-78.682767989993209,41.543947773872496],[-78.682901850056638,41.544229703919441],[-78.682840090066406,41.544615733994249],[-78.682858880083245,41.544760204020456],[-78.683038320165807,41.54510604407745],[-78.683334090292703,41.545553384148441],[-78.683466600358429,41.545871274202149],[-78.683687580467776,41.546398084291162],[-78.683777930507915,41.546553074316336],[-78.683858570540181,41.546644774330005],[-78.684147860653411,41.546938744372568],[-78.684273180706654,41.547121424401375],[-78.684338630740967,41.547302844432501],[-78.684346450752329,41.547420164454095],[-78.684275250753615,41.547733914515746],[-78.684205400752674,41.548011704570627],[-78.684214210762264,41.548101964587147],[-78.684312110814361,41.548383174635504],[-78.68434870083523,41.548507144657108],[-78.68436551084487,41.548564324667076],[-78.684324430842778,41.548707624695609],[-78.684225090818842,41.548804714718038],[-78.683818110714782,41.549120714794462],[-78.68367023067691,41.549234884822077],[-78.683444580626727,41.549509524883071],[-78.683412570633649,41.549734004926378],[-78.683474510674316,41.550014494976118],[-78.683641100754912,41.550387135038662],[-78.683754460804352,41.550569535067886],[-78.683844540845087,41.550733425094663],[-78.683993870905937,41.55091664512252],[-78.684411631066581,41.551303305176944],[-78.684686631180085,41.551660115231897],[-78.684912821280207,41.552042915293782],[-78.684986721324663,41.552323665343103],[-78.685021151364197,41.552702595412384],[-78.684933231370479,41.5531511955],[-78.684783731360696,41.553643495598386],[-78.684652021344291,41.553974145665762],[-78.684453971320551,41.554483515769441],[-78.684321641305317,41.554832055840201],[-78.684291881308184,41.55499360587163],[-78.684338991350344,41.555354825937115],[-78.684490921431788,41.555799206013639],[-78.684681871544626,41.556496556135777],[-78.684759631582168,41.556669256164724],[-78.684859511630776,41.556896436202926],[-78.685078781717806,41.557135026238122],[-78.685169851756811,41.55727194625981],[-78.685285911826881,41.557715606337773],[-78.685408711884762,41.557970286380133],[-78.685614401970938,41.558253656424249],[-78.685929592088286,41.558494136455728],[-78.686328932231547,41.558727336482271],[-78.686631892345702,41.558976626515893],[-78.686874802440883,41.559224666551842],[-78.687043992516877,41.55952528660081],[-78.687221902602417,41.559916176666221],[-78.687357652662385,41.560144066702954],[-78.68762394276628,41.560410626741387],[-78.687691002797763,41.56054709676404],[-78.687803472848969,41.56075646679836],[-78.687987492923511,41.560976366831547],[-78.688186082997149,41.561124426850753],[-78.688468823096784,41.561265216864967],[-78.688621473151812,41.561358346875828],[-78.688851163245602,41.561642166919043],[-78.689023233316306,41.561861786952754],[-78.689303453420592,41.562074586980543],[-78.689574233516396,41.56221509699521],[-78.690329573779707,41.562554557026367],[-78.690528073850118,41.562659747037536],[-78.690788603942522,41.562797917052173],[-78.69089450398009,41.562854107058158],[-78.691125544071539,41.563101957094567],[-78.691491714224071,41.563595607171159],[-78.691747654321375,41.563816937201551],[-78.692049274437807,41.564102187241943],[-78.692374254563063,41.564405957284812],[-78.692723254695892,41.564710187326718],[-78.692966514790513,41.564949227360984],[-78.693160344872936,41.565232317405602],[-78.693280364936115,41.565568007463163],[-78.693354254980619,41.56584867751242],[-78.693402355021021,41.566182837572804],[-78.693446585068457,41.566625057653482],[-78.693405955091094,41.567092627742568],[-78.693417455121377,41.567444127807747],[-78.69349989517606,41.567824047875192],[-78.693607235236584,41.568177447936598],[-78.693760965315235,41.568576778004605],[-78.693865075381581,41.569020258082986],[-78.693987425465934,41.569626098190895],[-78.693951915479303,41.569949648252852],[-78.693865345483331,41.570362198333569],[-78.69361487545261,41.570996708462779],[-78.693440475437072,41.571515528567154],[-78.693164925375271,41.571843298640154],[-78.693032325360619,41.572200828712546],[-78.692950965380689,41.572802708828469],[-78.692850365384373,41.573269028919853],[-78.69265492535601,41.573706389009843],[-78.692548395344886,41.574001439069541],[-78.692467845337859,41.574243089118056],[-78.692496795362018,41.574441769153964],[-78.692584625406838,41.574668679192577],[-78.692592175418781,41.574794899215782],[-78.692523585415529,41.57503672926395],[-78.692444295406204,41.575242329305667],[-78.692350435397657,41.575519669361512],[-78.692419205426248,41.575611099375628],[-78.692608715490906,41.575677899380018],[-78.692954655603657,41.575729859374889],[-78.69337286573861,41.57577435936534],[-78.6936352858243,41.575815619361869],[-78.693977085944638,41.57598462937878],[-78.694187456022732,41.576141959399152],[-78.694526646147651,41.576382889429659],[-78.695011026315782,41.576590739447752],[-78.695224896387515,41.576649089449518],[-78.695477246465913,41.576636139436332],[-78.695645366518377,41.576630479428076],[-78.695812846572011,41.576642879423268],[-78.695907146605222,41.576689809427975],[-78.69593987662239,41.57678051944351],[-78.695958756639257,41.576924989469703],[-78.696028696665479,41.576980459477078],[-78.696147276705659,41.577018839479145],[-78.696289856753509,41.577057679480305],[-78.696410046790788,41.577051119473964],[-78.696520176820798,41.576990259457887],[-78.696652326861908,41.576983959451056],[-78.697009956979045,41.577045089447182],[-78.697294757075227,41.577131849451199],[-78.697506647150419,41.577244219463132],[-78.697621097198152,41.577399659487234],[-78.697686267233124,41.577590069520006],[-78.69776762726427,41.577663699530312],[-78.697886837303344,41.577684099529002],[-78.698223157408265,41.577672869512547],[-78.698522427503562,41.577687879502527],[-78.698748257579012,41.577746399503852],[-78.698995217667346,41.57788646951942],[-78.69942817782669,41.57819230955802],[-78.699484537852044,41.578292549574321],[-78.699553587880004,41.578374989586742],[-78.699672167920212,41.578413369588873],[-78.699947528007968,41.57842793957979],[-78.700125438068298,41.578485469582901],[-78.700373658154277,41.578589579591721],[-78.700335358151193,41.57870823961553],[-78.700333198151,41.578714809616876],[-78.700425888187169,41.578806779630078],[-78.700625468259133,41.578927869644133],[-78.700816318321486,41.578958709641753],[-78.701081078404471,41.578954929629738],[-78.701469808540324,41.57913382964648],[-78.701764408644394,41.5792838696619],[-78.701886218687321,41.579344919668095],[-78.702094608760362,41.579443539677641],[-78.702326998849543,41.57965533970723],[-78.702466978901953,41.579766279721959],[-78.70290343905495,41.579973139741917],[-78.703149409145027,41.580140169762565],[-78.703287219201528,41.580314039789165],[-78.703307989214906,41.580404479805125],[-78.703273199227169,41.580710049863669],[-78.7033176092487,41.58081001988046],[-78.703419109294472,41.580992149910102],[-78.70342791930409,41.581082409926616],[-78.703389079297963,41.581162689943234],[-78.703250819267893,41.581340069982268],[-78.703102569230609,41.58146314001155],[-78.703171879257994,41.581536590022317],[-78.703338109313933,41.581584950024229],[-78.703432139347782,41.581640870030675],[-78.703488509373088,41.58174111004697],[-78.70351592940024,41.581984830091301],[-78.70357094945382,41.582463280178274],[-78.703710919506236,41.582574120192973],[-78.703841819549709,41.582603790192927],[-78.704034559608573,41.582580600180314],[-78.704399019713463,41.582452760140917],[-78.704568389763622,41.582411140125863],[-78.704676269797687,41.58241329012165],[-78.704863619866515,41.582543110137905],[-78.704918099895309,41.582697290164333],[-78.704942009928871,41.583040080227306],[-78.705020139965839,41.583203690254528],[-78.705181600030556,41.583387090281825],[-78.705357890093794,41.583489670293474],[-78.705375150113582,41.583679180328097],[-78.705360320115048,41.58375991034378],[-78.705172250073403,41.583990320394861],[-78.705215400097245,41.584126340418422],[-78.705367060154103,41.58424644043437],[-78.705541110221404,41.584412040457835],[-78.705548660233376,41.58453826048104],[-78.705461280213243,41.584635530502972],[-78.705226820153484,41.584820010547425],[-78.704980040090533,41.585013290594055],[-78.704867040065736,41.585155060625333],[-78.704802040056123,41.585297910654809],[-78.704809860067471,41.585415140676353],[-78.704945700127482,41.585643040713066],[-78.705037490165395,41.58576198073132],[-78.705250730238248,41.585838300736455],[-78.705606820358355,41.585944480741098],[-78.705747160410198,41.58604633075408],[-78.70595869051192,41.586509860831534],[-78.706002560534685,41.586627810851681],[-78.706199630611351,41.586820910879297],[-78.706420060696743,41.587032450909355],[-78.706544570751802,41.587242090943192],[-78.70664391080166,41.587487250984687],[-78.706863990887598,41.587707771016461],[-78.707135930981778,41.587821321026006],[-78.707328051041813,41.587816101016827],[-78.707558731108605,41.58773969099267],[-78.70783311119807,41.587781130988674],[-78.707853611212073,41.587880651006373],[-78.707754541187569,41.587968751027084],[-78.707748511198631,41.588139741059209],[-78.708063881316093,41.588380231090625],[-78.708205201366255,41.588455111098561],[-78.708396691427481,41.588467881092754],[-78.70848219145104,41.588424551081033],[-78.708655781493633,41.588265871043959],[-78.708803401532094,41.588160781018061],[-78.708997491588647,41.588101630998693],[-78.709213251656834,41.588105940990268],[-78.709330301700021,41.588189281000815],[-78.709373451723877,41.588325211024333],[-78.709641541825036,41.588546721054229],[-78.70978574186995,41.588540611046895],[-78.709993941926172,41.588418701015243],[-78.710259332006615,41.588378880996451],[-78.710571012105191,41.588385170984289],[-78.710762502166347,41.588397940978503],[-78.711152402301906,41.588567850993549],[-78.711331572359924,41.588589420989912],[-78.71146183240451,41.588637070993222],[-78.711650172471522,41.588739831004354],[-78.711816762526965,41.588779201004535],[-78.712030002599832,41.588855531009663],[-78.712239742679103,41.589030831033448],[-78.712400842744344,41.589223131062425],[-78.712432752763348,41.58934090108302],[-78.712414052771791,41.589529601119061],[-78.712432662789283,41.589683151146914],[-78.712489392814092,41.589774311161506],[-78.712630712864183,41.589849191169449],[-78.712844312936525,41.589916441172846],[-78.713201673054229,41.589986651170697],[-78.713704573214571,41.590014611154345],[-78.714003033311641,41.590056591149462],[-78.714287303409037,41.590161321156806],[-78.714440223463527,41.590245471166],[-78.71472358356263,41.590377171178446],[-78.714995983660714,41.59054016119719],[-78.71506421368538,41.590582061202085],[-78.715178393733737,41.590746481227917],[-78.715305243784798,41.590893111249819],[-78.715529453863184,41.590996591259533],[-78.716052584038081,41.591133141262667],[-78.716537414205675,41.591331911279042],[-78.716713164270104,41.591452471293969],[-78.716725394299317,41.591785911355693],[-78.716888474361113,41.591924261374523],[-78.717043094412716,41.591963371375201],[-78.717212204463422,41.591930741361899],[-78.717381934512957,41.591880031345148],[-78.717526764556695,41.591855941334494],[-78.717646324595194,41.591867271331502],[-78.717751954633371,41.591932441339104],[-78.717820734661942,41.592023871353227],[-78.717653514633682,41.592344821420269],[-78.717684354654381,41.592489471445937],[-78.717775244694096,41.592635371469278],[-78.717959714768085,41.59284619150074],[-78.718264124880065,41.5930594315275],[-78.718536784973068,41.593154911533681],[-78.718784375060253,41.593276901545799],[-78.719076545168974,41.593498861574773],[-78.719321975260243,41.593683881598778],[-78.719536475330798,41.593724151597115],[-78.720094575509222,41.59376218158031],[-78.720252975563369,41.593819451584231],[-78.720369125608286,41.593929751599823],[-78.720400055627351,41.59405202162133],[-78.720386745626698,41.59409850163054],[-78.720373445626095,41.594146051640031],[-78.720275635599265,41.59419810165388],[-78.720067335533429,41.594193971662051],[-78.719951995497013,41.59419172166654],[-78.71979547544889,41.594206651676046],[-78.719720945430794,41.594277221692408],[-78.719728865442221,41.594394451713946],[-78.719876835506099,41.594622521750161],[-78.720050885575134,41.594810591777843],[-78.720211805639323,41.59498949180432],[-78.720502095751598,41.595265401843413],[-78.720854765878101,41.59547055186659],[-78.721151075979307,41.595575461873487],[-78.72141385606443,41.595607741868243],[-78.721798176184478,41.595597311849872],[-78.722304226338977,41.595535281816595],[-78.722544076414792,41.59554004180724],[-78.722973806554734,41.595602611800516],[-78.723353626682979,41.595718221805797],[-78.723825966847983,41.595934701825982],[-78.724142686963162,41.596139141850571],[-78.724200486986263,41.596203321860067],[-78.724206777000546,41.596365591890113],[-78.724153376995289,41.596517611920746],[-78.724150237001126,41.596607601937649],[-78.724313407062979,41.596745961956536],[-78.724609627164128,41.596850871963369],[-78.724798597230034,41.596935651971116],[-78.724949447288623,41.59708282199211],[-78.725125647358666,41.59727538202052],[-78.72528450742189,41.597449702046219],[-78.725354537448126,41.597505082053594],[-78.725399307469118,41.597596052068624],[-78.725419177484326,41.597713552089694],[-78.725389867486683,41.597866022119398],[-78.725445067514414,41.59800222214249],[-78.725596187572435,41.598140312161782],[-78.725756837638968,41.598350682194152],[-78.725954617714493,41.598525712218304],[-78.726138287790292,41.598763502254855],[-78.72623006782824,41.598882432273108],[-78.726323297868319,41.599023852295481],[-78.726355297882179,41.599074012303447],[-78.726493837937625,41.599229902326641],[-78.726793298058922,41.59958707238043],[-78.72689613810239,41.599733252403304],[-78.726990178136234,41.599789082409707],[-78.727250798225469,41.599884372416312],[-78.727343848261015,41.599967262427789],[-78.727316698259287,41.600056802445685],[-78.727196498221957,41.600063362452019],[-78.727108758202462,41.600169712475626],[-78.727256098267532,41.60041586251527],[-78.727470688364093,41.600798382577459],[-78.727532818404953,41.601078782627127],[-78.727526788442049,41.601592022723096],[-78.727446958459936,41.602157852832065],[-78.727453878473113,41.602302142858726],[-78.727709198572242,41.602550352894077],[-78.727948058675835,41.602924342953642],[-78.728091268748472,41.603287443015205],[-78.728152858790551,41.603585823068244],[-78.728255698834033,41.603732003091118],[-78.728405918893785,41.603897063115504],[-78.728672568997951,41.604163523153765],[-78.729052749151634,41.604612393221245],[-78.729146519186102,41.604677303229316],[-78.729407769274147,41.604754523232529],[-78.729585139335711,41.604830043238998],[-78.729665599368673,41.604930733254349],[-78.729680439393235,41.605192163302505],[-78.729795329440464,41.605338603324888],[-78.729837309466731,41.605510493355141],[-78.729933499522488,41.605845643413559],[-78.72998429958443,41.606450133524142],[-78.730061339623845,41.606649793558098],[-78.730177759668166,41.606751113572017],[-78.730295799709594,41.606807483577462],[-78.730451329759433,41.606819623573095],[-78.730587349793524,41.606705173545905],[-78.730805799857123,41.606637483523933],[-78.730899479891491,41.606702393532025],[-78.730956929915124,41.606775563543216],[-78.731044669960696,41.607011463583468],[-78.731220150051769,41.607483263663916],[-78.731479870168798,41.607947683739447],[-78.731708940264497,41.6082584637876],[-78.731821050317023,41.608485823825205],[-78.731900520351729,41.608613483845595],[-78.732122390434895,41.608788963868825],[-78.732354960524148,41.609000773898401],[-78.732420500552536,41.609102453914574],[-78.732463560583156,41.609327113954592],[-78.732482170626696,41.609822814046247],[-78.732535840657363,41.610004054077763],[-78.732638780700839,41.610150144100594],[-78.732870720791283,41.610379924133547],[-78.732926910817255,41.610489064151515],[-78.732975540857339,41.610814324210047],[-78.733078390900758,41.61096041423292],[-78.733195530944016,41.611043844243426],[-78.733326780986843,41.611064424241661],[-78.733423961014822,41.611030264231132],[-78.733556561055337,41.611014894222563],[-78.733724141108979,41.611027204217727],[-78.733986021195918,41.611086454217535],[-78.734269471295079,41.611218064229938],[-78.73444837135365,41.611248634227941],[-78.735010521534775,41.611304734214336],[-78.735247491615837,41.611390494220217],[-78.735375331665153,41.611510064237009],[-78.735715601815173,41.612075174327792],[-78.73584560186039,41.61213181433282],[-78.736040051916405,41.612063574311755],[-78.736183621962454,41.612075444307841],[-78.736361352023451,41.612141964312599],[-78.736534322093178,41.612343524342762],[-78.736739112181894,41.612662764393541],[-78.736781462207617,41.612825744422153],[-78.736788112221348,41.612978934450425],[-78.736698482205369,41.613139324484216],[-78.736754312231938,41.613257534503838],[-78.736919182286428,41.613292334503242],[-78.736956942298704,41.613297544502643],[-78.737026432326132,41.613370904513324],[-78.73713908237751,41.613580274547544],[-78.737254962423052,41.613699664564869],[-78.737254242440656,41.613933854608582],[-78.737254242448884,41.614041914628658],[-78.737254332458519,41.614168044652217],[-78.737388822513353,41.614332744677192],[-78.73746524255391,41.61455039471447],[-78.737570962592159,41.614615564722122],[-78.73768963263241,41.614653954724176],[-78.737844612683446,41.61468398472315],[-78.737970302736883,41.6148665647518],[-78.73802424276694,41.615038814781599],[-78.738081052791742,41.615129974796183],[-78.738077912797607,41.615219964813086],[-78.737982972791585,41.615533354875623],[-78.737935952800697,41.61584764493621],[-78.737967872819738,41.615965324956804],[-78.738095082870188,41.616102964977017],[-78.738225432914831,41.616150524980341],[-78.738500623003191,41.616173984972896],[-78.73865371305773,41.616258044982018],[-78.738748743089843,41.616286984983326],[-78.738880353132146,41.616298494979858],[-78.739046403188723,41.616355854983425],[-78.739306753278569,41.616460044991683],[-78.739570693361969,41.616465264981343],[-78.739798233434598,41.616478744974117],[-78.739915013478338,41.616571074986354],[-78.740104433569783,41.616989105056177],[-78.740168263607757,41.617224555097337],[-78.740245303647214,41.617424225131245],[-78.740533793763078,41.617754065180385],[-78.740823903876006,41.618038965221082],[-78.7412904840523,41.618426425273341],[-78.741601724178068,41.618792865328331],[-78.74181927426946,41.619094295375241],[-78.742051674359388,41.619315005406378],[-78.742309234454538,41.619500195429893],[-78.742481574525414,41.619719735463441],[-78.742626854594675,41.620028895514885],[-78.742733024658392,41.620427245584565],[-78.742823644698717,41.620582145609617],[-78.742905094729934,41.620655765619802],[-78.743129214808988,41.620768235631189],[-78.743271254858016,41.62082505563572],[-78.743419584921341,41.621044135670168],[-78.743530434976279,41.621307545714522],[-78.74352297499037,41.621523485755148],[-78.743579795015194,41.621614735769668],[-78.743649825041459,41.621670115777],[-78.743657465053431,41.621796335800219],[-78.743640115059605,41.62194916582947],[-78.743500945031442,41.622153595873527],[-78.743508855042819,41.622270825895058],[-78.743624745088383,41.622390125912325],[-78.743754465134145,41.622455745919048],[-78.744098245251777,41.622579625927393],[-78.744069925252404,41.622705125951974],[-78.74393327521949,41.622837555982528],[-78.743894085213981,41.622926826000835],[-78.743889675222206,41.623052866024523],[-78.743921945240587,41.623161556043449],[-78.744026775280588,41.623253696056139],[-78.744240195353555,41.623329936061197],[-78.744587385464698,41.6233547460509],[-78.744777075529399,41.623421546055226],[-78.745001555607942,41.623525016064896],[-78.745323855713238,41.623576356060681],[-78.745454565757314,41.623614916062266],[-78.745556245794944,41.623688996071706],[-78.745570175799998,41.623698256072842],[-78.745677155839289,41.623772426082098],[-78.745789895890738,41.62398179611629],[-78.745974905964289,41.624183536145935],[-78.746297916094505,41.624559136202159],[-78.746435286150628,41.624728506227804],[-78.746538306207157,41.625045676282546],[-78.746544426210491,41.625063836285634],[-78.746546676211736,41.625070486286766],[-78.746620656251395,41.625285976323774],[-78.746649786275711,41.625484746359582],[-78.746695996320511,41.625881926431646],[-78.746765216374627,41.626306616507847],[-78.746812596417044,41.626667746573169],[-78.746936836499543,41.627237616674066],[-78.747077086578145,41.627690716752483],[-78.74725714666117,41.62803646680922],[-78.747475336751407,41.628319926852711],[-78.747683456834309,41.628549166886529],[-78.747892746914857,41.628742456913599],[-78.748127027001289,41.628909126934623],[-78.748338917077191,41.629030406948111],[-78.748738617221377,41.629272416976093],[-78.749173367378717,41.629542117007723],[-78.749431387473294,41.6297183170295],[-78.74975457759372,41.629964917061635],[-78.749770487599662,41.629977057063172],[-78.74987656763733,41.6300332370691],[-78.749982017676146,41.630107317078391],[-78.750145637737489,41.630236597095475],[-78.7503195978055,41.630411177120578],[-78.750562147902741,41.630686097161401],[-78.750712817962096,41.630842157184006],[-78.750887048029469,41.631007667207435],[-78.751203758145365,41.631221087233598],[-78.751320008190362,41.631331397249205],[-78.751411608228949,41.631459327269077],[-78.751561028290553,41.631651347298508],[-78.751825058400129,41.631998727351913],[-78.752121278528065,41.632454877424223],[-78.752200938562837,41.63258253744457],[-78.752264138602044,41.632835967489164],[-78.75247009868913,41.633128227534755],[-78.75267883877089,41.633339407565174],[-78.75305363890925,41.633607937599123],[-78.753323609007666,41.633784317620425],[-78.753571819094347,41.633897237630826],[-78.753762229157928,41.633946047631767],[-78.753989229231749,41.633977517627912],[-78.754120209275271,41.634007087627779],[-78.75430971934064,41.634082787633723],[-78.754440069385282,41.634130437637012],[-78.754812349502231,41.634128637620762],[-78.755027929571099,41.634141937613968],[-78.755146689611337,41.634180237615979],[-78.755358849686687,41.634292437627835],[-78.755489929730132,41.634322007627688],[-78.755681859790826,41.634325787620156],[-78.755873799851486,41.634329557612659],[-78.756064479914514,41.634369297611862],[-78.756183239954822,41.634407597613929],[-78.756323120007963,41.634527427630246],[-78.756461480064047,41.634692307655015],[-78.756637050129171,41.634821767671639],[-78.756814510190722,41.6348972776781],[-78.757005280253793,41.634937017677295],[-78.757219330325583,41.63499526767896],[-78.757512410433279,41.635199167704414],[-78.757779590536984,41.635456547740915],[-78.757870930576132,41.635593377762468],[-78.757948600614426,41.635775067793027],[-78.75799229063783,41.635902007814792],[-78.758029600672998,41.636208917870405],[-78.758090370716943,41.636534357928412],[-78.758121390737728,41.636679097954044],[-78.758198790776632,41.63686977798627],[-78.758279070810204,41.63697936800326],[-78.758323580831828,41.637079338019994],[-78.758341380851206,41.637259768052843],[-78.758372030872565,41.637413488080206],[-78.758498070925455,41.637587088107118],[-78.758650000982414,41.637707108122974],[-78.758825941046922,41.637827658137908],[-78.758930131088107,41.637937788153941],[-78.759044841136031,41.638093138177972],[-78.759182571193307,41.638275898206103],[-78.759286491235088,41.638395018223861],[-78.759473491305187,41.638542818243366],[-78.759825001434862,41.638792828274866],[-78.759976661492374,41.638921838292433],[-78.760054961529534,41.639085538319534],[-78.760130571571935,41.639330158361858],[-78.760193851611177,41.639583588406403],[-78.760375811690707,41.639875318452937],[-78.760502841741825,41.640021938474803],[-78.77076843497079,41.640014388032739],[-78.770999575043504,41.640014568022885],[-78.804433565561638,41.64003209658992],[-78.816536359367177,41.640019516067326],[-78.830008333602095,41.639995415483419],[-78.830043754188978,41.647525626884317],[-78.830045464203678,41.647710276918623],[-78.830103444701109,41.653975498082687],[-78.830107314738513,41.654448378170592],[-78.830169075338787,41.662037639580753],[-78.830170065345982,41.662127719597471],[-78.830262476004066,41.67034341112263],[-78.830264546030236,41.670676671184538],[-78.830304106524977,41.676973002354508],[-78.816858652301306,41.677051572948024],[-78.816506432190707,41.677053912963594],[-78.802681507844554,41.677096613566469],[-78.768329627049013,41.677272195076256],[-78.749773821225787,41.67748669591338],[-78.749754851219862,41.677486875914184],[-78.737191047276255,41.677626846479754],[-78.725700023672985,41.677805297006152],[-78.725401833600657,41.678087587071538],[-78.72500150350912,41.678538977172721],[-78.724712653445266,41.678893537251142],[-78.724421653385548,41.679311127341407],[-78.72417613334575,41.679801617443282],[-78.724020603321279,41.680122747509742],[-78.72398995332604,41.680311267546124],[-78.723880903319767,41.680678417619156],[-78.723675393309776,41.681394827761359],[-78.723487053294193,41.681967487876108],[-78.723312913278306,41.682477407978475],[-78.723229753276101,41.682790978040416],[-78.723084383259021,41.683166398116576],[-78.7229101632431,41.683676308218985],[-78.722766053223651,41.684015688288355],[-78.722651343201804,41.684202588328034],[-78.722520173184378,41.684515168391876],[-78.722331833142732,41.684745668442844],[-78.722117243097557,41.68503856850662],[-78.721817333028113,41.685365888580428],[-78.721543322962773,41.685639638643167],[-78.72128324289767,41.685859628695283],[-78.721084832848661,41.686035828736607],[-78.720851002787143,41.686193328775957],[-78.720432242677376,41.686482268847669],[-78.720124432596478,41.686692278899983],[-78.719952272550998,41.686805998928534],[-78.719630162473834,41.687123799001533],[-78.719566962459012,41.687190059016615],[-78.719316052401339,41.687468839079251],[-78.719165282368067,41.68765492912037],[-78.719024052343357,41.68791338917454],[-78.7188562123157,41.688243229243135],[-78.718744552314064,41.688682309329664],[-78.718633252311932,41.689112479414518],[-78.718605922336266,41.689544179496039],[-78.718538142357502,41.690101289602701],[-78.718517192396263,41.690695259714118],[-78.718515222425935,41.691091539787976],[-78.718574822471624,41.69144393985102],[-78.718642962527568,41.691895689932217],[-78.718726662580892,41.69224854999424],[-78.718745542597901,41.69239302002034],[-78.718728822602898,41.692527780046184],[-78.718710752610249,41.692698590078741],[-78.718549112596975,41.693190700177254],[-78.718424512593359,41.693656560269325],[-78.718303142583864,41.694032430344485],[-78.718198772568712,41.69426456039217],[-78.71799523252912,41.694584690460466],[-78.717613612454471,41.695180550587793],[-78.717166632370891,41.695928250746107],[-78.71669555227966,41.696675400905399],[-78.716320042193928,41.697100271000586],[-78.716183482160375,41.697223611029429],[-78.715962242101355,41.69736332106492],[-78.715802302059018,41.697468231091314],[-78.715703952032754,41.697529361106902],[-78.714970101829479,41.697893011206098],[-78.713675541466699,41.698479701370836],[-78.712738421197059,41.698812331472965],[-78.712166931031419,41.698999051532219],[-78.711719410896706,41.699080231566533],[-78.711212550741877,41.699142171599846],[-78.710646180566826,41.699184961632106],[-78.710164580417214,41.699211391657705],[-78.70999584036521,41.699226051667644],[-78.709580500248933,41.699415921720856],[-78.70783410975902,41.700200651941806],[-78.706454139371942,41.700821592116625],[-78.706068019264947,41.701012002168589],[-78.705977129239614,41.701055242180558],[-78.705529879115659,41.701275952240834],[-78.705169379015047,41.701444422287665],[-78.705060058984529,41.701496202301968],[-78.704828748918288,41.701581702327822],[-78.704633668862741,41.701658832350496],[-78.704341668778596,41.701761052382096],[-78.703613388564719,41.701962692450877],[-78.702434708221361,41.702326432569151],[-78.701425137929434,41.702666432675741],[-78.7004756076565,41.703007692779963],[-78.699684667428258,41.703280092864624],[-78.699184917285933,41.703477242922716],[-78.698842847190107,41.703632502966336],[-78.698340847051909,41.703892673036279],[-78.697740846886816,41.704204893120128],[-78.697202796737216,41.70446425319146],[-78.696846796641069,41.704673273245646],[-78.696661156594047,41.704822683281421],[-78.696324746513753,41.705158193358301],[-78.695771496391671,41.705840533508983],[-78.695378636311361,41.706409063631654],[-78.695112896256219,41.70678205371248],[-78.694784576186734,41.707225803809138],[-78.69446821612101,41.70766972390534],[-78.694214256070254,41.708051893987353],[-78.694114286046855,41.708157974011364],[-78.694070866048946,41.708364294051627],[-78.694171546096641,41.708573494086203],[-78.694221446159929,41.709195874199928],[-78.694279606207914,41.70958433426965],[-78.694349016286964,41.710333284406069],[-78.69456162649054,41.712120764729548],[-78.694686496596873,41.712996934887244],[-78.69477127669937,41.713989345068228],[-78.694836006761193,41.714530985166213],[-78.694882296829519,41.715234455295132],[-78.694885626834733,41.715288575305024],[-78.694912416879021,41.715757405391138],[-78.694930666897164,41.715919945420573],[-78.69495799692443,41.716163665464755],[-78.694950266938449,41.716379605505288],[-78.694916556948471,41.716649125556842],[-78.694879066965512,41.717026705628705],[-78.694767856962685,41.717447705711827],[-78.694620596948454,41.717868075796318],[-78.694386056913459,41.718376725901045],[-78.694128396869104,41.718857966001636],[-78.693847106816605,41.719329586101438],[-78.693603386772523,41.719757056191384],[-78.693322356719392,41.720219766289546],[-78.692939466646393,41.720842506421796],[-78.692617896590093,41.721430456545008],[-78.692209306512424,41.722097696686639],[-78.691789736429257,41.722737776823749],[-78.691495676374032,41.723227196927361],[-78.69083041625025,41.724348607164508],[-78.690445826180238,41.725016387305253],[-78.690343876160327,41.725176497339419],[-78.689956766095023,41.725916197493632],[-78.689711706053274,41.726379627590312],[-78.689609756033363,41.726539647624449],[-78.689519586017937,41.726708937659843],[-78.689366665988146,41.726949057711074],[-78.689138855940826,41.7272687377803],[-78.688997985914838,41.72750904783107],[-78.688614655842443,41.728140767965009],[-78.688230325771755,41.728799558104022],[-78.687922965715146,41.729324758214879],[-78.687626295664629,41.729886178332016],[-78.687204655584893,41.730580208479239],[-78.686949165536376,41.730998338567971],[-78.686577515468386,41.731639318703103],[-78.686515485457704,41.731755198727321],[-78.686332715425991,41.732093678798108],[-78.686128195387482,41.732431878869818],[-78.676433382335063,41.73245048928932],[-78.676412612328633,41.732451929290491],[-78.67678992260997,41.734576049669379],[-78.677209753666261,41.746653071897065],[-78.644979873550895,41.747167663375485],[-78.645113013814992,41.750072603909963],[-78.64564927487929,41.761776146062786],[-78.645650174880998,41.761794216066114],[-78.664422920765048,41.761381665183876],[-78.664536280800576,41.761379145178523],[-78.669552612372783,41.761268384942603],[-78.673243183529223,41.761185594768733],[-78.673562964372366,41.77087393655534],[-78.673833564971318,41.777575627788814],[-78.673973715275025,41.780960268411576],[-78.673909705676877,41.78646187943621],[-78.67372136686042,41.802655842451273],[-78.673546517957718,41.817656915243234],[-78.673458498510399,41.825206716647934],[-78.673952329239668,41.832664918010309],[-78.673728109170369,41.832682898023272],[-78.673741599197157,41.832975878077086],[-78.673786999270419,41.833742368217315],[-78.674676290706387,41.848755760963378],[-78.667312128393974,41.848881081303603],[-78.665748677900623,41.848876311370034],[-78.653494224048629,41.849036341926976],[-78.64626401177614,41.849134962256237],[-78.645308381475743,41.849147992299798],[-78.64499112139697,41.84942515236483],[-78.645007841439721,41.849911872454349],[-78.645253001580841,41.850740932597553],[-78.645305501640422,41.851300472699045],[-78.645507961754845,41.851957552812188],[-78.645330761773877,41.852931073000349],[-78.645483231914355,41.854132053216503],[-78.64572893204803,41.854862043341335],[-78.645956382144391,41.855181903390836],[-78.646827242513254,41.856406613580454],[-78.647698012829821,41.856951313644025],[-78.647890662903379,41.857117363666497],[-78.648360033114159,41.857933023797528],[-78.648841903307144,41.858465233875485],[-78.649214713461006,41.858936753946878],[-78.649502573606696,41.859649574066644],[-78.649687323713408,41.86027932417543],[-78.650383413997162,41.861113144300099],[-78.651091824285871,41.861960724426702],[-78.652564124870082,41.863517344651953],[-78.65365694532224,41.864913134863649],[-78.655063705882966,41.866432355084697],[-78.656387386377091,41.867427545212195],[-78.657569936813005,41.868244285312699],[-78.659590887498652,41.868870885341799],[-78.659582167469878,41.868532955279555],[-78.65995129758447,41.868508955259216],[-78.659918307389063,41.866108084815664],[-78.659907787366649,41.865860224770159],[-78.660913047628028,41.865137704592961],[-78.661980608030547,41.865992554705443],[-78.665209368875537,41.863743624149578],[-78.666014419178566,41.86438137423314],[-78.666022878964057,41.861562643710293],[-78.670345180326606,41.861555813522905],[-78.671630210732502,41.861563903469076],[-78.671473510692834,41.861691293499419],[-78.671055660604168,41.862250203621052],[-78.670309400443983,41.863225793834026],[-78.669589210287938,41.864147814035896],[-78.669233110215302,41.8646629341467],[-78.66910716018721,41.864813524180079],[-78.668967910157619,41.864999794220559],[-78.668360190028238,41.865807004396352],[-78.668006429951461,41.866259114495399],[-78.667715419889106,41.866640464578609],[-78.667474939837888,41.866959884648153],[-78.667083699752069,41.867447234755346],[-78.665918679504259,41.868999625093203],[-78.664994869306597,41.870214715358195],[-78.66446202919532,41.870951355517668],[-78.664196019138757,41.87130627559489],[-78.664105849122649,41.871466485628474],[-78.664004979100426,41.871590545655827],[-78.66393916909135,41.871742295686758],[-78.663756499063339,41.872125895765734],[-78.663495429023598,41.87267896587943],[-78.663297378997626,41.873152195975678],[-78.663128718969872,41.873482036044066],[-78.663011848950887,41.873713806092042],[-78.662721028913509,41.874419336235299],[-78.662480638887331,41.875062936364913],[-78.662476678886719,41.875071566366692],[-78.66238920887362,41.875259186405252],[-78.662088938827779,41.87589252653553],[-78.661971078810524,41.876151346588571],[-78.661848908796088,41.876464026651746],[-78.668599770927912,41.87649773636727],[-78.67561305314004,41.87650034606559],[-78.689820217621048,41.876507805454715],[-78.709917823969207,41.876645704613701],[-78.743495664572919,41.876868123205703],[-78.743692725789657,41.891795295961174],[-78.743701715848971,41.892524926095817],[-78.743883227053161,41.90733918882988],[-78.743972137642999,41.914590980167901],[-78.743936268203015,41.921961791533015],[-78.743934288234129,41.922371551608869],[-78.743909478625042,41.92751356256101],[-78.74388969932437,41.93660937424395],[-78.749757021175142,41.936612073990602],[-78.752343451990981,41.936613063878916],[-78.760920184695976,41.936614053507917],[-78.762410995170157,41.936665653452941],[-78.762333054013169,41.922074070758043],[-78.769461496262622,41.922095740453564],[-78.780235919662516,41.922128819993354],[-78.780276920853282,41.937296032795878],[-78.78038983196214,41.951104675343174],[-78.780383722100595,41.952910315677094],[-78.780383362101176,41.952919305678726],[-78.780262622063262,41.952921465684391],[-78.774060150114707,41.95301954597128],[-78.773731930011607,41.95302467598642],[-78.769929608816454,41.95307699616081],[-78.769892119560907,41.962802917959493],[-78.766666498551857,41.96291133811927],[-78.766736719035805,41.968847699212844],[-78.77267848093237,41.969134219008318],[-78.776367432109723,41.96931032888093],[-78.780301193365148,41.969497948745094],[-78.78027620438084,41.982641961173407]],[[-79.016858378190349,41.844934455440544],[-79.016339318083595,41.845660505597422],[-79.016016407971861,41.845530075587362],[-79.016535478078637,41.844804025430449],[-79.016858378190349,41.844934455440544]]],[[[-79.122887842594551,41.470358351219552],[-79.122627232548027,41.470818681316771],[-79.123345532773783,41.47082590128705],[-79.123354392741433,41.470366691200958],[-79.122887842594551,41.470358351219552]]],[[[-79.069068074382812,41.841954712614061],[-79.067228903871069,41.842810922852628],[-79.065937033525557,41.843590713053182],[-79.068206384238138,41.843574892951288],[-79.069005864452379,41.843097432828102],[-79.070276954745651,41.841731852520105],[-79.070364614750872,41.841445072463216],[-79.069068074382812,41.841954712614061]]],[[[-79.066744963796566,41.843806923057947],[-79.066236583647253,41.843942493105175],[-79.063390352858875,41.845313023482795],[-79.063156522788518,41.845354193500633],[-79.062823262692746,41.845470163536639],[-79.062287092549695,41.84579884362082],[-79.062891762747384,41.845894583612107],[-79.064077723110046,41.845761443535807],[-79.067325724025309,41.844397663141883],[-79.068114234229412,41.843834523003345],[-79.066744963796566,41.843806923057947]]],[[[-79.038164935297246,41.850108645469561],[-79.038299875345146,41.850178505476592],[-79.038851055518251,41.8501744554518],[-79.038732025463773,41.849956265416637],[-79.038870595507873,41.84996280541182],[-79.039180015606362,41.849977405401035],[-79.039416005697092,41.850188575429783],[-79.040690166125984,41.850548075440734],[-79.042976476847599,41.850578015346613],[-79.043588697022415,41.850349765277755],[-79.04436328725869,41.850254915226479],[-79.044070957156208,41.850119775214154],[-79.043422656928854,41.849820065187011],[-79.042627036657166,41.849545335170873],[-79.041908286414966,41.849339465164107],[-79.039324715580491,41.849061225225256],[-79.038153975212325,41.849063745276744],[-79.038030265197094,41.849367875338416],[-79.038164935297246,41.850108645469561]]],[[[-79.080816027157056,41.830150569918004],[-79.079949126899805,41.83034771999229],[-79.078142136384301,41.831024490196306],[-79.077209956147144,41.831742880369902],[-79.076455605996699,41.832856110608731],[-79.076302505992601,41.833420870719877],[-79.076346826032264,41.833750350778899],[-79.077058836252192,41.833699290738416],[-79.078006926508053,41.833156740596678],[-79.078883716707338,41.832176200377027],[-79.079910556961039,41.831288260167973],[-79.081519227375637,41.830117219881195],[-79.080816027157056,41.830150569918004]]],[[[-79.049897068929354,41.84935375481853],[-79.049220528708986,41.849256854830109],[-79.0484353884532,41.849144384843548],[-79.046982147994811,41.849128644903949],[-79.044009437058818,41.849118585031711],[-79.043677126948154,41.849040575031715],[-79.043389026852267,41.848972935031767],[-79.043209546795467,41.848968385038788],[-79.042843606679554,41.84895909505299],[-79.04232481652619,41.849085395098982],[-79.044657247340709,41.850120335188763],[-79.045580097652632,41.85039722519975],[-79.046479347938515,41.850435075167503],[-79.048852618651722,41.850007064984887],[-79.049537558852577,41.849819644920373],[-79.05020090904712,41.849638124857869],[-79.050023108962492,41.849270334797623],[-79.049897068929354,41.84935375481853]]],[[[-79.481811222598978,41.568553553879262],[-79.485098143625606,41.568524783729721],[-79.485049233054085,41.561372612403098],[-79.475115909957765,41.561538562869501],[-79.475025829949772,41.561798552921772],[-79.481707742113315,41.562724612800842],[-79.481811222598978,41.568553553879262]]]]},"properties":{"adminforestid":"99091900010343","region":"09","forestnumber":"19","forestorgcode":"0919","gis_acres":740870.32299999997,"objectid":4140,"adminforestname":"Allegheny National Forest","commonname":"Allegheny National Forest","url":"https://www.fs.usda.gov/allegheny","admintype":"National Forest","cnid":71,"st_area(shape)":0.32406593769110148,"st_perimeter(shape)":4.0467888215607353}}]}